api-gateway-1  | 2026-09-23T08:28:40.754563944Z 08:28:40,752 |-WARN in ch.qos.logback.core.model.processor.ImplicitModelHandler - Ignoring unknown property [jmxConfigurator] in [ch.qos.logback.classic.LoggerContext]
api-gateway-1  | 2026-09-23T08:28:40.840916355Z 
api-gateway-1  | 2026-09-23T08:28:40.840958677Z   .   ____          _            __ _ _
api-gateway-1  | 2026-09-23T08:28:40.840964889Z  /\\ / ___'_ __ _ _(_)_ __  __ _ \ \ \ \
api-gateway-1  | 2026-09-23T08:28:40.840969559Z ( ( )\___ | '_ | '_| | '_ \/ _` | \ \ \ \
api-gateway-1  | 2026-09-23T08:28:40.840974057Z  \\/  ___)| |_)| | | | | || (_| |  ) ) ) )
api-gateway-1  | 2026-09-23T08:28:40.840978215Z   '  |____| .__|_| |_|_| |_\__, | / / / /
api-gateway-1  | 2026-09-23T08:28:40.840982454Z  =========|_|==============|___/=/_/_/_/
api-gateway-1  | 2026-09-23T08:28:40.840986291Z 
api-gateway-1  | 2026-09-23T08:28:40.841324351Z  :: Spring Boot ::                (v4.0.1)
api-gateway-1  | 2026-09-23T08:28:40.841339159Z 
api-gateway-1  | 2026-09-23T08:28:40.919433550Z 2026-09-23T08:28:40.914Z  INFO 1 --- [api-gateway] [           main] [                                                 ] o.s.s.p.api.ApiGatewayApplication        : Starting ApiGatewayApplication v4.0.1 using Java 17.0.20 with PID 1 (/application/BOOT-INF/classes started by root in /application)
api-gateway-1  | 2026-09-23T08:28:40.921596789Z 2026-09-23T08:28:40.920Z  INFO 1 --- [api-gateway] [           main] [                                                 ] o.s.s.p.api.ApiGatewayApplication        : The following 1 profile is active: "docker"
api-gateway-1  | 2026-09-23T08:28:40.974558242Z 2026-09-23T08:28:40.973Z  INFO 1 --- [api-gateway] [           main] [                                                 ] o.s.c.c.c.ConfigServerConfigDataLoader   : Fetching config from server at : http://localhost:8888/
api-gateway-1  | 2026-09-23T08:28:40.974925685Z 2026-09-23T08:28:40.974Z  INFO 1 --- [api-gateway] [           main] [                                                 ] o.s.c.c.c.ConfigServerConfigDataLoader   : Exception on Url - http://localhost:8888/:org.springframework.web.client.ResourceAccessException: I/O error on GET request for "http://localhost:8888/api-gateway/default": Connection refused. Will be trying the next url if available
api-gateway-1  | 2026-09-23T08:28:40.975419126Z 2026-09-23T08:28:40.975Z  WARN 1 --- [api-gateway] [           main] [                                                 ] o.s.c.c.c.ConfigServerConfigDataLoader   : Could not locate PropertySource ([ConfigServerConfigDataResource@3ee39da0 uris = array<String>['http://localhost:8888/'], optional = true, profiles = 'default']): I/O error on GET request for "http://localhost:8888/api-gateway/default": Connection refused
api-gateway-1  | 2026-09-23T08:28:40.976936740Z 2026-09-23T08:28:40.976Z  INFO 1 --- [api-gateway] [           main] [                                                 ] o.s.c.c.c.ConfigServerConfigDataLoader   : Fetching config from server at : http://config-server:8888
api-gateway-1  | 2026-09-23T08:28:40.977156478Z 2026-09-23T08:28:40.976Z  INFO 1 --- [api-gateway] [           main] [                                                 ] o.s.c.c.c.ConfigServerConfigDataLoader   : Located environment: name=api-gateway, profiles=[docker], label=null, version=323993ce2519c6d02df63e08bf4458d123d3b611, state=
api-gateway-1  | 2026-09-23T08:28:40.977721010Z 2026-09-23T08:28:40.977Z  INFO 1 --- [api-gateway] [           main] [                                                 ] o.s.c.c.c.ConfigServerConfigDataLoader   : Fetching config from server at : http://config-server:8888
api-gateway-1  | 2026-09-23T08:28:40.978173400Z 2026-09-23T08:28:40.977Z  INFO 1 --- [api-gateway] [           main] [                                                 ] o.s.c.c.c.ConfigServerConfigDataLoader   : Located environment: name=api-gateway, profiles=[default], label=null, version=323993ce2519c6d02df63e08bf4458d123d3b611, state=
api-gateway-1  | 2026-09-23T08:28:40.979994138Z 2026-09-23T08:28:40.979Z  INFO 1 --- [api-gateway] [           main] [                                                 ] o.s.c.c.c.ConfigServerConfigDataLoader   : Fetching config from server at : http://localhost:8888/
api-gateway-1  | 2026-09-23T08:28:40.980534695Z 2026-09-23T08:28:40.980Z  INFO 1 --- [api-gateway] [           main] [                                                 ] o.s.c.c.c.ConfigServerConfigDataLoader   : Exception on Url - http://localhost:8888/:org.springframework.web.client.ResourceAccessException: I/O error on GET request for "http://localhost:8888/api-gateway/docker": Connection refused. Will be trying the next url if available
api-gateway-1  | 2026-09-23T08:28:40.980859249Z 2026-09-23T08:28:40.980Z  WARN 1 --- [api-gateway] [           main] [                                                 ] o.s.c.c.c.ConfigServerConfigDataLoader   : Could not locate PropertySource ([ConfigServerConfigDataResource@25c5e994 uris = array<String>['http://localhost:8888/'], optional = true, profiles = 'docker']): I/O error on GET request for "http://localhost:8888/api-gateway/docker": Connection refused
api-gateway-1  | 2026-09-23T08:28:40.981196606Z 2026-09-23T08:28:40.980Z  INFO 1 --- [api-gateway] [           main] [                                                 ] o.s.c.c.c.ConfigServerConfigDataLoader   : Fetching config from server at : http://localhost:8888/
api-gateway-1  | 2026-09-23T08:28:40.981467824Z 2026-09-23T08:28:40.981Z  INFO 1 --- [api-gateway] [           main] [                                                 ] o.s.c.c.c.ConfigServerConfigDataLoader   : Exception on Url - http://localhost:8888/:org.springframework.web.client.ResourceAccessException: I/O error on GET request for "http://localhost:8888/api-gateway/default": Connection refused. Will be trying the next url if available
api-gateway-1  | 2026-09-23T08:28:40.981785172Z 2026-09-23T08:28:40.981Z  WARN 1 --- [api-gateway] [           main] [                                                 ] o.s.c.c.c.ConfigServerConfigDataLoader   : Could not locate PropertySource ([ConfigServerConfigDataResource@378bd86d uris = array<String>['http://localhost:8888/'], optional = true, profiles = 'default']): I/O error on GET request for "http://localhost:8888/api-gateway/default": Connection refused
api-gateway-1  | 2026-09-23T08:28:43.057341233Z 2026-09-23T08:28:43.056Z  INFO 1 --- [api-gateway] [           main] [                                                 ] o.s.cloud.context.scope.GenericScope     : BeanFactory id=4e6f2acc-c6f8-3291-a3f9-5cf9a8a06056
api-gateway-1  | 2026-09-23T08:28:44.399940923Z 2026-09-23T08:28:44.399Z  INFO 1 --- [api-gateway] [           main] [                                                 ] o.s.c.g.r.RouteDefinitionRouteLocator    : Loaded RoutePredicateFactory [After]
api-gateway-1  | 2026-09-23T08:28:44.400366494Z 2026-09-23T08:28:44.399Z  INFO 1 --- [api-gateway] [           main] [                                                 ] o.s.c.g.r.RouteDefinitionRouteLocator    : Loaded RoutePredicateFactory [Before]
api-gateway-1  | 2026-09-23T08:28:44.400657134Z 2026-09-23T08:28:44.400Z  INFO 1 --- [api-gateway] [           main] [                                                 ] o.s.c.g.r.RouteDefinitionRouteLocator    : Loaded RoutePredicateFactory [Between]
api-gateway-1  | 2026-09-23T08:28:44.400757515Z 2026-09-23T08:28:44.400Z  INFO 1 --- [api-gateway] [           main] [                                                 ] o.s.c.g.r.RouteDefinitionRouteLocator    : Loaded RoutePredicateFactory [Cookie]
api-gateway-1  | 2026-09-23T08:28:44.400977414Z 2026-09-23T08:28:44.400Z  INFO 1 --- [api-gateway] [           main] [                                                 ] o.s.c.g.r.RouteDefinitionRouteLocator    : Loaded RoutePredicateFactory [Header]
api-gateway-1  | 2026-09-23T08:28:44.401452615Z 2026-09-23T08:28:44.401Z  INFO 1 --- [api-gateway] [           main] [                                                 ] o.s.c.g.r.RouteDefinitionRouteLocator    : Loaded RoutePredicateFactory [Host]
api-gateway-1  | 2026-09-23T08:28:44.401669605Z 2026-09-23T08:28:44.401Z  INFO 1 --- [api-gateway] [           main] [                                                 ] o.s.c.g.r.RouteDefinitionRouteLocator    : Loaded RoutePredicateFactory [Method]
api-gateway-1  | 2026-09-23T08:28:44.401827199Z 2026-09-23T08:28:44.401Z  INFO 1 --- [api-gateway] [           main] [                                                 ] o.s.c.g.r.RouteDefinitionRouteLocator    : Loaded RoutePredicateFactory [Path]
api-gateway-1  | 2026-09-23T08:28:44.402200548Z 2026-09-23T08:28:44.401Z  INFO 1 --- [api-gateway] [           main] [                                                 ] o.s.c.g.r.RouteDefinitionRouteLocator    : Loaded RoutePredicateFactory [Query]
api-gateway-1  | 2026-09-23T08:28:44.402898503Z 2026-09-23T08:28:44.402Z  INFO 1 --- [api-gateway] [           main] [                                                 ] o.s.c.g.r.RouteDefinitionRouteLocator    : Loaded RoutePredicateFactory [ReadBody]
api-gateway-1  | 2026-09-23T08:28:44.403233960Z 2026-09-23T08:28:44.402Z  INFO 1 --- [api-gateway] [           main] [                                                 ] o.s.c.g.r.RouteDefinitionRouteLocator    : Loaded RoutePredicateFactory [RemoteAddr]
api-gateway-1  | 2026-09-23T08:28:44.403769435Z 2026-09-23T08:28:44.403Z  INFO 1 --- [api-gateway] [           main] [                                                 ] o.s.c.g.r.RouteDefinitionRouteLocator    : Loaded RoutePredicateFactory [Version]
api-gateway-1  | 2026-09-23T08:28:44.404211369Z 2026-09-23T08:28:44.403Z  INFO 1 --- [api-gateway] [           main] [                                                 ] o.s.c.g.r.RouteDefinitionRouteLocator    : Loaded RoutePredicateFactory [XForwardedRemoteAddr]
api-gateway-1  | 2026-09-23T08:28:44.404443760Z 2026-09-23T08:28:44.404Z  INFO 1 --- [api-gateway] [           main] [                                                 ] o.s.c.g.r.RouteDefinitionRouteLocator    : Loaded RoutePredicateFactory [Weight]
api-gateway-1  | 2026-09-23T08:28:44.404871645Z 2026-09-23T08:28:44.404Z  INFO 1 --- [api-gateway] [           main] [                                                 ] o.s.c.g.r.RouteDefinitionRouteLocator    : Loaded RoutePredicateFactory [CloudFoundryRouteService]
api-gateway-1  | 2026-09-23T08:28:45.012114444Z 2026-09-23T08:28:45.011Z  INFO 1 --- [api-gateway] [           main] [                                                 ] o.s.b.a.e.web.EndpointLinksResolver      : Exposing 31 endpoints beneath base path '/actuator'
api-gateway-1  | 2026-09-23T08:28:45.469387935Z 2026-09-23T08:28:45.468Z  INFO 1 --- [api-gateway] [           main] [                                                 ] DiscoveryClientOptionalArgsConfiguration : Eureka HTTP Client uses RestClient.
api-gateway-1  | 2026-09-23T08:28:45.651735017Z 2026-09-23T08:28:45.650Z  INFO 1 --- [api-gateway] [           main] [                                                 ] o.s.c.n.eureka.InstanceInfoFactory       : Setting initial instance status as: STARTING
api-gateway-1  | 2026-09-23T08:28:45.677118720Z 2026-09-23T08:28:45.676Z  INFO 1 --- [api-gateway] [           main] [                                                 ] com.netflix.discovery.DiscoveryClient    : Initializing Eureka in region us-east-1
api-gateway-1  | 2026-09-23T08:28:45.680826561Z 2026-09-23T08:28:45.680Z  INFO 1 --- [api-gateway] [           main] [                                                 ] c.n.d.s.r.aws.ConfigClusterResolver      : Resolving eureka endpoints via configuration
api-gateway-1  | 2026-09-23T08:28:45.691029139Z 2026-09-23T08:28:45.690Z  INFO 1 --- [api-gateway] [           main] [                                                 ] com.netflix.discovery.DiscoveryClient    : Disable delta property : false
api-gateway-1  | 2026-09-23T08:28:45.691913696Z 2026-09-23T08:28:45.691Z  INFO 1 --- [api-gateway] [           main] [                                                 ] com.netflix.discovery.DiscoveryClient    : Single vip registry refresh property : null
api-gateway-1  | 2026-09-23T08:28:45.692157676Z 2026-09-23T08:28:45.691Z  INFO 1 --- [api-gateway] [           main] [                                                 ] com.netflix.discovery.DiscoveryClient    : Force full registry fetch : false
api-gateway-1  | 2026-09-23T08:28:45.692380499Z 2026-09-23T08:28:45.692Z  INFO 1 --- [api-gateway] [           main] [                                                 ] com.netflix.discovery.DiscoveryClient    : Application is null : false
api-gateway-1  | 2026-09-23T08:28:45.692575028Z 2026-09-23T08:28:45.692Z  INFO 1 --- [api-gateway] [           main] [                                                 ] com.netflix.discovery.DiscoveryClient    : Registered Applications size is zero : true
api-gateway-1  | 2026-09-23T08:28:45.692755548Z 2026-09-23T08:28:45.692Z  INFO 1 --- [api-gateway] [           main] [                                                 ] com.netflix.discovery.DiscoveryClient    : Application version is -1: true
api-gateway-1  | 2026-09-23T08:28:45.693404937Z 2026-09-23T08:28:45.692Z  INFO 1 --- [api-gateway] [           main] [                                                 ] com.netflix.discovery.DiscoveryClient    : Getting all instance registry info from the eureka server
api-gateway-1  | 2026-09-23T08:28:45.996016587Z 2026-09-23T08:28:45.995Z  INFO 1 --- [api-gateway] [           main] [                                                 ] com.netflix.discovery.DiscoveryClient    : The response status is 200
api-gateway-1  | 2026-09-23T08:28:45.998788065Z 2026-09-23T08:28:45.998Z  INFO 1 --- [api-gateway] [           main] [                                                 ] com.netflix.discovery.DiscoveryClient    : Starting heartbeat executor: renew interval is: 30
api-gateway-1  | 2026-09-23T08:28:46.001086285Z 2026-09-23T08:28:46.000Z  INFO 1 --- [api-gateway] [           main] [                                                 ] c.n.discovery.InstanceInfoReplicator     : InstanceInfoReplicator onDemand update allowed rate per min is 4
api-gateway-1  | 2026-09-23T08:28:46.003187367Z 2026-09-23T08:28:46.002Z  INFO 1 --- [api-gateway] [           main] [                                                 ] com.netflix.discovery.DiscoveryClient    : Discovery Client initialized at timestamp 1790152126002 with initial instances count: 0
api-gateway-1  | 2026-09-23T08:28:46.007301234Z 2026-09-23T08:28:46.006Z  INFO 1 --- [api-gateway] [           main] [                                                 ] o.s.c.n.e.s.EurekaServiceRegistry        : Registering application API-GATEWAY with eureka with status UP
api-gateway-1  | 2026-09-23T08:28:46.008090506Z 2026-09-23T08:28:46.007Z  INFO 1 --- [api-gateway] [           main] [                                                 ] com.netflix.discovery.DiscoveryClient    : Saw local status change event StatusChangeEvent [timestamp=1790152126007, current=UP, previous=STARTING]
api-gateway-1  | 2026-09-23T08:28:46.010615381Z 2026-09-23T08:28:46.009Z  INFO 1 --- [api-gateway] [foReplicator-%d] [                                                 ] com.netflix.discovery.DiscoveryClient    : DiscoveryClient_API-GATEWAY/edb788bc321e:api-gateway:8080: registering service...
api-gateway-1  | 2026-09-23T08:28:46.067331502Z 2026-09-23T08:28:46.066Z  INFO 1 --- [api-gateway] [foReplicator-%d] [                                                 ] com.netflix.discovery.DiscoveryClient    : DiscoveryClient_API-GATEWAY/edb788bc321e:api-gateway:8080 - registration status: 204
api-gateway-1  | 2026-09-23T08:28:46.250376602Z 2026-09-23T08:28:46.249Z  INFO 1 --- [api-gateway] [           main] [                                                 ] o.s.boot.reactor.netty.NettyWebServer    : Netty started on port 8080 (http)
api-gateway-1  | 2026-09-23T08:28:46.252343828Z 2026-09-23T08:28:46.251Z  INFO 1 --- [api-gateway] [           main] [                                                 ] .s.c.n.e.s.EurekaAutoServiceRegistration : Updating port to 8080
api-gateway-1  | 2026-09-23T08:28:46.293967074Z 2026-09-23T08:28:46.292Z  INFO 1 --- [api-gateway] [           main] [                                                 ] o.s.s.p.api.ApiGatewayApplication        : Started ApiGatewayApplication in 8.824 seconds (process running for 9.634)
api-gateway-1  | 2026-09-23T08:28:49.359178886Z 2026-09-23T08:28:49.358Z  WARN 1 --- [api-gateway] [or-http-epoll-2] [6ab38dc14a6535a0892e82aed3f55f6f-892e82aed3f55f6f] i.m.o.c.ObservationThreadLocalAccessor   : Observation <{name=http.server.requests(null), error=null, context=name='http.server.requests', contextualName='null', error='null', lowCardinalityKeyValues=[exception='none', method='GET', outcome='SUCCESS', status='200', uri='UNKNOWN'], highCardinalityKeyValues=[http.url='/api/gateway/owners/6'], map=[class io.micrometer.tracing.handler.TracingObservationHandler$TracingContext='TracingContext{span=6ab38dc14a6535a0892e82aed3f55f6f/892e82aed3f55f6f}', class io.micrometer.core.instrument.LongTaskTimer$Sample='SampleImpl{duration(seconds)=0.125729037, duration(nanos)=1.25729037E8, startTimeNanos=1608567792831}', class io.micrometer.core.instrument.Timer$Sample='io.micrometer.core.instrument.Timer$Sample@4d460e6d'], parentObservation=null}> to which we're restoring is not the same as the one set as this scope's parent observation <null>. Most likely a manually created Observation has a scope opened that was never closed. This may lead to thread polluting and memory leaks.
api-gateway-1  | 2026-09-23T08:28:49.484471381Z 2026-09-23T08:28:49.483Z  WARN 1 --- [api-gateway] [or-http-epoll-2] [                                                 ] o.s.c.l.core.RoundRobinLoadBalancer      : No servers available for service: customers-service
api-gateway-1  | 2026-09-23T08:28:49.485550109Z 2026-09-23T08:28:49.485Z  WARN 1 --- [api-gateway] [or-http-epoll-2] [                                                 ] eactorLoadBalancerExchangeFilterFunction : LoadBalancer does not contain an instance for the service customers-service
api-gateway-1  | 2026-09-23T08:28:49.553773335Z 2026-09-23T08:28:49.544Z ERROR 1 --- [api-gateway] [or-http-epoll-2] [6ab38dc14a6535a0892e82aed3f55f6f-892e82aed3f55f6f] b.w.a.e.AbstractErrorWebExceptionHandler : [afe35a72-1]  500 Server Error for HTTP GET "/api/gateway/owners/6"
api-gateway-1  | 2026-09-23T08:28:49.553820961Z 
api-gateway-1  | 2026-09-23T08:28:49.553825630Z org.springframework.web.reactive.function.client.WebClientResponseException$ServiceUnavailable: 503 Service Unavailable from UNKNOWN 
api-gateway-1  | 2026-09-23T08:28:49.553829758Z 	at org.springframework.web.reactive.function.client.WebClientResponseException.create(WebClientResponseException.java:322)
api-gateway-1  | 2026-09-23T08:28:49.553852444Z 	Suppressed: The stacktrace has been enhanced by Reactor, refer to additional information below: 
api-gateway-1  | 2026-09-23T08:28:49.553856742Z Error has been observed at the following site(s):
api-gateway-1  | 2026-09-23T08:28:49.553860560Z 	*__checkpoint ⇢ 503 SERVICE_UNAVAILABLE from GET http://customers-service/owners/6 [DefaultWebClient]
api-gateway-1  | 2026-09-23T08:28:49.553865289Z 	*__checkpoint ⇢ Handler org.springframework.samples.petclinic.api.boundary.web.ApiGatewayController#getOwnerDetails(int) [DispatcherHandler]
api-gateway-1  | 2026-09-23T08:28:49.553869738Z 	*__checkpoint ⇢ org.springframework.cloud.gateway.filter.WeightCalculatorWebFilter@7abcc0da
api-gateway-1  | 2026-09-23T08:28:49.553874117Z 	*__checkpoint ⇢ HTTP GET "/api/gateway/owners/6" [ExceptionHandlingWebHandler]
api-gateway-1  | 2026-09-23T08:28:49.553878035Z Original Stack Trace:
api-gateway-1  | 2026-09-23T08:28:49.553881722Z 		at org.springframework.web.reactive.function.client.WebClientResponseException.create(WebClientResponseException.java:322)
api-gateway-1  | 2026-09-23T08:28:49.553885620Z 		at org.springframework.web.reactive.function.client.DefaultClientResponse.lambda$createException$1(DefaultClientResponse.java:214)
api-gateway-1  | 2026-09-23T08:28:49.553889417Z 		at reactor.core.publisher.FluxMap$MapSubscriber.onNext(FluxMap.java:106)
api-gateway-1  | 2026-09-23T08:28:49.553893105Z 		at reactor.core.publisher.FluxOnErrorReturn$ReturnSubscriber.onNext(FluxOnErrorReturn.java:159)
api-gateway-1  | 2026-09-23T08:28:49.553896832Z 		at reactor.core.publisher.FluxDefaultIfEmpty$DefaultIfEmptySubscriber.onNext(FluxDefaultIfEmpty.java:123)
api-gateway-1  | 2026-09-23T08:28:49.553900690Z 		at reactor.core.publisher.FluxMapFuseable$MapFuseableSubscriber.onNext(FluxMapFuseable.java:130)
api-gateway-1  | 2026-09-23T08:28:49.553904608Z 		at reactor.core.publisher.FluxContextWrite$ContextWriteSubscriber.onNext(FluxContextWrite.java:109)
api-gateway-1  | 2026-09-23T08:28:49.553908956Z 		at reactor.core.publisher.FluxMapFuseable$MapFuseableConditionalSubscriber.onNext(FluxMapFuseable.java:300)
api-gateway-1  | 2026-09-23T08:28:49.553914488Z 		at reactor.core.publisher.FluxFilterFuseable$FilterFuseableConditionalSubscriber.onNext(FluxFilterFuseable.java:338)
api-gateway-1  | 2026-09-23T08:28:49.553918666Z 		at reactor.core.publisher.Operators$BaseFluxToMonoOperator.completePossiblyEmpty(Operators.java:2093)
api-gateway-1  | 2026-09-23T08:28:49.553922784Z 		at reactor.core.publisher.MonoCollect$CollectSubscriber.onComplete(MonoCollect.java:144)
api-gateway-1  | 2026-09-23T08:28:49.553926702Z 		at reactor.core.publisher.FluxMapFuseable$MapFuseableSubscriber.onComplete(FluxMapFuseable.java:153)
api-gateway-1  | 2026-09-23T08:28:49.553931051Z 		at reactor.core.publisher.Operators$ScalarSubscription.request(Operators.java:2567)
api-gateway-1  | 2026-09-23T08:28:49.553934938Z 		at reactor.core.publisher.FluxMapFuseable$MapFuseableSubscriber.request(FluxMapFuseable.java:172)
api-gateway-1  | 2026-09-23T08:28:49.553939027Z 		at reactor.core.publisher.Operators$BaseFluxToMonoOperator.request(Operators.java:2063)
api-gateway-1  | 2026-09-23T08:28:49.553943315Z 		at reactor.core.publisher.FluxFilterFuseable$FilterFuseableConditionalSubscriber.request(FluxFilterFuseable.java:411)
api-gateway-1  | 2026-09-23T08:28:49.553955199Z 		at reactor.core.publisher.FluxMapFuseable$MapFuseableConditionalSubscriber.request(FluxMapFuseable.java:361)
api-gateway-1  | 2026-09-23T08:28:49.553959377Z 		at reactor.core.publisher.FluxContextWrite$ContextWriteSubscriber.request(FluxContextWrite.java:138)
api-gateway-1  | 2026-09-23T08:28:49.553963586Z 		at reactor.core.publisher.FluxMapFuseable$MapFuseableSubscriber.request(FluxMapFuseable.java:172)
api-gateway-1  | 2026-09-23T08:28:49.553967534Z 		at reactor.core.publisher.FluxDefaultIfEmpty$DefaultIfEmptySubscriber.request(FluxDefaultIfEmpty.java:99)
api-gateway-1  | 2026-09-23T08:28:49.553971521Z 		at reactor.core.publisher.FluxOnErrorReturn$ReturnSubscriber.request(FluxOnErrorReturn.java:150)
api-gateway-1  | 2026-09-23T08:28:49.553975550Z 		at reactor.core.publisher.FluxMap$MapSubscriber.request(FluxMap.java:163)
api-gateway-1  | 2026-09-23T08:28:49.553979267Z 		at reactor.core.publisher.MonoFlatMap$FlatMapMain.request(MonoFlatMap.java:195)
api-gateway-1  | 2026-09-23T08:28:49.553983125Z 		at reactor.core.publisher.Operators$MultiSubscriptionSubscriber.set(Operators.java:2361)
api-gateway-1  | 2026-09-23T08:28:49.553986992Z 		at reactor.core.publisher.FluxOnErrorResume$ResumeSubscriber.onSubscribe(FluxOnErrorResume.java:75)
api-gateway-1  | 2026-09-23T08:28:49.553991030Z 		at reactor.core.publisher.MonoFlatMap$FlatMapMain.onSubscribe(MonoFlatMap.java:118)
api-gateway-1  | 2026-09-23T08:28:49.553995129Z 		at reactor.core.publisher.FluxMap$MapSubscriber.onSubscribe(FluxMap.java:92)
api-gateway-1  | 2026-09-23T08:28:49.553998926Z 		at reactor.core.publisher.FluxOnErrorReturn$ReturnSubscriber.onSubscribe(FluxOnErrorReturn.java:92)
api-gateway-1  | 2026-09-23T08:28:49.554002974Z 		at reactor.core.publisher.Operators$BaseFluxToMonoOperator.onSubscribe(Operators.java:2047)
api-gateway-1  | 2026-09-23T08:28:49.554006832Z 		at reactor.core.publisher.FluxMapFuseable$MapFuseableSubscriber.onSubscribe(FluxMapFuseable.java:96)
api-gateway-1  | 2026-09-23T08:28:49.554011531Z 		at reactor.core.publisher.FluxContextWrite$ContextWriteSubscriber.onSubscribe(FluxContextWrite.java:103)
api-gateway-1  | 2026-09-23T08:28:49.554015580Z 		at reactor.core.publisher.FluxMapFuseable$MapFuseableConditionalSubscriber.onSubscribe(FluxMapFuseable.java:265)
api-gateway-1  | 2026-09-23T08:28:49.554019527Z 		at reactor.core.publisher.FluxFilterFuseable$FilterFuseableConditionalSubscriber.onSubscribe(FluxFilterFuseable.java:305)
api-gateway-1  | 2026-09-23T08:28:49.554023676Z 		at reactor.core.publisher.Operators$BaseFluxToMonoOperator.onSubscribe(Operators.java:2047)
api-gateway-1  | 2026-09-23T08:28:49.554027774Z 		at reactor.core.publisher.FluxMapFuseable$MapFuseableSubscriber.onSubscribe(FluxMapFuseable.java:96)
api-gateway-1  | 2026-09-23T08:28:49.554031752Z 		at reactor.core.publisher.FluxJust.subscribe(FluxJust.java:69)
api-gateway-1  | 2026-09-23T08:28:49.554035730Z 		at reactor.core.publisher.InternalMonoOperator.subscribe(InternalMonoOperator.java:75)
api-gateway-1  | 2026-09-23T08:28:49.554039788Z 		at reactor.core.publisher.MonoFlatMap$FlatMapMain.onNext(MonoFlatMap.java:166)
api-gateway-1  | 2026-09-23T08:28:49.554043706Z 		at reactor.core.publisher.MonoContextWriteRestoringThreadLocals$ContextWriteRestoringThreadLocalsSubscriber.onNext(MonoContextWriteRestoringThreadLocals.java:111)
api-gateway-1  | 2026-09-23T08:28:49.554055469Z 		at reactor.core.publisher.FluxDoFinally$DoFinallySubscriber.onNext(FluxDoFinally.java:113)
api-gateway-1  | 2026-09-23T08:28:49.554059838Z 		at reactor.core.publisher.MonoPeekTerminal$MonoTerminalPeekSubscriber.onNext(MonoPeekTerminal.java:184)
api-gateway-1  | 2026-09-23T08:28:49.554064016Z 		at reactor.core.publisher.FluxPeekFuseable$PeekConditionalSubscriber.onNext(FluxPeekFuseable.java:850)
api-gateway-1  | 2026-09-23T08:28:49.554068195Z 		at reactor.core.publisher.FluxSwitchIfEmpty$SwitchIfEmptySubscriber.onNext(FluxSwitchIfEmpty.java:75)
api-gateway-1  | 2026-09-23T08:28:49.554072313Z 		at reactor.core.publisher.MonoFlatMap$FlatMapMain.onNext(MonoFlatMap.java:159)
api-gateway-1  | 2026-09-23T08:28:49.554076481Z 		at reactor.core.publisher.FluxMap$MapSubscriber.onNext(FluxMap.java:122)
api-gateway-1  | 2026-09-23T08:28:49.554080599Z 		at reactor.core.publisher.MonoNext$NextSubscriber.onNext(MonoNext.java:83)
api-gateway-1  | 2026-09-23T08:28:49.554084648Z 		at reactor.core.publisher.FluxDematerialize$DematerializeSubscriber.onNext(FluxDematerialize.java:102)
api-gateway-1  | 2026-09-23T08:28:49.554088746Z 		at reactor.core.publisher.FluxDematerialize$DematerializeSubscriber.onNext(FluxDematerialize.java:44)
api-gateway-1  | 2026-09-23T08:28:49.554092784Z 		at reactor.core.publisher.FluxFlattenIterable$FlattenIterableSubscriber.drainAsync(FluxFlattenIterable.java:455)
api-gateway-1  | 2026-09-23T08:28:49.554096922Z 		at reactor.core.publisher.FluxFlattenIterable$FlattenIterableSubscriber.drain(FluxFlattenIterable.java:726)
api-gateway-1  | 2026-09-23T08:28:49.554101712Z 		at reactor.core.publisher.FluxFlattenIterable$FlattenIterableSubscriber.onNext(FluxFlattenIterable.java:258)
api-gateway-1  | 2026-09-23T08:28:49.554105840Z 		at reactor.core.publisher.FluxSwitchIfEmpty$SwitchIfEmptySubscriber.onNext(FluxSwitchIfEmpty.java:75)
api-gateway-1  | 2026-09-23T08:28:49.554110008Z 		at reactor.core.publisher.MonoFlatMap$FlatMapMain.secondComplete(MonoFlatMap.java:246)
api-gateway-1  | 2026-09-23T08:28:49.554113986Z 		at reactor.core.publisher.MonoFlatMap$FlatMapInner.onNext(MonoFlatMap.java:307)
api-gateway-1  | 2026-09-23T08:28:49.554117994Z 		at reactor.core.publisher.MonoIgnoreThen$ThenIgnoreMain.complete(MonoIgnoreThen.java:297)
api-gateway-1  | 2026-09-23T08:28:49.554122112Z 		at reactor.core.publisher.MonoIgnoreThen$ThenIgnoreMain.onNext(MonoIgnoreThen.java:191)
api-gateway-1  | 2026-09-23T08:28:49.554126150Z 		at reactor.core.publisher.MonoIgnoreThen$ThenIgnoreMain.subscribeNext(MonoIgnoreThen.java:240)
api-gateway-1  | 2026-09-23T08:28:49.554130189Z 		at reactor.core.publisher.MonoIgnoreThen$ThenIgnoreMain.onComplete(MonoIgnoreThen.java:207)
api-gateway-1  | 2026-09-23T08:28:49.554134577Z 		at reactor.core.publisher.MonoIgnoreElements$IgnoreElementsSubscriber.onComplete(MonoIgnoreElements.java:89)
api-gateway-1  | 2026-09-23T08:28:49.554138625Z 		at reactor.core.publisher.FluxPeek$PeekSubscriber.onComplete(FluxPeek.java:263)
api-gateway-1  | 2026-09-23T08:28:49.554142724Z 		at reactor.core.publisher.FluxDematerialize$DematerializeSubscriber.onComplete(FluxDematerialize.java:125)
api-gateway-1  | 2026-09-23T08:28:49.554147142Z 		at reactor.core.publisher.FluxDematerialize$DematerializeSubscriber.onNext(FluxDematerialize.java:91)
api-gateway-1  | 2026-09-23T08:28:49.554161351Z 		at reactor.core.publisher.FluxDematerialize$DematerializeSubscriber.onNext(FluxDematerialize.java:44)
api-gateway-1  | 2026-09-23T08:28:49.554166711Z 		at reactor.core.publisher.FluxIterable$IterableSubscription.fastPath(FluxIterable.java:402)
api-gateway-1  | 2026-09-23T08:28:49.554170860Z 		at reactor.core.publisher.FluxIterable$IterableSubscription.request(FluxIterable.java:291)
api-gateway-1  | 2026-09-23T08:28:49.554174958Z 		at reactor.core.publisher.FluxDematerialize$DematerializeSubscriber.request(FluxDematerialize.java:131)
api-gateway-1  | 2026-09-23T08:28:49.554179026Z 		at reactor.core.publisher.FluxPeek$PeekSubscriber.request(FluxPeek.java:141)
api-gateway-1  | 2026-09-23T08:28:49.554183014Z 		at reactor.core.publisher.MonoIgnoreElements$IgnoreElementsSubscriber.onSubscribe(MonoIgnoreElements.java:72)
api-gateway-1  | 2026-09-23T08:28:49.554187182Z 		at reactor.core.publisher.FluxPeek$PeekSubscriber.onSubscribe(FluxPeek.java:174)
api-gateway-1  | 2026-09-23T08:28:49.554191311Z 		at reactor.core.publisher.FluxDematerialize$DematerializeSubscriber.onSubscribe(FluxDematerialize.java:77)
api-gateway-1  | 2026-09-23T08:28:49.554195419Z 		at reactor.core.publisher.FluxIterable.subscribe(FluxIterable.java:200)
api-gateway-1  | 2026-09-23T08:28:49.554199988Z 		at reactor.core.publisher.FluxIterable.subscribe(FluxIterable.java:82)
api-gateway-1  | 2026-09-23T08:28:49.554204076Z 		at reactor.core.publisher.Mono.subscribe(Mono.java:4569)
api-gateway-1  | 2026-09-23T08:28:49.554208134Z 		at reactor.core.publisher.MonoIgnoreThen$ThenIgnoreMain.subscribeNext(MonoIgnoreThen.java:268)
api-gateway-1  | 2026-09-23T08:28:49.554212242Z 		at reactor.core.publisher.MonoIgnoreThen.subscribe(MonoIgnoreThen.java:51)
api-gateway-1  | 2026-09-23T08:28:49.554216230Z 		at reactor.core.publisher.MonoFlatMap$FlatMapMain.onNext(MonoFlatMap.java:166)
api-gateway-1  | 2026-09-23T08:28:49.554220148Z 		at reactor.core.publisher.Operators$BaseFluxToMonoOperator.completePossiblyEmpty(Operators.java:2093)
api-gateway-1  | 2026-09-23T08:28:49.554225489Z 		at reactor.core.publisher.MonoCollectList$MonoCollectListSubscriber.onComplete(MonoCollectList.java:117)
api-gateway-1  | 2026-09-23T08:28:49.554230158Z 		at reactor.core.publisher.DrainUtils.postCompleteDrain(DrainUtils.java:132)
api-gateway-1  | 2026-09-23T08:28:49.554235449Z 		at reactor.core.publisher.DrainUtils.postComplete(DrainUtils.java:187)
api-gateway-1  | 2026-09-23T08:28:49.554239747Z 		at reactor.core.publisher.FluxMaterialize$MaterializeSubscriber.onComplete(FluxMaterialize.java:141)
api-gateway-1  | 2026-09-23T08:28:49.554244497Z 		at reactor.core.publisher.FluxLimitRequest$FluxLimitRequestSubscriber.onNext(FluxLimitRequest.java:104)
api-gateway-1  | 2026-09-23T08:28:49.554248876Z 		at reactor.core.publisher.FluxOnErrorResume$ResumeSubscriber.onNext(FluxOnErrorResume.java:80)
api-gateway-1  | 2026-09-23T08:28:49.554253405Z 		at reactor.core.publisher.SerializedSubscriber.onNext(SerializedSubscriber.java:100)
api-gateway-1  | 2026-09-23T08:28:49.554257934Z 		at reactor.core.publisher.FluxTimeout$TimeoutMainSubscriber.onNext(FluxTimeout.java:182)
api-gateway-1  | 2026-09-23T08:28:49.554263164Z 		at reactor.core.publisher.Operators$BaseFluxToMonoOperator.completePossiblyEmpty(Operators.java:2093)
api-gateway-1  | 2026-09-23T08:28:49.554276431Z 		at reactor.core.publisher.MonoCollectList$MonoCollectListSubscriber.onComplete(MonoCollectList.java:117)
api-gateway-1  | 2026-09-23T08:28:49.554282162Z 		at reactor.core.publisher.FluxContextWriteRestoringThreadLocals$ContextWriteRestoringThreadLocalsSubscriber.onComplete(FluxContextWriteRestoringThreadLocals.java:150)
api-gateway-1  | 2026-09-23T08:28:49.554286801Z 		at org.springframework.cloud.commons.publisher.FluxFirstNonEmptyEmitting$FirstNonEmptyEmittingSubscriber.onComplete(FluxFirstNonEmptyEmitting.java:325)
api-gateway-1  | 2026-09-23T08:28:49.554291862Z 		at reactor.core.publisher.Operators.complete(Operators.java:137)
api-gateway-1  | 2026-09-23T08:28:49.554295910Z 		at reactor.core.publisher.FluxIterable.subscribe(FluxIterable.java:143)
api-gateway-1  | 2026-09-23T08:28:49.554299908Z 		at reactor.core.publisher.FluxIterable.subscribe(FluxIterable.java:82)
api-gateway-1  | 2026-09-23T08:28:49.554303605Z 		at reactor.core.publisher.Flux.subscribe(Flux.java:8888)
api-gateway-1  | 2026-09-23T08:28:49.554308114Z 		at org.springframework.cloud.commons.publisher.FluxFirstNonEmptyEmitting$RaceCoordinator.subscribe(FluxFirstNonEmptyEmitting.java:203)
api-gateway-1  | 2026-09-23T08:28:49.554312122Z 		at org.springframework.cloud.commons.publisher.FluxFirstNonEmptyEmitting.subscribe(FluxFirstNonEmptyEmitting.java:128)
api-gateway-1  | 2026-09-23T08:28:49.554316831Z 		at reactor.core.publisher.InternalFluxOperator.subscribe(InternalFluxOperator.java:67)
api-gateway-1  | 2026-09-23T08:28:49.554322072Z 		at reactor.core.publisher.FluxDefer.subscribe(FluxDefer.java:55)
api-gateway-1  | 2026-09-23T08:28:49.554326922Z 		at reactor.core.publisher.InternalFluxOperator.subscribe(InternalFluxOperator.java:67)
api-gateway-1  | 2026-09-23T08:28:49.554331942Z 		at reactor.core.publisher.FluxDefer.subscribe(FluxDefer.java:55)
api-gateway-1  | 2026-09-23T08:28:49.554336461Z 		at reactor.core.publisher.Mono.subscribe(Mono.java:4569)
api-gateway-1  | 2026-09-23T08:28:49.554341982Z 		at reactor.core.publisher.FluxSwitchIfEmpty$SwitchIfEmptySubscriber.onComplete(FluxSwitchIfEmpty.java:83)
api-gateway-1  | 2026-09-23T08:28:49.554346491Z 		at reactor.core.publisher.Operators.complete(Operators.java:137)
api-gateway-1  | 2026-09-23T08:28:49.554350849Z 		at reactor.core.publisher.MonoEmpty.subscribe(MonoEmpty.java:46)
api-gateway-1  | 2026-09-23T08:28:49.554355409Z 		at reactor.core.publisher.InternalFluxOperator.subscribe(InternalFluxOperator.java:67)
api-gateway-1  | 2026-09-23T08:28:49.554360038Z 		at reactor.core.publisher.FluxDefer.subscribe(FluxDefer.java:55)
api-gateway-1  | 2026-09-23T08:28:49.554365328Z 		at reactor.core.publisher.InternalMonoOperator.subscribe(InternalMonoOperator.java:75)
api-gateway-1  | 2026-09-23T08:28:49.554369837Z 		at reactor.core.publisher.MonoDefer.subscribe(MonoDefer.java:54)
api-gateway-1  | 2026-09-23T08:28:49.554374396Z 		at reactor.core.publisher.InternalMonoOperator.subscribe(InternalMonoOperator.java:75)
api-gateway-1  | 2026-09-23T08:28:49.554378745Z 		at reactor.core.publisher.MonoContextWriteRestoringThreadLocals.subscribe(MonoContextWriteRestoringThreadLocals.java:44)
api-gateway-1  | 2026-09-23T08:28:49.554382984Z 		at reactor.core.publisher.MonoDeferContextual.subscribe(MonoDeferContextual.java:56)
api-gateway-1  | 2026-09-23T08:28:49.554396050Z 		at reactor.core.publisher.FluxFromMonoOperator.subscribe(FluxFromMonoOperator.java:83)
api-gateway-1  | 2026-09-23T08:28:49.554400428Z 		at reactor.core.publisher.FluxDeferContextual.subscribe(FluxDeferContextual.java:58)
api-gateway-1  | 2026-09-23T08:28:49.554404547Z 		at reactor.core.publisher.InternalMonoOperator.subscribe(InternalMonoOperator.java:75)
api-gateway-1  | 2026-09-23T08:28:49.554409216Z 		at reactor.core.publisher.MonoFlatMap$FlatMapMain.onNext(MonoFlatMap.java:166)
api-gateway-1  | 2026-09-23T08:28:49.554413455Z 		at reactor.core.publisher.FluxOnErrorResume$ResumeSubscriber.onNext(FluxOnErrorResume.java:80)
api-gateway-1  | 2026-09-23T08:28:49.554417543Z 		at reactor.core.publisher.FluxOnErrorResume$ResumeSubscriber.onNext(FluxOnErrorResume.java:80)
api-gateway-1  | 2026-09-23T08:28:49.554421811Z 		at reactor.core.publisher.FluxPeek$PeekSubscriber.onNext(FluxPeek.java:203)
api-gateway-1  | 2026-09-23T08:28:49.554427984Z 		at reactor.core.publisher.MonoIgnoreThen$ThenIgnoreMain.complete(MonoIgnoreThen.java:297)
api-gateway-1  | 2026-09-23T08:28:49.554433274Z 		at reactor.core.publisher.MonoIgnoreThen$ThenIgnoreMain.onNext(MonoIgnoreThen.java:191)
api-gateway-1  | 2026-09-23T08:28:49.554438114Z 		at reactor.core.publisher.MonoFlatMap$FlatMapMain.onNext(MonoFlatMap.java:159)
api-gateway-1  | 2026-09-23T08:28:49.554466350Z 		at reactor.core.publisher.MonoZip$ZipCoordinator.signal(MonoZip.java:296)
api-gateway-1  | 2026-09-23T08:28:49.554470789Z 		at reactor.core.publisher.MonoZip$ZipInner.onNext(MonoZip.java:480)
api-gateway-1  | 2026-09-23T08:28:49.554474677Z 		at reactor.core.publisher.MonoPeekTerminal$MonoTerminalPeekSubscriber.onNext(MonoPeekTerminal.java:184)
api-gateway-1  | 2026-09-23T08:28:49.554481841Z 		at reactor.core.publisher.FluxDefaultIfEmpty$DefaultIfEmptySubscriber.onNext(FluxDefaultIfEmpty.java:123)
api-gateway-1  | 2026-09-23T08:28:49.554485769Z 		at reactor.core.publisher.FluxSwitchIfEmpty$SwitchIfEmptySubscriber.onNext(FluxSwitchIfEmpty.java:75)
api-gateway-1  | 2026-09-23T08:28:49.554489787Z 		at reactor.core.publisher.Operators$ScalarSubscription.request(Operators.java:2565)
api-gateway-1  | 2026-09-23T08:28:49.554493595Z 		at reactor.core.publisher.Operators$MultiSubscriptionSubscriber.set(Operators.java:2361)
api-gateway-1  | 2026-09-23T08:28:49.554497522Z 		at reactor.core.publisher.Operators$MultiSubscriptionSubscriber.onSubscribe(Operators.java:2235)
api-gateway-1  | 2026-09-23T08:28:49.554501581Z 		at reactor.core.publisher.FluxFlatMap.trySubscribeScalarMap(FluxFlatMap.java:193)
api-gateway-1  | 2026-09-23T08:28:49.554506250Z 		at reactor.core.publisher.MonoFlatMap.subscribeOrReturn(MonoFlatMap.java:53)
api-gateway-1  | 2026-09-23T08:28:49.554510649Z 		at reactor.core.publisher.InternalMonoOperator.subscribe(InternalMonoOperator.java:62)
api-gateway-1  | 2026-09-23T08:28:49.554515288Z 		at reactor.core.publisher.MonoZip$ZipCoordinator.request(MonoZip.java:219)
api-gateway-1  | 2026-09-23T08:28:49.554520248Z 		at reactor.core.publisher.MonoFlatMap$FlatMapMain.request(MonoFlatMap.java:195)
api-gateway-1  | 2026-09-23T08:28:49.554525188Z 		at reactor.core.publisher.MonoIgnoreThen$ThenIgnoreMain.onSubscribe(MonoIgnoreThen.java:135)
api-gateway-1  | 2026-09-23T08:28:49.554538865Z 		at reactor.core.publisher.MonoFlatMap$FlatMapMain.onSubscribe(MonoFlatMap.java:118)
api-gateway-1  | 2026-09-23T08:28:49.554542793Z 		at reactor.core.publisher.MonoZip.subscribe(MonoZip.java:129)
api-gateway-1  | 2026-09-23T08:28:49.554546611Z 		at reactor.core.publisher.InternalMonoOperator.subscribe(InternalMonoOperator.java:75)
api-gateway-1  | 2026-09-23T08:28:49.554550268Z 		at reactor.core.publisher.MonoDefer.subscribe(MonoDefer.java:54)
api-gateway-1  | 2026-09-23T08:28:49.554554015Z 		at reactor.core.publisher.MonoIgnoreThen$ThenIgnoreMain.subscribeNext(MonoIgnoreThen.java:244)
api-gateway-1  | 2026-09-23T08:28:49.554557683Z 		at reactor.core.publisher.MonoIgnoreThen$ThenIgnoreMain.onComplete(MonoIgnoreThen.java:207)
api-gateway-1  | 2026-09-23T08:28:49.554564075Z 		at reactor.core.publisher.MonoFlatMap$FlatMapMain.onComplete(MonoFlatMap.java:190)
api-gateway-1  | 2026-09-23T08:28:49.554568605Z 		at reactor.core.publisher.Operators.complete(Operators.java:137)
api-gateway-1  | 2026-09-23T08:28:49.554572973Z 		at reactor.core.publisher.MonoZip.subscribe(MonoZip.java:121)
api-gateway-1  | 2026-09-23T08:28:49.554577452Z 		at reactor.core.publisher.Mono.subscribe(Mono.java:4569)
api-gateway-1  | 2026-09-23T08:28:49.554581831Z 		at reactor.core.publisher.MonoIgnoreThen$ThenIgnoreMain.subscribeNext(MonoIgnoreThen.java:268)
api-gateway-1  | 2026-09-23T08:28:49.554586801Z 		at reactor.core.publisher.MonoIgnoreThen.subscribe(MonoIgnoreThen.java:51)
api-gateway-1  | 2026-09-23T08:28:49.554591961Z 		at reactor.core.publisher.InternalMonoOperator.subscribe(InternalMonoOperator.java:75)
api-gateway-1  | 2026-09-23T08:28:49.554596099Z 		at reactor.core.publisher.MonoFlatMap$FlatMapMain.onNext(MonoFlatMap.java:166)
api-gateway-1  | 2026-09-23T08:28:49.554600288Z 		at reactor.core.publisher.FluxOnErrorResume$ResumeSubscriber.onNext(FluxOnErrorResume.java:80)
api-gateway-1  | 2026-09-23T08:28:49.554604827Z 		at reactor.core.publisher.FluxSwitchIfEmpty$SwitchIfEmptySubscriber.onNext(FluxSwitchIfEmpty.java:75)
api-gateway-1  | 2026-09-23T08:28:49.554608855Z 		at reactor.core.publisher.MonoNext$NextSubscriber.onNext(MonoNext.java:83)
api-gateway-1  | 2026-09-23T08:28:49.554612963Z 		at reactor.core.publisher.FluxConcatMapNoPrefetch$FluxConcatMapNoPrefetchSubscriber.innerNext(FluxConcatMapNoPrefetch.java:259)
api-gateway-1  | 2026-09-23T08:28:49.554617101Z 		at reactor.core.publisher.FluxConcatMap$ConcatMapInner.onNext(FluxConcatMap.java:870)
api-gateway-1  | 2026-09-23T08:28:49.554621400Z 		at reactor.core.publisher.FluxMapFuseable$MapFuseableSubscriber.onNext(FluxMapFuseable.java:130)
api-gateway-1  | 2026-09-23T08:28:49.554625799Z 		at reactor.core.publisher.MonoPeekTerminal$MonoTerminalPeekSubscriber.onNext(MonoPeekTerminal.java:184)
api-gateway-1  | 2026-09-23T08:28:49.554630147Z 		at reactor.core.publisher.Operators$ScalarSubscription.request(Operators.java:2565)
api-gateway-1  | 2026-09-23T08:28:49.554634356Z 		at reactor.core.publisher.MonoPeekTerminal$MonoTerminalPeekSubscriber.request(MonoPeekTerminal.java:142)
api-gateway-1  | 2026-09-23T08:28:49.554638665Z 		at reactor.core.publisher.FluxMapFuseable$MapFuseableSubscriber.request(FluxMapFuseable.java:172)
api-gateway-1  | 2026-09-23T08:28:49.554643334Z 		at reactor.core.publisher.Operators$MultiSubscriptionSubscriber.request(Operators.java:2325)
api-gateway-1  | 2026-09-23T08:28:49.554657552Z 		at reactor.core.publisher.FluxConcatMapNoPrefetch$FluxConcatMapNoPrefetchSubscriber.request(FluxConcatMapNoPrefetch.java:339)
api-gateway-1  | 2026-09-23T08:28:49.554661290Z 		at reactor.core.publisher.MonoNext$NextSubscriber.request(MonoNext.java:109)
api-gateway-1  | 2026-09-23T08:28:49.554664236Z 		at reactor.core.publisher.Operators$MultiSubscriptionSubscriber.set(Operators.java:2361)
api-gateway-1  | 2026-09-23T08:28:49.554667212Z 		at reactor.core.publisher.Operators$MultiSubscriptionSubscriber.onSubscribe(Operators.java:2235)
api-gateway-1  | 2026-09-23T08:28:49.554670849Z 		at reactor.core.publisher.MonoNext$NextSubscriber.onSubscribe(MonoNext.java:71)
api-gateway-1  | 2026-09-23T08:28:49.554673825Z 		at reactor.core.publisher.FluxConcatMapNoPrefetch$FluxConcatMapNoPrefetchSubscriber.onSubscribe(FluxConcatMapNoPrefetch.java:164)
api-gateway-1  | 2026-09-23T08:28:49.554677322Z 		at reactor.core.publisher.FluxIterable.subscribe(FluxIterable.java:200)
api-gateway-1  | 2026-09-23T08:28:49.554680238Z 		at reactor.core.publisher.FluxIterable.subscribe(FluxIterable.java:82)
api-gateway-1  | 2026-09-23T08:28:49.554683274Z 		at reactor.core.publisher.InternalMonoOperator.subscribe(InternalMonoOperator.java:75)
api-gateway-1  | 2026-09-23T08:28:49.554686280Z 		at reactor.core.publisher.MonoDefer.subscribe(MonoDefer.java:54)
api-gateway-1  | 2026-09-23T08:28:49.554689206Z 		at reactor.core.publisher.InternalMonoOperator.subscribe(InternalMonoOperator.java:75)
api-gateway-1  | 2026-09-23T08:28:49.554692232Z 		at reactor.core.publisher.MonoDefer.subscribe(MonoDefer.java:54)
api-gateway-1  | 2026-09-23T08:28:49.554695147Z 		at reactor.core.publisher.InternalMonoOperator.subscribe(InternalMonoOperator.java:75)
api-gateway-1  | 2026-09-23T08:28:49.554698093Z 		at reactor.core.publisher.MonoTapRestoringThreadLocals.subscribe(MonoTapRestoringThreadLocals.java:78)
api-gateway-1  | 2026-09-23T08:28:49.554701139Z 		at reactor.core.publisher.Mono.subscribe(Mono.java:4569)
api-gateway-1  | 2026-09-23T08:28:49.554704045Z 		at reactor.core.publisher.MonoIgnoreThen$ThenIgnoreMain.subscribeNext(MonoIgnoreThen.java:268)
api-gateway-1  | 2026-09-23T08:28:49.554707091Z 		at reactor.core.publisher.MonoIgnoreThen.subscribe(MonoIgnoreThen.java:51)
api-gateway-1  | 2026-09-23T08:28:49.554710017Z 		at reactor.core.publisher.InternalMonoOperator.subscribe(InternalMonoOperator.java:75)
api-gateway-1  | 2026-09-23T08:28:49.554712943Z 		at reactor.core.publisher.MonoDeferContextual.subscribe(MonoDeferContextual.java:56)
api-gateway-1  | 2026-09-23T08:28:49.554715859Z 		at reactor.netty.http.server.HttpServer$HttpServerHandle.onStateChange(HttpServer.java:1344)
api-gateway-1  | 2026-09-23T08:28:49.554718805Z 		at reactor.netty.ReactorNetty$CompositeConnectionObserver.onStateChange(ReactorNetty.java:730)
api-gateway-1  | 2026-09-23T08:28:49.554721741Z 		at reactor.netty.transport.ServerTransport$ChildObserver.onStateChange(ServerTransport.java:489)
api-gateway-1  | 2026-09-23T08:28:49.554724686Z 		at reactor.netty.http.server.HttpServerOperations.handleDefaultHttpRequest(HttpServerOperations.java:863)
api-gateway-1  | 2026-09-23T08:28:49.554727642Z 		at reactor.netty.http.server.HttpServerOperations.onInboundNext(HttpServerOperations.java:789)
api-gateway-1  | 2026-09-23T08:28:49.554737622Z 		at reactor.netty.channel.ChannelOperationsHandler.channelRead(ChannelOperationsHandler.java:115)
api-gateway-1  | 2026-09-23T08:28:49.554740628Z 		at io.netty.channel.AbstractChannelHandlerContext.fireChannelRead(AbstractChannelHandlerContext.java:356)
api-gateway-1  | 2026-09-23T08:28:49.554743955Z 		at reactor.netty.http.server.HttpTrafficHandler.channelRead(HttpTrafficHandler.java:283)
api-gateway-1  | 2026-09-23T08:28:49.554746991Z 		at io.netty.channel.AbstractChannelHandlerContext.fireChannelRead(AbstractChannelHandlerContext.java:354)
api-gateway-1  | 2026-09-23T08:28:49.554749947Z 		at io.netty.channel.CombinedChannelDuplexHandler$DelegatingChannelHandlerContext.fireChannelRead(CombinedChannelDuplexHandler.java:434)
api-gateway-1  | 2026-09-23T08:28:49.554753043Z 		at io.netty.handler.codec.ByteToMessageDecoder.fireChannelRead(ByteToMessageDecoder.java:361)
api-gateway-1  | 2026-09-23T08:28:49.554755979Z 		at io.netty.handler.codec.ByteToMessageDecoder.channelRead(ByteToMessageDecoder.java:325)
api-gateway-1  | 2026-09-23T08:28:49.554759045Z 		at io.netty.channel.CombinedChannelDuplexHandler.channelRead(CombinedChannelDuplexHandler.java:249)
api-gateway-1  | 2026-09-23T08:28:49.554761971Z 		at io.netty.channel.AbstractChannelHandlerContext.fireChannelRead(AbstractChannelHandlerContext.java:354)
api-gateway-1  | 2026-09-23T08:28:49.554764897Z 		at io.netty.channel.DefaultChannelPipeline$HeadContext.channelRead(DefaultChannelPipeline.java:1429)
api-gateway-1  | 2026-09-23T08:28:49.554767873Z 		at io.netty.channel.DefaultChannelPipeline.fireChannelRead(DefaultChannelPipeline.java:918)
api-gateway-1  | 2026-09-23T08:28:49.554770789Z 		at io.netty.channel.epoll.AbstractEpollStreamChannel$EpollStreamUnsafe.epollInReady(AbstractEpollStreamChannel.java:804)
api-gateway-1  | 2026-09-23T08:28:49.554773734Z 		at io.netty.channel.epoll.AbstractEpollChannel$AbstractEpollUnsafe.handle(AbstractEpollChannel.java:482)
api-gateway-1  | 2026-09-23T08:28:49.554776670Z 		at io.netty.channel.epoll.EpollIoHandler$DefaultEpollIoRegistration.handle(EpollIoHandler.java:317)
api-gateway-1  | 2026-09-23T08:28:49.554779636Z 		at io.netty.channel.epoll.EpollIoHandler.processReady(EpollIoHandler.java:515)
api-gateway-1  | 2026-09-23T08:28:49.554783644Z 		at io.netty.channel.epoll.EpollIoHandler.run(EpollIoHandler.java:460)
api-gateway-1  | 2026-09-23T08:28:49.554789135Z 		at io.netty.channel.SingleThreadIoEventLoop.runIo(SingleThreadIoEventLoop.java:225)
api-gateway-1  | 2026-09-23T08:28:49.554794195Z 		at io.netty.channel.SingleThreadIoEventLoop.run(SingleThreadIoEventLoop.java:196)
api-gateway-1  | 2026-09-23T08:28:49.554798504Z 		at io.netty.util.concurrent.SingleThreadEventExecutor$5.run(SingleThreadEventExecutor.java:1195)
api-gateway-1  | 2026-09-23T08:28:49.554803133Z 		at io.netty.util.internal.ThreadExecutorMap$2.run(ThreadExecutorMap.java:74)
api-gateway-1  | 2026-09-23T08:28:49.554807362Z 		at io.netty.util.concurrent.FastThreadLocalRunnable.run(FastThreadLocalRunnable.java:30)
api-gateway-1  | 2026-09-23T08:28:49.554811810Z 		at java.base/java.lang.Thread.run(Thread.java:840)
api-gateway-1  | 2026-09-23T08:28:49.554816109Z 
api-gateway-1  | 2026-09-23T08:28:49.620125957Z 2026-09-23T08:28:49.619Z  WARN 1 --- [api-gateway] [or-http-epoll-2] [                                                 ] i.m.o.c.ObservationThreadLocalAccessor   : There is no current scope in thread local. This situation should not happen
api-gateway-1  | 2026-09-23T08:28:49.621464509Z 2026-09-23T08:28:49.620Z  WARN 1 --- [api-gateway] [or-http-epoll-2] [                                                 ] i.m.o.c.ObservationThreadLocalAccessor   : Observation <{name=http.server.requests(http get /api/gateway/owners/{ownerId}), error=org.springframework.web.reactive.function.client.WebClientResponseException$ServiceUnavailable: 503 Service Unavailable from UNKNOWN , context=name='http.server.requests', contextualName='http get /api/gateway/owners/{ownerId}', error='org.springframework.web.reactive.function.client.WebClientResponseException$ServiceUnavailable: 503 Service Unavailable from UNKNOWN ', lowCardinalityKeyValues=[exception='ServiceUnavailable', method='GET', outcome='SERVER_ERROR', status='500', uri='/api/gateway/owners/{ownerId}'], highCardinalityKeyValues=[http.url='/api/gateway/owners/6'], map=[class io.micrometer.tracing.handler.TracingObservationHandler$TracingContext='TracingContext{span=6ab38dc14a6535a0892e82aed3f55f6f/892e82aed3f55f6f}', class io.micrometer.core.instrument.LongTaskTimer$Sample='SampleImpl{duration(seconds)=-1.0E-9, duration(nanos)=-1.0, startTimeNanos=1608567792831}', class io.micrometer.core.instrument.Timer$Sample='io.micrometer.core.instrument.Timer$Sample@4d460e6d'], parentObservation=null}> to which we're restoring is not the same as the one set as this scope's parent observation <null>. Most likely a manually created Observation has a scope opened that was never closed. This may lead to thread polluting and memory leaks.
api-gateway-1  | 2026-09-23T08:28:52.627598801Z 2026-09-23T08:28:52.627Z  WARN 1 --- [api-gateway] [or-http-epoll-3] [6ab38dc45efc816a50fd02795fa53f32-50fd02795fa53f32] i.m.o.c.ObservationThreadLocalAccessor   : Observation <{name=http.server.requests(null), error=null, context=name='http.server.requests', contextualName='null', error='null', lowCardinalityKeyValues=[exception='none', method='GET', outcome='SUCCESS', status='200', uri='UNKNOWN'], highCardinalityKeyValues=[http.url='/api/gateway/owners/6'], map=[class io.micrometer.tracing.handler.TracingObservationHandler$TracingContext='TracingContext{span=6ab38dc45efc816a50fd02795fa53f32/50fd02795fa53f32}', class io.micrometer.core.instrument.LongTaskTimer$Sample='SampleImpl{duration(seconds)=0.003715342, duration(nanos)=3715342.0, startTimeNanos=1611959914302}', class io.micrometer.core.instrument.Timer$Sample='io.micrometer.core.instrument.Timer$Sample@32da7aca'], parentObservation=null}> to which we're restoring is not the same as the one set as this scope's parent observation <null>. Most likely a manually created Observation has a scope opened that was never closed. This may lead to thread polluting and memory leaks.
api-gateway-1  | 2026-09-23T08:28:52.633754378Z 2026-09-23T08:28:52.633Z  WARN 1 --- [api-gateway] [or-http-epoll-3] [                                                 ] o.s.c.l.core.RoundRobinLoadBalancer      : No servers available for service: customers-service
api-gateway-1  | 2026-09-23T08:28:52.634276658Z 2026-09-23T08:28:52.633Z  WARN 1 --- [api-gateway] [or-http-epoll-3] [                                                 ] eactorLoadBalancerExchangeFilterFunction : LoadBalancer does not contain an instance for the service customers-service
api-gateway-1  | 2026-09-23T08:28:52.638532899Z 2026-09-23T08:28:52.636Z ERROR 1 --- [api-gateway] [or-http-epoll-3] [6ab38dc45efc816a50fd02795fa53f32-50fd02795fa53f32] b.w.a.e.AbstractErrorWebExceptionHandler : [530a2357-2]  500 Server Error for HTTP GET "/api/gateway/owners/6"
api-gateway-1  | 2026-09-23T08:28:52.638563920Z 
api-gateway-1  | 2026-09-23T08:28:52.638571545Z org.springframework.web.reactive.function.client.WebClientResponseException$ServiceUnavailable: 503 Service Unavailable from UNKNOWN 
api-gateway-1  | 2026-09-23T08:28:52.638598388Z 	at org.springframework.web.reactive.function.client.WebClientResponseException.create(WebClientResponseException.java:322)
api-gateway-1  | 2026-09-23T08:28:52.638603708Z 	Suppressed: The stacktrace has been enhanced by Reactor, refer to additional information below: 
api-gateway-1  | 2026-09-23T08:28:52.638607726Z Error has been observed at the following site(s):
api-gateway-1  | 2026-09-23T08:28:52.638611594Z 	*__checkpoint ⇢ 503 SERVICE_UNAVAILABLE from GET http://customers-service/owners/6 [DefaultWebClient]
api-gateway-1  | 2026-09-23T08:28:52.638616103Z 	*__checkpoint ⇢ Handler org.springframework.samples.petclinic.api.boundary.web.ApiGatewayController#getOwnerDetails(int) [DispatcherHandler]
api-gateway-1  | 2026-09-23T08:28:52.638620632Z 	*__checkpoint ⇢ org.springframework.cloud.gateway.filter.WeightCalculatorWebFilter@7abcc0da
api-gateway-1  | 2026-09-23T08:28:52.638624710Z 	*__checkpoint ⇢ HTTP GET "/api/gateway/owners/6" [ExceptionHandlingWebHandler]
api-gateway-1  | 2026-09-23T08:28:52.638629018Z Original Stack Trace:
api-gateway-1  | 2026-09-23T08:28:52.638633076Z 		at org.springframework.web.reactive.function.client.WebClientResponseException.create(WebClientResponseException.java:322)
api-gateway-1  | 2026-09-23T08:28:52.638638206Z 		at org.springframework.web.reactive.function.client.DefaultClientResponse.lambda$createException$1(DefaultClientResponse.java:214)
api-gateway-1  | 2026-09-23T08:28:52.638642685Z 		at reactor.core.publisher.FluxMap$MapSubscriber.onNext(FluxMap.java:106)
api-gateway-1  | 2026-09-23T08:28:52.638646984Z 		at reactor.core.publisher.FluxOnErrorReturn$ReturnSubscriber.onNext(FluxOnErrorReturn.java:159)
api-gateway-1  | 2026-09-23T08:28:52.638651132Z 		at reactor.core.publisher.FluxDefaultIfEmpty$DefaultIfEmptySubscriber.onNext(FluxDefaultIfEmpty.java:123)
api-gateway-1  | 2026-09-23T08:28:52.638655380Z 		at reactor.core.publisher.FluxMapFuseable$MapFuseableSubscriber.onNext(FluxMapFuseable.java:130)
api-gateway-1  | 2026-09-23T08:28:52.638659408Z 		at reactor.core.publisher.FluxContextWrite$ContextWriteSubscriber.onNext(FluxContextWrite.java:109)
api-gateway-1  | 2026-09-23T08:28:52.638663456Z 		at reactor.core.publisher.FluxMapFuseable$MapFuseableConditionalSubscriber.onNext(FluxMapFuseable.java:300)
api-gateway-1  | 2026-09-23T08:28:52.638669197Z 		at reactor.core.publisher.FluxFilterFuseable$FilterFuseableConditionalSubscriber.onNext(FluxFilterFuseable.java:338)
api-gateway-1  | 2026-09-23T08:28:52.638673456Z 		at reactor.core.publisher.Operators$BaseFluxToMonoOperator.completePossiblyEmpty(Operators.java:2093)
api-gateway-1  | 2026-09-23T08:28:52.638677534Z 		at reactor.core.publisher.MonoCollect$CollectSubscriber.onComplete(MonoCollect.java:144)
api-gateway-1  | 2026-09-23T08:28:52.638681522Z 		at reactor.core.publisher.FluxMapFuseable$MapFuseableSubscriber.onComplete(FluxMapFuseable.java:153)
api-gateway-1  | 2026-09-23T08:28:52.638685540Z 		at reactor.core.publisher.Operators$ScalarSubscription.request(Operators.java:2567)
api-gateway-1  | 2026-09-23T08:28:52.638689648Z 		at reactor.core.publisher.FluxMapFuseable$MapFuseableSubscriber.request(FluxMapFuseable.java:172)
api-gateway-1  | 2026-09-23T08:28:52.638693565Z 		at reactor.core.publisher.Operators$BaseFluxToMonoOperator.request(Operators.java:2063)
api-gateway-1  | 2026-09-23T08:28:52.638706711Z 		at reactor.core.publisher.FluxFilterFuseable$FilterFuseableConditionalSubscriber.request(FluxFilterFuseable.java:411)
api-gateway-1  | 2026-09-23T08:28:52.638711100Z 		at reactor.core.publisher.FluxMapFuseable$MapFuseableConditionalSubscriber.request(FluxMapFuseable.java:361)
api-gateway-1  | 2026-09-23T08:28:52.638715218Z 		at reactor.core.publisher.FluxContextWrite$ContextWriteSubscriber.request(FluxContextWrite.java:138)
api-gateway-1  | 2026-09-23T08:28:52.638719206Z 		at reactor.core.publisher.FluxMapFuseable$MapFuseableSubscriber.request(FluxMapFuseable.java:172)
api-gateway-1  | 2026-09-23T08:28:52.638723324Z 		at reactor.core.publisher.FluxDefaultIfEmpty$DefaultIfEmptySubscriber.request(FluxDefaultIfEmpty.java:99)
api-gateway-1  | 2026-09-23T08:28:52.638727382Z 		at reactor.core.publisher.FluxOnErrorReturn$ReturnSubscriber.request(FluxOnErrorReturn.java:150)
api-gateway-1  | 2026-09-23T08:28:52.638731430Z 		at reactor.core.publisher.FluxMap$MapSubscriber.request(FluxMap.java:163)
api-gateway-1  | 2026-09-23T08:28:52.638735248Z 		at reactor.core.publisher.MonoFlatMap$FlatMapMain.request(MonoFlatMap.java:195)
api-gateway-1  | 2026-09-23T08:28:52.638739175Z 		at reactor.core.publisher.Operators$MultiSubscriptionSubscriber.set(Operators.java:2361)
api-gateway-1  | 2026-09-23T08:28:52.638743103Z 		at reactor.core.publisher.FluxOnErrorResume$ResumeSubscriber.onSubscribe(FluxOnErrorResume.java:75)
api-gateway-1  | 2026-09-23T08:28:52.638746870Z 		at reactor.core.publisher.MonoFlatMap$FlatMapMain.onSubscribe(MonoFlatMap.java:118)
api-gateway-1  | 2026-09-23T08:28:52.638750608Z 		at reactor.core.publisher.FluxMap$MapSubscriber.onSubscribe(FluxMap.java:92)
api-gateway-1  | 2026-09-23T08:28:52.638754556Z 		at reactor.core.publisher.FluxOnErrorReturn$ReturnSubscriber.onSubscribe(FluxOnErrorReturn.java:92)
api-gateway-1  | 2026-09-23T08:28:52.638758373Z 		at reactor.core.publisher.Operators$BaseFluxToMonoOperator.onSubscribe(Operators.java:2047)
api-gateway-1  | 2026-09-23T08:28:52.638762401Z 		at reactor.core.publisher.FluxMapFuseable$MapFuseableSubscriber.onSubscribe(FluxMapFuseable.java:96)
api-gateway-1  | 2026-09-23T08:28:52.638766489Z 		at reactor.core.publisher.FluxContextWrite$ContextWriteSubscriber.onSubscribe(FluxContextWrite.java:103)
api-gateway-1  | 2026-09-23T08:28:52.638770237Z 		at reactor.core.publisher.FluxMapFuseable$MapFuseableConditionalSubscriber.onSubscribe(FluxMapFuseable.java:265)
api-gateway-1  | 2026-09-23T08:28:52.638774505Z 		at reactor.core.publisher.FluxFilterFuseable$FilterFuseableConditionalSubscriber.onSubscribe(FluxFilterFuseable.java:305)
api-gateway-1  | 2026-09-23T08:28:52.638778453Z 		at reactor.core.publisher.Operators$BaseFluxToMonoOperator.onSubscribe(Operators.java:2047)
api-gateway-1  | 2026-09-23T08:28:52.638782220Z 		at reactor.core.publisher.FluxMapFuseable$MapFuseableSubscriber.onSubscribe(FluxMapFuseable.java:96)
api-gateway-1  | 2026-09-23T08:28:52.638786068Z 		at reactor.core.publisher.FluxJust.subscribe(FluxJust.java:69)
api-gateway-1  | 2026-09-23T08:28:52.638790016Z 		at reactor.core.publisher.InternalMonoOperator.subscribe(InternalMonoOperator.java:75)
api-gateway-1  | 2026-09-23T08:28:52.638793713Z 		at reactor.core.publisher.MonoFlatMap$FlatMapMain.onNext(MonoFlatMap.java:166)
api-gateway-1  | 2026-09-23T08:28:52.638805506Z 		at reactor.core.publisher.MonoContextWriteRestoringThreadLocals$ContextWriteRestoringThreadLocalsSubscriber.onNext(MonoContextWriteRestoringThreadLocals.java:111)
api-gateway-1  | 2026-09-23T08:28:52.638809895Z 		at reactor.core.publisher.FluxDoFinally$DoFinallySubscriber.onNext(FluxDoFinally.java:113)
api-gateway-1  | 2026-09-23T08:28:52.638813833Z 		at reactor.core.publisher.MonoPeekTerminal$MonoTerminalPeekSubscriber.onNext(MonoPeekTerminal.java:184)
api-gateway-1  | 2026-09-23T08:28:52.638817820Z 		at reactor.core.publisher.FluxPeekFuseable$PeekConditionalSubscriber.onNext(FluxPeekFuseable.java:850)
api-gateway-1  | 2026-09-23T08:28:52.638821828Z 		at reactor.core.publisher.FluxSwitchIfEmpty$SwitchIfEmptySubscriber.onNext(FluxSwitchIfEmpty.java:75)
api-gateway-1  | 2026-09-23T08:28:52.638825836Z 		at reactor.core.publisher.MonoFlatMap$FlatMapMain.onNext(MonoFlatMap.java:159)
api-gateway-1  | 2026-09-23T08:28:52.638829684Z 		at reactor.core.publisher.FluxMap$MapSubscriber.onNext(FluxMap.java:122)
api-gateway-1  | 2026-09-23T08:28:52.638833481Z 		at reactor.core.publisher.MonoNext$NextSubscriber.onNext(MonoNext.java:83)
api-gateway-1  | 2026-09-23T08:28:52.638837359Z 		at reactor.core.publisher.FluxDematerialize$DematerializeSubscriber.onNext(FluxDematerialize.java:102)
api-gateway-1  | 2026-09-23T08:28:52.638841176Z 		at reactor.core.publisher.FluxDematerialize$DematerializeSubscriber.onNext(FluxDematerialize.java:44)
api-gateway-1  | 2026-09-23T08:28:52.638844924Z 		at reactor.core.publisher.FluxFlattenIterable$FlattenIterableSubscriber.drainAsync(FluxFlattenIterable.java:455)
api-gateway-1  | 2026-09-23T08:28:52.638866516Z 		at reactor.core.publisher.FluxFlattenIterable$FlattenIterableSubscriber.drain(FluxFlattenIterable.java:726)
api-gateway-1  | 2026-09-23T08:28:52.638871747Z 		at reactor.core.publisher.FluxFlattenIterable$FlattenIterableSubscriber.onNext(FluxFlattenIterable.java:258)
api-gateway-1  | 2026-09-23T08:28:52.638875594Z 		at reactor.core.publisher.FluxSwitchIfEmpty$SwitchIfEmptySubscriber.onNext(FluxSwitchIfEmpty.java:75)
api-gateway-1  | 2026-09-23T08:28:52.638879432Z 		at reactor.core.publisher.MonoFlatMap$FlatMapMain.secondComplete(MonoFlatMap.java:246)
api-gateway-1  | 2026-09-23T08:28:52.638883410Z 		at reactor.core.publisher.MonoFlatMap$FlatMapInner.onNext(MonoFlatMap.java:307)
api-gateway-1  | 2026-09-23T08:28:52.638887147Z 		at reactor.core.publisher.MonoIgnoreThen$ThenIgnoreMain.complete(MonoIgnoreThen.java:297)
api-gateway-1  | 2026-09-23T08:28:52.638890884Z 		at reactor.core.publisher.MonoIgnoreThen$ThenIgnoreMain.onNext(MonoIgnoreThen.java:191)
api-gateway-1  | 2026-09-23T08:28:52.638894662Z 		at reactor.core.publisher.MonoIgnoreThen$ThenIgnoreMain.subscribeNext(MonoIgnoreThen.java:240)
api-gateway-1  | 2026-09-23T08:28:52.638898540Z 		at reactor.core.publisher.MonoIgnoreThen$ThenIgnoreMain.onComplete(MonoIgnoreThen.java:207)
api-gateway-1  | 2026-09-23T08:28:52.638902297Z 		at reactor.core.publisher.MonoIgnoreElements$IgnoreElementsSubscriber.onComplete(MonoIgnoreElements.java:89)
api-gateway-1  | 2026-09-23T08:28:52.638906275Z 		at reactor.core.publisher.FluxPeek$PeekSubscriber.onComplete(FluxPeek.java:263)
api-gateway-1  | 2026-09-23T08:28:52.638910122Z 		at reactor.core.publisher.FluxDematerialize$DematerializeSubscriber.onComplete(FluxDematerialize.java:125)
api-gateway-1  | 2026-09-23T08:28:52.638921936Z 		at reactor.core.publisher.FluxDematerialize$DematerializeSubscriber.onNext(FluxDematerialize.java:91)
api-gateway-1  | 2026-09-23T08:28:52.638926074Z 		at reactor.core.publisher.FluxDematerialize$DematerializeSubscriber.onNext(FluxDematerialize.java:44)
api-gateway-1  | 2026-09-23T08:28:52.638930062Z 		at reactor.core.publisher.FluxIterable$IterableSubscription.fastPath(FluxIterable.java:402)
api-gateway-1  | 2026-09-23T08:28:52.638933909Z 		at reactor.core.publisher.FluxIterable$IterableSubscription.request(FluxIterable.java:291)
api-gateway-1  | 2026-09-23T08:28:52.638937767Z 		at reactor.core.publisher.FluxDematerialize$DematerializeSubscriber.request(FluxDematerialize.java:131)
api-gateway-1  | 2026-09-23T08:28:52.638941695Z 		at reactor.core.publisher.FluxPeek$PeekSubscriber.request(FluxPeek.java:141)
api-gateway-1  | 2026-09-23T08:28:52.638945552Z 		at reactor.core.publisher.MonoIgnoreElements$IgnoreElementsSubscriber.onSubscribe(MonoIgnoreElements.java:72)
api-gateway-1  | 2026-09-23T08:28:52.638949400Z 		at reactor.core.publisher.FluxPeek$PeekSubscriber.onSubscribe(FluxPeek.java:174)
api-gateway-1  | 2026-09-23T08:28:52.638953217Z 		at reactor.core.publisher.FluxDematerialize$DematerializeSubscriber.onSubscribe(FluxDematerialize.java:77)
api-gateway-1  | 2026-09-23T08:28:52.638957145Z 		at reactor.core.publisher.FluxIterable.subscribe(FluxIterable.java:200)
api-gateway-1  | 2026-09-23T08:28:52.638961554Z 		at reactor.core.publisher.FluxIterable.subscribe(FluxIterable.java:82)
api-gateway-1  | 2026-09-23T08:28:52.638965462Z 		at reactor.core.publisher.Mono.subscribe(Mono.java:4569)
api-gateway-1  | 2026-09-23T08:28:52.638969309Z 		at reactor.core.publisher.MonoIgnoreThen$ThenIgnoreMain.subscribeNext(MonoIgnoreThen.java:268)
api-gateway-1  | 2026-09-23T08:28:52.638973207Z 		at reactor.core.publisher.MonoIgnoreThen.subscribe(MonoIgnoreThen.java:51)
api-gateway-1  | 2026-09-23T08:28:52.638977104Z 		at reactor.core.publisher.MonoFlatMap$FlatMapMain.onNext(MonoFlatMap.java:166)
api-gateway-1  | 2026-09-23T08:28:52.638980962Z 		at reactor.core.publisher.Operators$BaseFluxToMonoOperator.completePossiblyEmpty(Operators.java:2093)
api-gateway-1  | 2026-09-23T08:28:52.638984860Z 		at reactor.core.publisher.MonoCollectList$MonoCollectListSubscriber.onComplete(MonoCollectList.java:117)
api-gateway-1  | 2026-09-23T08:28:52.638988767Z 		at reactor.core.publisher.DrainUtils.postCompleteDrain(DrainUtils.java:132)
api-gateway-1  | 2026-09-23T08:28:52.638992675Z 		at reactor.core.publisher.DrainUtils.postComplete(DrainUtils.java:187)
api-gateway-1  | 2026-09-23T08:28:52.638996493Z 		at reactor.core.publisher.FluxMaterialize$MaterializeSubscriber.onComplete(FluxMaterialize.java:141)
api-gateway-1  | 2026-09-23T08:28:52.639000360Z 		at reactor.core.publisher.FluxLimitRequest$FluxLimitRequestSubscriber.onNext(FluxLimitRequest.java:104)
api-gateway-1  | 2026-09-23T08:28:52.639004278Z 		at reactor.core.publisher.FluxOnErrorResume$ResumeSubscriber.onNext(FluxOnErrorResume.java:80)
api-gateway-1  | 2026-09-23T08:28:52.639008056Z 		at reactor.core.publisher.SerializedSubscriber.onNext(SerializedSubscriber.java:100)
api-gateway-1  | 2026-09-23T08:28:52.639011903Z 		at reactor.core.publisher.FluxTimeout$TimeoutMainSubscriber.onNext(FluxTimeout.java:182)
api-gateway-1  | 2026-09-23T08:28:52.639022003Z 		at reactor.core.publisher.Operators$BaseFluxToMonoOperator.completePossiblyEmpty(Operators.java:2093)
api-gateway-1  | 2026-09-23T08:28:52.639026161Z 		at reactor.core.publisher.MonoCollectList$MonoCollectListSubscriber.onComplete(MonoCollectList.java:117)
api-gateway-1  | 2026-09-23T08:28:52.639030079Z 		at reactor.core.publisher.FluxContextWriteRestoringThreadLocals$ContextWriteRestoringThreadLocalsSubscriber.onComplete(FluxContextWriteRestoringThreadLocals.java:150)
api-gateway-1  | 2026-09-23T08:28:52.639034207Z 		at org.springframework.cloud.commons.publisher.FluxFirstNonEmptyEmitting$FirstNonEmptyEmittingSubscriber.onComplete(FluxFirstNonEmptyEmitting.java:325)
api-gateway-1  | 2026-09-23T08:28:52.639039117Z 		at reactor.core.publisher.Operators.complete(Operators.java:137)
api-gateway-1  | 2026-09-23T08:28:52.639043636Z 		at reactor.core.publisher.FluxIterable.subscribe(FluxIterable.java:143)
api-gateway-1  | 2026-09-23T08:28:52.639047443Z 		at reactor.core.publisher.FluxIterable.subscribe(FluxIterable.java:82)
api-gateway-1  | 2026-09-23T08:28:52.639051271Z 		at reactor.core.publisher.Flux.subscribe(Flux.java:8888)
api-gateway-1  | 2026-09-23T08:28:52.639055499Z 		at org.springframework.cloud.commons.publisher.FluxFirstNonEmptyEmitting$RaceCoordinator.subscribe(FluxFirstNonEmptyEmitting.java:203)
api-gateway-1  | 2026-09-23T08:28:52.639059407Z 		at org.springframework.cloud.commons.publisher.FluxFirstNonEmptyEmitting.subscribe(FluxFirstNonEmptyEmitting.java:128)
api-gateway-1  | 2026-09-23T08:28:52.639063254Z 		at reactor.core.publisher.InternalFluxOperator.subscribe(InternalFluxOperator.java:67)
api-gateway-1  | 2026-09-23T08:28:52.639067132Z 		at reactor.core.publisher.FluxDefer.subscribe(FluxDefer.java:55)
api-gateway-1  | 2026-09-23T08:28:52.639070879Z 		at reactor.core.publisher.InternalFluxOperator.subscribe(InternalFluxOperator.java:67)
api-gateway-1  | 2026-09-23T08:28:52.639074557Z 		at reactor.core.publisher.FluxDefer.subscribe(FluxDefer.java:55)
api-gateway-1  | 2026-09-23T08:28:52.639078344Z 		at reactor.core.publisher.Mono.subscribe(Mono.java:4569)
api-gateway-1  | 2026-09-23T08:28:52.639082001Z 		at reactor.core.publisher.FluxSwitchIfEmpty$SwitchIfEmptySubscriber.onComplete(FluxSwitchIfEmpty.java:83)
api-gateway-1  | 2026-09-23T08:28:52.639085689Z 		at reactor.core.publisher.Operators.complete(Operators.java:137)
api-gateway-1  | 2026-09-23T08:28:52.639089206Z 		at reactor.core.publisher.MonoEmpty.subscribe(MonoEmpty.java:46)
api-gateway-1  | 2026-09-23T08:28:52.639092793Z 		at reactor.core.publisher.InternalFluxOperator.subscribe(InternalFluxOperator.java:67)
api-gateway-1  | 2026-09-23T08:28:52.639096530Z 		at reactor.core.publisher.FluxDefer.subscribe(FluxDefer.java:55)
api-gateway-1  | 2026-09-23T08:28:52.639100197Z 		at reactor.core.publisher.InternalMonoOperator.subscribe(InternalMonoOperator.java:75)
api-gateway-1  | 2026-09-23T08:28:52.639103864Z 		at reactor.core.publisher.MonoDefer.subscribe(MonoDefer.java:54)
api-gateway-1  | 2026-09-23T08:28:52.639107431Z 		at reactor.core.publisher.InternalMonoOperator.subscribe(InternalMonoOperator.java:75)
api-gateway-1  | 2026-09-23T08:28:52.639111169Z 		at reactor.core.publisher.MonoContextWriteRestoringThreadLocals.subscribe(MonoContextWriteRestoringThreadLocals.java:44)
api-gateway-1  | 2026-09-23T08:28:52.639122100Z 		at reactor.core.publisher.MonoDeferContextual.subscribe(MonoDeferContextual.java:56)
api-gateway-1  | 2026-09-23T08:28:52.639126198Z 		at reactor.core.publisher.FluxFromMonoOperator.subscribe(FluxFromMonoOperator.java:83)
api-gateway-1  | 2026-09-23T08:28:52.639130036Z 		at reactor.core.publisher.FluxDeferContextual.subscribe(FluxDeferContextual.java:58)
api-gateway-1  | 2026-09-23T08:28:52.639133934Z 		at reactor.core.publisher.InternalMonoOperator.subscribe(InternalMonoOperator.java:75)
api-gateway-1  | 2026-09-23T08:28:52.639137962Z 		at reactor.core.publisher.MonoFlatMap$FlatMapMain.onNext(MonoFlatMap.java:166)
api-gateway-1  | 2026-09-23T08:28:52.639141739Z 		at reactor.core.publisher.FluxOnErrorResume$ResumeSubscriber.onNext(FluxOnErrorResume.java:80)
api-gateway-1  | 2026-09-23T08:28:52.639145386Z 		at reactor.core.publisher.FluxOnErrorResume$ResumeSubscriber.onNext(FluxOnErrorResume.java:80)
api-gateway-1  | 2026-09-23T08:28:52.639149054Z 		at reactor.core.publisher.FluxPeek$PeekSubscriber.onNext(FluxPeek.java:203)
api-gateway-1  | 2026-09-23T08:28:52.639153061Z 		at reactor.core.publisher.MonoIgnoreThen$ThenIgnoreMain.complete(MonoIgnoreThen.java:297)
api-gateway-1  | 2026-09-23T08:28:52.639156779Z 		at reactor.core.publisher.MonoIgnoreThen$ThenIgnoreMain.onNext(MonoIgnoreThen.java:191)
api-gateway-1  | 2026-09-23T08:28:52.639160426Z 		at reactor.core.publisher.MonoFlatMap$FlatMapMain.onNext(MonoFlatMap.java:159)
api-gateway-1  | 2026-09-23T08:28:52.639164103Z 		at reactor.core.publisher.MonoZip$ZipCoordinator.signal(MonoZip.java:296)
api-gateway-1  | 2026-09-23T08:28:52.639167740Z 		at reactor.core.publisher.MonoZip$ZipInner.onNext(MonoZip.java:480)
api-gateway-1  | 2026-09-23T08:28:52.639171478Z 		at reactor.core.publisher.MonoPeekTerminal$MonoTerminalPeekSubscriber.onNext(MonoPeekTerminal.java:184)
api-gateway-1  | 2026-09-23T08:28:52.639175927Z 		at reactor.core.publisher.FluxDefaultIfEmpty$DefaultIfEmptySubscriber.onNext(FluxDefaultIfEmpty.java:123)
api-gateway-1  | 2026-09-23T08:28:52.639180015Z 		at reactor.core.publisher.FluxSwitchIfEmpty$SwitchIfEmptySubscriber.onNext(FluxSwitchIfEmpty.java:75)
api-gateway-1  | 2026-09-23T08:28:52.639183732Z 		at reactor.core.publisher.Operators$ScalarSubscription.request(Operators.java:2565)
api-gateway-1  | 2026-09-23T08:28:52.639187469Z 		at reactor.core.publisher.Operators$MultiSubscriptionSubscriber.set(Operators.java:2361)
api-gateway-1  | 2026-09-23T08:28:52.639191227Z 		at reactor.core.publisher.Operators$MultiSubscriptionSubscriber.onSubscribe(Operators.java:2235)
api-gateway-1  | 2026-09-23T08:28:52.639194914Z 		at reactor.core.publisher.FluxFlatMap.trySubscribeScalarMap(FluxFlatMap.java:193)
api-gateway-1  | 2026-09-23T08:28:52.639198531Z 		at reactor.core.publisher.MonoFlatMap.subscribeOrReturn(MonoFlatMap.java:53)
api-gateway-1  | 2026-09-23T08:28:52.639202198Z 		at reactor.core.publisher.InternalMonoOperator.subscribe(InternalMonoOperator.java:62)
api-gateway-1  | 2026-09-23T08:28:52.639205876Z 		at reactor.core.publisher.MonoZip$ZipCoordinator.request(MonoZip.java:219)
api-gateway-1  | 2026-09-23T08:28:52.639209733Z 		at reactor.core.publisher.MonoFlatMap$FlatMapMain.request(MonoFlatMap.java:195)
api-gateway-1  | 2026-09-23T08:28:52.639220885Z 		at reactor.core.publisher.MonoIgnoreThen$ThenIgnoreMain.onSubscribe(MonoIgnoreThen.java:135)
api-gateway-1  | 2026-09-23T08:28:52.639224843Z 		at reactor.core.publisher.MonoFlatMap$FlatMapMain.onSubscribe(MonoFlatMap.java:118)
api-gateway-1  | 2026-09-23T08:28:52.639228540Z 		at reactor.core.publisher.MonoZip.subscribe(MonoZip.java:129)
api-gateway-1  | 2026-09-23T08:28:52.639232208Z 		at reactor.core.publisher.InternalMonoOperator.subscribe(InternalMonoOperator.java:75)
api-gateway-1  | 2026-09-23T08:28:52.639235875Z 		at reactor.core.publisher.MonoDefer.subscribe(MonoDefer.java:54)
api-gateway-1  | 2026-09-23T08:28:52.639239592Z 		at reactor.core.publisher.MonoIgnoreThen$ThenIgnoreMain.subscribeNext(MonoIgnoreThen.java:244)
api-gateway-1  | 2026-09-23T08:28:52.639243259Z 		at reactor.core.publisher.MonoIgnoreThen$ThenIgnoreMain.onComplete(MonoIgnoreThen.java:207)
api-gateway-1  | 2026-09-23T08:28:52.639247548Z 		at reactor.core.publisher.MonoFlatMap$FlatMapMain.onComplete(MonoFlatMap.java:190)
api-gateway-1  | 2026-09-23T08:28:52.639251285Z 		at reactor.core.publisher.Operators.complete(Operators.java:137)
api-gateway-1  | 2026-09-23T08:28:52.639254952Z 		at reactor.core.publisher.MonoZip.subscribe(MonoZip.java:121)
api-gateway-1  | 2026-09-23T08:28:52.639258600Z 		at reactor.core.publisher.Mono.subscribe(Mono.java:4569)
api-gateway-1  | 2026-09-23T08:28:52.639262307Z 		at reactor.core.publisher.MonoIgnoreThen$ThenIgnoreMain.subscribeNext(MonoIgnoreThen.java:268)
api-gateway-1  | 2026-09-23T08:28:52.639265964Z 		at reactor.core.publisher.MonoIgnoreThen.subscribe(MonoIgnoreThen.java:51)
api-gateway-1  | 2026-09-23T08:28:52.639269681Z 		at reactor.core.publisher.InternalMonoOperator.subscribe(InternalMonoOperator.java:75)
api-gateway-1  | 2026-09-23T08:28:52.639273369Z 		at reactor.core.publisher.MonoFlatMap$FlatMapMain.onNext(MonoFlatMap.java:166)
api-gateway-1  | 2026-09-23T08:28:52.639277046Z 		at reactor.core.publisher.FluxOnErrorResume$ResumeSubscriber.onNext(FluxOnErrorResume.java:80)
api-gateway-1  | 2026-09-23T08:28:52.639280823Z 		at reactor.core.publisher.FluxSwitchIfEmpty$SwitchIfEmptySubscriber.onNext(FluxSwitchIfEmpty.java:75)
api-gateway-1  | 2026-09-23T08:28:52.639284601Z 		at reactor.core.publisher.MonoNext$NextSubscriber.onNext(MonoNext.java:83)
api-gateway-1  | 2026-09-23T08:28:52.639288308Z 		at reactor.core.publisher.FluxConcatMapNoPrefetch$FluxConcatMapNoPrefetchSubscriber.innerNext(FluxConcatMapNoPrefetch.java:259)
api-gateway-1  | 2026-09-23T08:28:52.639292266Z 		at reactor.core.publisher.FluxConcatMap$ConcatMapInner.onNext(FluxConcatMap.java:870)
api-gateway-1  | 2026-09-23T08:28:52.639296083Z 		at reactor.core.publisher.FluxMapFuseable$MapFuseableSubscriber.onNext(FluxMapFuseable.java:130)
api-gateway-1  | 2026-09-23T08:28:52.639299891Z 		at reactor.core.publisher.MonoPeekTerminal$MonoTerminalPeekSubscriber.onNext(MonoPeekTerminal.java:184)
api-gateway-1  | 2026-09-23T08:28:52.639303739Z 		at reactor.core.publisher.Operators$ScalarSubscription.request(Operators.java:2565)
api-gateway-1  | 2026-09-23T08:28:52.639307616Z 		at reactor.core.publisher.MonoPeekTerminal$MonoTerminalPeekSubscriber.request(MonoPeekTerminal.java:142)
api-gateway-1  | 2026-09-23T08:28:52.639318287Z 		at reactor.core.publisher.FluxMapFuseable$MapFuseableSubscriber.request(FluxMapFuseable.java:172)
api-gateway-1  | 2026-09-23T08:28:52.639322375Z 		at reactor.core.publisher.Operators$MultiSubscriptionSubscriber.request(Operators.java:2325)
api-gateway-1  | 2026-09-23T08:28:52.639326283Z 		at reactor.core.publisher.FluxConcatMapNoPrefetch$FluxConcatMapNoPrefetchSubscriber.request(FluxConcatMapNoPrefetch.java:339)
api-gateway-1  | 2026-09-23T08:28:52.639330251Z 		at reactor.core.publisher.MonoNext$NextSubscriber.request(MonoNext.java:109)
api-gateway-1  | 2026-09-23T08:28:52.639334078Z 		at reactor.core.publisher.Operators$MultiSubscriptionSubscriber.set(Operators.java:2361)
api-gateway-1  | 2026-09-23T08:28:52.639337926Z 		at reactor.core.publisher.Operators$MultiSubscriptionSubscriber.onSubscribe(Operators.java:2235)
api-gateway-1  | 2026-09-23T08:28:52.639342275Z 		at reactor.core.publisher.MonoNext$NextSubscriber.onSubscribe(MonoNext.java:71)
api-gateway-1  | 2026-09-23T08:28:52.639382794Z 		at reactor.core.publisher.FluxConcatMapNoPrefetch$FluxConcatMapNoPrefetchSubscriber.onSubscribe(FluxConcatMapNoPrefetch.java:164)
api-gateway-1  | 2026-09-23T08:28:52.639394658Z 		at reactor.core.publisher.FluxIterable.subscribe(FluxIterable.java:200)
api-gateway-1  | 2026-09-23T08:28:52.639398636Z 		at reactor.core.publisher.FluxIterable.subscribe(FluxIterable.java:82)
api-gateway-1  | 2026-09-23T08:28:52.639402423Z 		at reactor.core.publisher.InternalMonoOperator.subscribe(InternalMonoOperator.java:75)
api-gateway-1  | 2026-09-23T08:28:52.639406271Z 		at reactor.core.publisher.MonoDefer.subscribe(MonoDefer.java:54)
api-gateway-1  | 2026-09-23T08:28:52.639409978Z 		at reactor.core.publisher.InternalMonoOperator.subscribe(InternalMonoOperator.java:75)
api-gateway-1  | 2026-09-23T08:28:52.639413745Z 		at reactor.core.publisher.MonoDefer.subscribe(MonoDefer.java:54)
api-gateway-1  | 2026-09-23T08:28:52.639417423Z 		at reactor.core.publisher.InternalMonoOperator.subscribe(InternalMonoOperator.java:75)
api-gateway-1  | 2026-09-23T08:28:52.639421250Z 		at reactor.core.publisher.MonoTapRestoringThreadLocals.subscribe(MonoTapRestoringThreadLocals.java:78)
api-gateway-1  | 2026-09-23T08:28:52.639425288Z 		at reactor.core.publisher.Mono.subscribe(Mono.java:4569)
api-gateway-1  | 2026-09-23T08:28:52.639429016Z 		at reactor.core.publisher.MonoIgnoreThen$ThenIgnoreMain.subscribeNext(MonoIgnoreThen.java:268)
api-gateway-1  | 2026-09-23T08:28:52.639432913Z 		at reactor.core.publisher.MonoIgnoreThen.subscribe(MonoIgnoreThen.java:51)
api-gateway-1  | 2026-09-23T08:28:52.639436731Z 		at reactor.core.publisher.InternalMonoOperator.subscribe(InternalMonoOperator.java:75)
api-gateway-1  | 2026-09-23T08:28:52.639440739Z 		at reactor.core.publisher.MonoDeferContextual.subscribe(MonoDeferContextual.java:56)
api-gateway-1  | 2026-09-23T08:28:52.639444616Z 		at reactor.netty.http.server.HttpServer$HttpServerHandle.onStateChange(HttpServer.java:1344)
api-gateway-1  | 2026-09-23T08:28:52.639448404Z 		at reactor.netty.ReactorNetty$CompositeConnectionObserver.onStateChange(ReactorNetty.java:730)
api-gateway-1  | 2026-09-23T08:28:52.639452342Z 		at reactor.netty.transport.ServerTransport$ChildObserver.onStateChange(ServerTransport.java:489)
api-gateway-1  | 2026-09-23T08:28:52.639464626Z 		at reactor.netty.http.server.HttpServerOperations.handleDefaultHttpRequest(HttpServerOperations.java:863)
api-gateway-1  | 2026-09-23T08:28:52.639468904Z 		at reactor.netty.http.server.HttpServerOperations.onInboundNext(HttpServerOperations.java:789)
api-gateway-1  | 2026-09-23T08:28:52.639472772Z 		at reactor.netty.channel.ChannelOperationsHandler.channelRead(ChannelOperationsHandler.java:115)
api-gateway-1  | 2026-09-23T08:28:52.639476670Z 		at io.netty.channel.AbstractChannelHandlerContext.fireChannelRead(AbstractChannelHandlerContext.java:356)
api-gateway-1  | 2026-09-23T08:28:52.639481569Z 		at reactor.netty.http.server.HttpTrafficHandler.channelRead(HttpTrafficHandler.java:283)
api-gateway-1  | 2026-09-23T08:28:52.639485457Z 		at io.netty.channel.AbstractChannelHandlerContext.fireChannelRead(AbstractChannelHandlerContext.java:354)
api-gateway-1  | 2026-09-23T08:28:52.639489244Z 		at io.netty.channel.CombinedChannelDuplexHandler$DelegatingChannelHandlerContext.fireChannelRead(CombinedChannelDuplexHandler.java:434)
api-gateway-1  | 2026-09-23T08:28:52.639493082Z 		at io.netty.handler.codec.ByteToMessageDecoder.fireChannelRead(ByteToMessageDecoder.java:361)
api-gateway-1  | 2026-09-23T08:28:52.639496769Z 		at io.netty.handler.codec.ByteToMessageDecoder.channelRead(ByteToMessageDecoder.java:325)
api-gateway-1  | 2026-09-23T08:28:52.639500507Z 		at io.netty.channel.CombinedChannelDuplexHandler.channelRead(CombinedChannelDuplexHandler.java:249)
api-gateway-1  | 2026-09-23T08:28:52.639504484Z 		at io.netty.channel.AbstractChannelHandlerContext.fireChannelRead(AbstractChannelHandlerContext.java:354)
api-gateway-1  | 2026-09-23T08:28:52.639508442Z 		at io.netty.channel.DefaultChannelPipeline$HeadContext.channelRead(DefaultChannelPipeline.java:1429)
api-gateway-1  | 2026-09-23T08:28:52.639512530Z 		at io.netty.channel.DefaultChannelPipeline.fireChannelRead(DefaultChannelPipeline.java:918)
api-gateway-1  | 2026-09-23T08:28:52.639516338Z 		at io.netty.channel.epoll.AbstractEpollStreamChannel$EpollStreamUnsafe.epollInReady(AbstractEpollStreamChannel.java:804)
api-gateway-1  | 2026-09-23T08:28:52.639520185Z 		at io.netty.channel.epoll.AbstractEpollChannel$AbstractEpollUnsafe.handle(AbstractEpollChannel.java:482)
api-gateway-1  | 2026-09-23T08:28:52.639523963Z 		at io.netty.channel.epoll.EpollIoHandler$DefaultEpollIoRegistration.handle(EpollIoHandler.java:317)
api-gateway-1  | 2026-09-23T08:28:52.639527830Z 		at io.netty.channel.epoll.EpollIoHandler.processReady(EpollIoHandler.java:515)
api-gateway-1  | 2026-09-23T08:28:52.639531858Z 		at io.netty.channel.epoll.EpollIoHandler.run(EpollIoHandler.java:460)
api-gateway-1  | 2026-09-23T08:28:52.639535816Z 		at io.netty.channel.SingleThreadIoEventLoop.runIo(SingleThreadIoEventLoop.java:225)
api-gateway-1  | 2026-09-23T08:28:52.639539824Z 		at io.netty.channel.SingleThreadIoEventLoop.run(SingleThreadIoEventLoop.java:196)
api-gateway-1  | 2026-09-23T08:28:52.639543762Z 		at io.netty.util.concurrent.SingleThreadEventExecutor$5.run(SingleThreadEventExecutor.java:1195)
api-gateway-1  | 2026-09-23T08:28:52.639547589Z 		at io.netty.util.internal.ThreadExecutorMap$2.run(ThreadExecutorMap.java:74)
api-gateway-1  | 2026-09-23T08:28:52.639551317Z 		at io.netty.util.concurrent.FastThreadLocalRunnable.run(FastThreadLocalRunnable.java:30)
api-gateway-1  | 2026-09-23T08:28:52.639561647Z 		at java.base/java.lang.Thread.run(Thread.java:840)
api-gateway-1  | 2026-09-23T08:28:52.639565685Z 
api-gateway-1  | 2026-09-23T08:28:52.644544144Z 2026-09-23T08:28:52.643Z  WARN 1 --- [api-gateway] [or-http-epoll-3] [                                                 ] i.m.o.c.ObservationThreadLocalAccessor   : There is no current scope in thread local. This situation should not happen
api-gateway-1  | 2026-09-23T08:28:52.644995622Z 2026-09-23T08:28:52.644Z  WARN 1 --- [api-gateway] [or-http-epoll-3] [                                                 ] i.m.o.c.ObservationThreadLocalAccessor   : Observation <{name=http.server.requests(http get /api/gateway/owners/{ownerId}), error=org.springframework.web.reactive.function.client.WebClientResponseException$ServiceUnavailable: 503 Service Unavailable from UNKNOWN , context=name='http.server.requests', contextualName='http get /api/gateway/owners/{ownerId}', error='org.springframework.web.reactive.function.client.WebClientResponseException$ServiceUnavailable: 503 Service Unavailable from UNKNOWN ', lowCardinalityKeyValues=[exception='ServiceUnavailable', method='GET', outcome='SERVER_ERROR', status='500', uri='/api/gateway/owners/{ownerId}'], highCardinalityKeyValues=[http.url='/api/gateway/owners/6'], map=[class io.micrometer.tracing.handler.TracingObservationHandler$TracingContext='TracingContext{span=6ab38dc45efc816a50fd02795fa53f32/50fd02795fa53f32}', class io.micrometer.core.instrument.LongTaskTimer$Sample='SampleImpl{duration(seconds)=-1.0E-9, duration(nanos)=-1.0, startTimeNanos=1611959914302}', class io.micrometer.core.instrument.Timer$Sample='io.micrometer.core.instrument.Timer$Sample@32da7aca'], parentObservation=null}> to which we're restoring is not the same as the one set as this scope's parent observation <null>. Most likely a manually created Observation has a scope opened that was never closed. This may lead to thread polluting and memory leaks.
api-gateway-1  | 2026-09-23T08:28:54.668969784Z 2026-09-23T08:28:54.668Z  WARN 1 --- [api-gateway] [/api/v2/spans}}] [                                                 ] z.r.i.AsyncReporter$BoundedAsyncReporter : Spans were dropped due to exceptions. All subsequent errors will be logged at FINE level.
api-gateway-1  | 2026-09-23T08:28:54.670824895Z 2026-09-23T08:28:54.669Z  WARN 1 --- [api-gateway] [/api/v2/spans}}] [                                                 ] z.r.i.AsyncReporter$BoundedAsyncReporter : Dropped 1 spans due to ConnectException()
api-gateway-1  | 2026-09-23T08:28:54.670844493Z 
api-gateway-1  | 2026-09-23T08:28:54.670849032Z java.net.ConnectException
api-gateway-1  | 2026-09-23T08:28:54.670852910Z 	at java.net.http/jdk.internal.net.http.HttpClientImpl.send(HttpClientImpl.java:900)
api-gateway-1  | 2026-09-23T08:28:54.670857258Z 	at java.net.http/jdk.internal.net.http.HttpClientFacade.send(HttpClientFacade.java:133)
api-gateway-1  | 2026-09-23T08:28:54.670861256Z 	at org.springframework.boot.zipkin.autoconfigure.ZipkinHttpClientSender.postSpans(ZipkinHttpClientSender.java:59)
api-gateway-1  | 2026-09-23T08:28:54.670865374Z 	at org.springframework.boot.zipkin.autoconfigure.HttpSender.postSpans(HttpSender.java:69)
api-gateway-1  | 2026-09-23T08:28:54.670869072Z 	at org.springframework.boot.zipkin.autoconfigure.HttpSender.postSpans(HttpSender.java:41)
api-gateway-1  | 2026-09-23T08:28:54.670872979Z 	at zipkin2.reporter.BaseHttpSender.send(BaseHttpSender.java:123)
api-gateway-1  | 2026-09-23T08:28:54.670876957Z 	at zipkin2.reporter.internal.AsyncReporter$BoundedAsyncReporter.flush(AsyncReporter.java:266)
api-gateway-1  | 2026-09-23T08:28:54.670880825Z 	at zipkin2.reporter.internal.AsyncReporter$Flusher.run(AsyncReporter.java:352)
api-gateway-1  | 2026-09-23T08:28:54.671048553Z 	at java.base/java.lang.Thread.run(Thread.java:840)
api-gateway-1  | 2026-09-23T08:28:54.671058463Z Caused by: java.net.ConnectException
api-gateway-1  | 2026-09-23T08:28:54.671063332Z 	at java.net.http/jdk.internal.net.http.common.Utils.toConnectException(Utils.java:1107)
api-gateway-1  | 2026-09-23T08:28:54.671067530Z 	at java.net.http/jdk.internal.net.http.PlainHttpConnection.connectAsync(PlainHttpConnection.java:203)
api-gateway-1  | 2026-09-23T08:28:54.671071689Z 	at java.net.http/jdk.internal.net.http.Http1Exchange.sendHeadersAsync(Http1Exchange.java:308)
api-gateway-1  | 2026-09-23T08:28:54.671075817Z 	at java.net.http/jdk.internal.net.http.Exchange.lambda$responseAsyncImpl0$8(Exchange.java:564)
api-gateway-1  | 2026-09-23T08:28:54.671079985Z 	at java.net.http/jdk.internal.net.http.Exchange.checkFor407(Exchange.java:435)
api-gateway-1  | 2026-09-23T08:28:54.671084173Z 	at java.net.http/jdk.internal.net.http.Exchange.lambda$responseAsyncImpl0$9(Exchange.java:568)
api-gateway-1  | 2026-09-23T08:28:54.671088362Z 	at java.base/java.util.concurrent.CompletableFuture.uniHandle(CompletableFuture.java:934)
api-gateway-1  | 2026-09-23T08:28:54.671092369Z 	at java.base/java.util.concurrent.CompletableFuture.uniHandleStage(CompletableFuture.java:950)
api-gateway-1  | 2026-09-23T08:28:54.671096217Z 	at java.base/java.util.concurrent.CompletableFuture.handle(CompletableFuture.java:2340)
api-gateway-1  | 2026-09-23T08:28:54.671105215Z 	at java.net.http/jdk.internal.net.http.Exchange.responseAsyncImpl0(Exchange.java:568)
api-gateway-1  | 2026-09-23T08:28:54.671110145Z 	at java.net.http/jdk.internal.net.http.Exchange.responseAsyncImpl(Exchange.java:411)
api-gateway-1  | 2026-09-23T08:28:54.671117699Z 	at java.net.http/jdk.internal.net.http.Exchange.responseAsync(Exchange.java:403)
api-gateway-1  | 2026-09-23T08:28:54.671122218Z 	at java.net.http/jdk.internal.net.http.MultiExchange.responseAsyncImpl(MultiExchange.java:430)
api-gateway-1  | 2026-09-23T08:28:54.671127729Z 	at java.net.http/jdk.internal.net.http.MultiExchange.lambda$responseAsyncImpl$7(MultiExchange.java:471)
api-gateway-1  | 2026-09-23T08:28:54.671132499Z 	at java.base/java.util.concurrent.CompletableFuture.uniHandle(CompletableFuture.java:934)
api-gateway-1  | 2026-09-23T08:28:54.671137388Z 	at java.base/java.util.concurrent.CompletableFuture.uniHandleStage(CompletableFuture.java:950)
api-gateway-1  | 2026-09-23T08:28:54.671141556Z 	at java.base/java.util.concurrent.CompletableFuture.handle(CompletableFuture.java:2340)
api-gateway-1  | 2026-09-23T08:28:54.671146406Z 	at java.net.http/jdk.internal.net.http.MultiExchange.responseAsyncImpl(MultiExchange.java:461)
api-gateway-1  | 2026-09-23T08:28:54.671150584Z 	at java.net.http/jdk.internal.net.http.MultiExchange.lambda$responseAsync0$2(MultiExchange.java:350)
api-gateway-1  | 2026-09-23T08:28:54.671154332Z 	at java.base/java.util.concurrent.CompletableFuture$UniCompose.tryFire(CompletableFuture.java:1150)
api-gateway-1  | 2026-09-23T08:28:54.671158831Z 	at java.base/java.util.concurrent.CompletableFuture.postComplete(CompletableFuture.java:510)
api-gateway-1  | 2026-09-23T08:28:54.671182497Z 	at java.base/java.util.concurrent.CompletableFuture$AsyncSupply.run(CompletableFuture.java:1773)
api-gateway-1  | 2026-09-23T08:28:54.671187086Z 	at java.net.http/jdk.internal.net.http.HttpClientImpl$DelegatingExecutor.execute(HttpClientImpl.java:174)
api-gateway-1  | 2026-09-23T08:28:54.671202647Z 	at java.base/java.util.concurrent.CompletableFuture.completeAsync(CompletableFuture.java:2673)
api-gateway-1  | 2026-09-23T08:28:54.671207196Z 	at java.net.http/jdk.internal.net.http.MultiExchange.responseAsync(MultiExchange.java:303)
api-gateway-1  | 2026-09-23T08:28:54.671210983Z 	at java.net.http/jdk.internal.net.http.HttpClientImpl.sendAsync(HttpClientImpl.java:991)
api-gateway-1  | 2026-09-23T08:28:54.671214741Z 	at java.net.http/jdk.internal.net.http.HttpClientImpl.send(HttpClientImpl.java:878)
api-gateway-1  | 2026-09-23T08:28:54.671218669Z 	... 8 common frames omitted
api-gateway-1  | 2026-09-23T08:28:54.671222436Z Caused by: java.nio.channels.UnresolvedAddressException
api-gateway-1  | 2026-09-23T08:28:54.671226785Z 	at java.base/sun.nio.ch.Net.checkAddress(Net.java:159)
api-gateway-1  | 2026-09-23T08:28:54.671231133Z 	at java.base/sun.nio.ch.Net.checkAddress(Net.java:167)
api-gateway-1  | 2026-09-23T08:28:54.671235361Z 	at java.base/sun.nio.ch.SocketChannelImpl.checkRemote(SocketChannelImpl.java:816)
api-gateway-1  | 2026-09-23T08:28:54.671239580Z 	at java.base/sun.nio.ch.SocketChannelImpl.connect(SocketChannelImpl.java:839)
api-gateway-1  | 2026-09-23T08:28:54.671243568Z 	at java.net.http/jdk.internal.net.http.PlainHttpConnection.lambda$connectAsync$0(PlainHttpConnection.java:187)
api-gateway-1  | 2026-09-23T08:28:54.671248848Z 	at java.base/java.security.AccessController.doPrivileged(AccessController.java:569)
api-gateway-1  | 2026-09-23T08:28:54.671253297Z 	at java.net.http/jdk.internal.net.http.PlainHttpConnection.connectAsync(PlainHttpConnection.java:189)
api-gateway-1  | 2026-09-23T08:28:54.671257385Z 	... 33 common frames omitted
api-gateway-1  | 2026-09-23T08:28:54.671261693Z 
api-gateway-1  | 2026-09-23T08:28:55.674866120Z 2026-09-23T08:28:55.674Z  WARN 1 --- [api-gateway] [or-http-epoll-4] [6ab38dc7c02e8c651e7147aba8418d60-1e7147aba8418d60] i.m.o.c.ObservationThreadLocalAccessor   : Observation <{name=http.server.requests(null), error=null, context=name='http.server.requests', contextualName='null', error='null', lowCardinalityKeyValues=[exception='none', method='GET', outcome='SUCCESS', status='200', uri='UNKNOWN'], highCardinalityKeyValues=[http.url='/api/gateway/owners/6'], map=[class io.micrometer.tracing.handler.TracingObservationHandler$TracingContext='TracingContext{span=6ab38dc7c02e8c651e7147aba8418d60/1e7147aba8418d60}', class io.micrometer.core.instrument.LongTaskTimer$Sample='SampleImpl{duration(seconds)=0.004754889, duration(nanos)=4754889.0, startTimeNanos=1615006193507}', class io.micrometer.core.instrument.Timer$Sample='io.micrometer.core.instrument.Timer$Sample@1572e36b'], parentObservation=null}> to which we're restoring is not the same as the one set as this scope's parent observation <null>. Most likely a manually created Observation has a scope opened that was never closed. This may lead to thread polluting and memory leaks.
api-gateway-1  | 2026-09-23T08:28:55.677133907Z 2026-09-23T08:28:55.676Z  WARN 1 --- [api-gateway] [or-http-epoll-4] [                                                 ] o.s.c.l.core.RoundRobinLoadBalancer      : No servers available for service: customers-service
api-gateway-1  | 2026-09-23T08:28:55.677402890Z 2026-09-23T08:28:55.677Z  WARN 1 --- [api-gateway] [or-http-epoll-4] [                                                 ] eactorLoadBalancerExchangeFilterFunction : LoadBalancer does not contain an instance for the service customers-service
api-gateway-1  | 2026-09-23T08:28:55.680278313Z 2026-09-23T08:28:55.679Z ERROR 1 --- [api-gateway] [or-http-epoll-4] [6ab38dc7c02e8c651e7147aba8418d60-1e7147aba8418d60] b.w.a.e.AbstractErrorWebExceptionHandler : [799e11be-3]  500 Server Error for HTTP GET "/api/gateway/owners/6"
api-gateway-1  | 2026-09-23T08:28:55.680317440Z 
api-gateway-1  | 2026-09-23T08:28:55.680325446Z org.springframework.web.reactive.function.client.WebClientResponseException$ServiceUnavailable: 503 Service Unavailable from UNKNOWN 
api-gateway-1  | 2026-09-23T08:28:55.680331397Z 	at org.springframework.web.reactive.function.client.WebClientResponseException.create(WebClientResponseException.java:322)
api-gateway-1  | 2026-09-23T08:28:55.680337239Z 	Suppressed: The stacktrace has been enhanced by Reactor, refer to additional information below: 
api-gateway-1  | 2026-09-23T08:28:55.680342610Z Error has been observed at the following site(s):
api-gateway-1  | 2026-09-23T08:28:55.680347740Z 	*__checkpoint ⇢ 503 SERVICE_UNAVAILABLE from GET http://customers-service/owners/6 [DefaultWebClient]
api-gateway-1  | 2026-09-23T08:28:55.680353982Z 	*__checkpoint ⇢ Handler org.springframework.samples.petclinic.api.boundary.web.ApiGatewayController#getOwnerDetails(int) [DispatcherHandler]
api-gateway-1  | 2026-09-23T08:28:55.680359633Z 	*__checkpoint ⇢ org.springframework.cloud.gateway.filter.WeightCalculatorWebFilter@7abcc0da
api-gateway-1  | 2026-09-23T08:28:55.680364894Z 	*__checkpoint ⇢ HTTP GET "/api/gateway/owners/6" [ExceptionHandlingWebHandler]
api-gateway-1  | 2026-09-23T08:28:55.680370304Z Original Stack Trace:
api-gateway-1  | 2026-09-23T08:28:55.680375334Z 		at org.springframework.web.reactive.function.client.WebClientResponseException.create(WebClientResponseException.java:322)
api-gateway-1  | 2026-09-23T08:28:55.680380705Z 		at org.springframework.web.reactive.function.client.DefaultClientResponse.lambda$createException$1(DefaultClientResponse.java:214)
api-gateway-1  | 2026-09-23T08:28:55.680385985Z 		at reactor.core.publisher.FluxMap$MapSubscriber.onNext(FluxMap.java:106)
api-gateway-1  | 2026-09-23T08:28:55.680391105Z 		at reactor.core.publisher.FluxOnErrorReturn$ReturnSubscriber.onNext(FluxOnErrorReturn.java:159)
api-gateway-1  | 2026-09-23T08:28:55.680396295Z 		at reactor.core.publisher.FluxDefaultIfEmpty$DefaultIfEmptySubscriber.onNext(FluxDefaultIfEmpty.java:123)
api-gateway-1  | 2026-09-23T08:28:55.680401466Z 		at reactor.core.publisher.FluxMapFuseable$MapFuseableSubscriber.onNext(FluxMapFuseable.java:130)
api-gateway-1  | 2026-09-23T08:28:55.680406606Z 		at reactor.core.publisher.FluxContextWrite$ContextWriteSubscriber.onNext(FluxContextWrite.java:109)
api-gateway-1  | 2026-09-23T08:28:55.680411746Z 		at reactor.core.publisher.FluxMapFuseable$MapFuseableConditionalSubscriber.onNext(FluxMapFuseable.java:300)
api-gateway-1  | 2026-09-23T08:28:55.680418169Z 		at reactor.core.publisher.FluxFilterFuseable$FilterFuseableConditionalSubscriber.onNext(FluxFilterFuseable.java:338)
api-gateway-1  | 2026-09-23T08:28:55.680423439Z 		at reactor.core.publisher.Operators$BaseFluxToMonoOperator.completePossiblyEmpty(Operators.java:2093)
api-gateway-1  | 2026-09-23T08:28:55.680428639Z 		at reactor.core.publisher.MonoCollect$CollectSubscriber.onComplete(MonoCollect.java:144)
api-gateway-1  | 2026-09-23T08:28:55.680433799Z 		at reactor.core.publisher.FluxMapFuseable$MapFuseableSubscriber.onComplete(FluxMapFuseable.java:153)
api-gateway-1  | 2026-09-23T08:28:55.680456184Z 		at reactor.core.publisher.Operators$ScalarSubscription.request(Operators.java:2567)
api-gateway-1  | 2026-09-23T08:28:55.680461564Z 		at reactor.core.publisher.FluxMapFuseable$MapFuseableSubscriber.request(FluxMapFuseable.java:172)
api-gateway-1  | 2026-09-23T08:28:55.680466794Z 		at reactor.core.publisher.Operators$BaseFluxToMonoOperator.request(Operators.java:2063)
api-gateway-1  | 2026-09-23T08:28:55.680471904Z 		at reactor.core.publisher.FluxFilterFuseable$FilterFuseableConditionalSubscriber.request(FluxFilterFuseable.java:411)
api-gateway-1  | 2026-09-23T08:28:55.680477055Z 		at reactor.core.publisher.FluxMapFuseable$MapFuseableConditionalSubscriber.request(FluxMapFuseable.java:361)
api-gateway-1  | 2026-09-23T08:28:55.680482185Z 		at reactor.core.publisher.FluxContextWrite$ContextWriteSubscriber.request(FluxContextWrite.java:138)
api-gateway-1  | 2026-09-23T08:28:55.680487345Z 		at reactor.core.publisher.FluxMapFuseable$MapFuseableSubscriber.request(FluxMapFuseable.java:172)
api-gateway-1  | 2026-09-23T08:28:55.680492475Z 		at reactor.core.publisher.FluxDefaultIfEmpty$DefaultIfEmptySubscriber.request(FluxDefaultIfEmpty.java:99)
api-gateway-1  | 2026-09-23T08:28:55.680497645Z 		at reactor.core.publisher.FluxOnErrorReturn$ReturnSubscriber.request(FluxOnErrorReturn.java:150)
api-gateway-1  | 2026-09-23T08:28:55.680502795Z 		at reactor.core.publisher.FluxMap$MapSubscriber.request(FluxMap.java:163)
api-gateway-1  | 2026-09-23T08:28:55.680507885Z 		at reactor.core.publisher.MonoFlatMap$FlatMapMain.request(MonoFlatMap.java:195)
api-gateway-1  | 2026-09-23T08:28:55.680513006Z 		at reactor.core.publisher.Operators$MultiSubscriptionSubscriber.set(Operators.java:2361)
api-gateway-1  | 2026-09-23T08:28:55.680518126Z 		at reactor.core.publisher.FluxOnErrorResume$ResumeSubscriber.onSubscribe(FluxOnErrorResume.java:75)
api-gateway-1  | 2026-09-23T08:28:55.680523276Z 		at reactor.core.publisher.MonoFlatMap$FlatMapMain.onSubscribe(MonoFlatMap.java:118)
api-gateway-1  | 2026-09-23T08:28:55.680528376Z 		at reactor.core.publisher.FluxMap$MapSubscriber.onSubscribe(FluxMap.java:92)
api-gateway-1  | 2026-09-23T08:28:55.680533486Z 		at reactor.core.publisher.FluxOnErrorReturn$ReturnSubscriber.onSubscribe(FluxOnErrorReturn.java:92)
api-gateway-1  | 2026-09-23T08:28:55.680538616Z 		at reactor.core.publisher.Operators$BaseFluxToMonoOperator.onSubscribe(Operators.java:2047)
api-gateway-1  | 2026-09-23T08:28:55.680543796Z 		at reactor.core.publisher.FluxMapFuseable$MapFuseableSubscriber.onSubscribe(FluxMapFuseable.java:96)
api-gateway-1  | 2026-09-23T08:28:55.680549447Z 		at reactor.core.publisher.FluxContextWrite$ContextWriteSubscriber.onSubscribe(FluxContextWrite.java:103)
api-gateway-1  | 2026-09-23T08:28:55.680554658Z 		at reactor.core.publisher.FluxMapFuseable$MapFuseableConditionalSubscriber.onSubscribe(FluxMapFuseable.java:265)
api-gateway-1  | 2026-09-23T08:28:55.680559898Z 		at reactor.core.publisher.FluxFilterFuseable$FilterFuseableConditionalSubscriber.onSubscribe(FluxFilterFuseable.java:305)
api-gateway-1  | 2026-09-23T08:28:55.680565098Z 		at reactor.core.publisher.Operators$BaseFluxToMonoOperator.onSubscribe(Operators.java:2047)
api-gateway-1  | 2026-09-23T08:28:55.680570228Z 		at reactor.core.publisher.FluxMapFuseable$MapFuseableSubscriber.onSubscribe(FluxMapFuseable.java:96)
api-gateway-1  | 2026-09-23T08:28:55.680586641Z 		at reactor.core.publisher.FluxJust.subscribe(FluxJust.java:69)
api-gateway-1  | 2026-09-23T08:28:55.680591921Z 		at reactor.core.publisher.InternalMonoOperator.subscribe(InternalMonoOperator.java:75)
api-gateway-1  | 2026-09-23T08:28:55.680597041Z 		at reactor.core.publisher.MonoFlatMap$FlatMapMain.onNext(MonoFlatMap.java:166)
api-gateway-1  | 2026-09-23T08:28:55.680602181Z 		at reactor.core.publisher.MonoContextWriteRestoringThreadLocals$ContextWriteRestoringThreadLocalsSubscriber.onNext(MonoContextWriteRestoringThreadLocals.java:111)
api-gateway-1  | 2026-09-23T08:28:55.680607502Z 		at reactor.core.publisher.FluxDoFinally$DoFinallySubscriber.onNext(FluxDoFinally.java:113)
api-gateway-1  | 2026-09-23T08:28:55.680612662Z 		at reactor.core.publisher.MonoPeekTerminal$MonoTerminalPeekSubscriber.onNext(MonoPeekTerminal.java:184)
api-gateway-1  | 2026-09-23T08:28:55.680617842Z 		at reactor.core.publisher.FluxPeekFuseable$PeekConditionalSubscriber.onNext(FluxPeekFuseable.java:850)
api-gateway-1  | 2026-09-23T08:28:55.680623002Z 		at reactor.core.publisher.FluxSwitchIfEmpty$SwitchIfEmptySubscriber.onNext(FluxSwitchIfEmpty.java:75)
api-gateway-1  | 2026-09-23T08:28:55.680628173Z 		at reactor.core.publisher.MonoFlatMap$FlatMapMain.onNext(MonoFlatMap.java:159)
api-gateway-1  | 2026-09-23T08:28:55.680633273Z 		at reactor.core.publisher.FluxMap$MapSubscriber.onNext(FluxMap.java:122)
api-gateway-1  | 2026-09-23T08:28:55.680638373Z 		at reactor.core.publisher.MonoNext$NextSubscriber.onNext(MonoNext.java:83)
api-gateway-1  | 2026-09-23T08:28:55.680643473Z 		at reactor.core.publisher.FluxDematerialize$DematerializeSubscriber.onNext(FluxDematerialize.java:102)
api-gateway-1  | 2026-09-23T08:28:55.680648613Z 		at reactor.core.publisher.FluxDematerialize$DematerializeSubscriber.onNext(FluxDematerialize.java:44)
api-gateway-1  | 2026-09-23T08:28:55.680653763Z 		at reactor.core.publisher.FluxFlattenIterable$FlattenIterableSubscriber.drainAsync(FluxFlattenIterable.java:455)
api-gateway-1  | 2026-09-23T08:28:55.680658923Z 		at reactor.core.publisher.FluxFlattenIterable$FlattenIterableSubscriber.drain(FluxFlattenIterable.java:726)
api-gateway-1  | 2026-09-23T08:28:55.680664935Z 		at reactor.core.publisher.FluxFlattenIterable$FlattenIterableSubscriber.onNext(FluxFlattenIterable.java:258)
api-gateway-1  | 2026-09-23T08:28:55.680670356Z 		at reactor.core.publisher.FluxSwitchIfEmpty$SwitchIfEmptySubscriber.onNext(FluxSwitchIfEmpty.java:75)
api-gateway-1  | 2026-09-23T08:28:55.680675576Z 		at reactor.core.publisher.MonoFlatMap$FlatMapMain.secondComplete(MonoFlatMap.java:246)
api-gateway-1  | 2026-09-23T08:28:55.680680726Z 		at reactor.core.publisher.MonoFlatMap$FlatMapInner.onNext(MonoFlatMap.java:307)
api-gateway-1  | 2026-09-23T08:28:55.680685846Z 		at reactor.core.publisher.MonoIgnoreThen$ThenIgnoreMain.complete(MonoIgnoreThen.java:297)
api-gateway-1  | 2026-09-23T08:28:55.680690956Z 		at reactor.core.publisher.MonoIgnoreThen$ThenIgnoreMain.onNext(MonoIgnoreThen.java:191)
api-gateway-1  | 2026-09-23T08:28:55.680696107Z 		at reactor.core.publisher.MonoIgnoreThen$ThenIgnoreMain.subscribeNext(MonoIgnoreThen.java:240)
api-gateway-1  | 2026-09-23T08:28:55.680701247Z 		at reactor.core.publisher.MonoIgnoreThen$ThenIgnoreMain.onComplete(MonoIgnoreThen.java:207)
api-gateway-1  | 2026-09-23T08:28:55.680715575Z 		at reactor.core.publisher.MonoIgnoreElements$IgnoreElementsSubscriber.onComplete(MonoIgnoreElements.java:89)
api-gateway-1  | 2026-09-23T08:28:55.680720885Z 		at reactor.core.publisher.FluxPeek$PeekSubscriber.onComplete(FluxPeek.java:263)
api-gateway-1  | 2026-09-23T08:28:55.680725955Z 		at reactor.core.publisher.FluxDematerialize$DematerializeSubscriber.onComplete(FluxDematerialize.java:125)
api-gateway-1  | 2026-09-23T08:28:55.680731086Z 		at reactor.core.publisher.FluxDematerialize$DematerializeSubscriber.onNext(FluxDematerialize.java:91)
api-gateway-1  | 2026-09-23T08:28:55.680736206Z 		at reactor.core.publisher.FluxDematerialize$DematerializeSubscriber.onNext(FluxDematerialize.java:44)
api-gateway-1  | 2026-09-23T08:28:55.680741336Z 		at reactor.core.publisher.FluxIterable$IterableSubscription.fastPath(FluxIterable.java:402)
api-gateway-1  | 2026-09-23T08:28:55.680746516Z 		at reactor.core.publisher.FluxIterable$IterableSubscription.request(FluxIterable.java:291)
api-gateway-1  | 2026-09-23T08:28:55.680751676Z 		at reactor.core.publisher.FluxDematerialize$DematerializeSubscriber.request(FluxDematerialize.java:131)
api-gateway-1  | 2026-09-23T08:28:55.680756866Z 		at reactor.core.publisher.FluxPeek$PeekSubscriber.request(FluxPeek.java:141)
api-gateway-1  | 2026-09-23T08:28:55.680761966Z 		at reactor.core.publisher.MonoIgnoreElements$IgnoreElementsSubscriber.onSubscribe(MonoIgnoreElements.java:72)
api-gateway-1  | 2026-09-23T08:28:55.680767127Z 		at reactor.core.publisher.FluxPeek$PeekSubscriber.onSubscribe(FluxPeek.java:174)
api-gateway-1  | 2026-09-23T08:28:55.680772217Z 		at reactor.core.publisher.FluxDematerialize$DematerializeSubscriber.onSubscribe(FluxDematerialize.java:77)
api-gateway-1  | 2026-09-23T08:28:55.680777377Z 		at reactor.core.publisher.FluxIterable.subscribe(FluxIterable.java:200)
api-gateway-1  | 2026-09-23T08:28:55.680782858Z 		at reactor.core.publisher.FluxIterable.subscribe(FluxIterable.java:82)
api-gateway-1  | 2026-09-23T08:28:55.680787998Z 		at reactor.core.publisher.Mono.subscribe(Mono.java:4569)
api-gateway-1  | 2026-09-23T08:28:55.680793108Z 		at reactor.core.publisher.MonoIgnoreThen$ThenIgnoreMain.subscribeNext(MonoIgnoreThen.java:268)
api-gateway-1  | 2026-09-23T08:28:55.680798208Z 		at reactor.core.publisher.MonoIgnoreThen.subscribe(MonoIgnoreThen.java:51)
api-gateway-1  | 2026-09-23T08:28:55.680803248Z 		at reactor.core.publisher.MonoFlatMap$FlatMapMain.onNext(MonoFlatMap.java:166)
api-gateway-1  | 2026-09-23T08:28:55.680808368Z 		at reactor.core.publisher.Operators$BaseFluxToMonoOperator.completePossiblyEmpty(Operators.java:2093)
api-gateway-1  | 2026-09-23T08:28:55.680813528Z 		at reactor.core.publisher.MonoCollectList$MonoCollectListSubscriber.onComplete(MonoCollectList.java:117)
api-gateway-1  | 2026-09-23T08:28:55.680818768Z 		at reactor.core.publisher.DrainUtils.postCompleteDrain(DrainUtils.java:132)
api-gateway-1  | 2026-09-23T08:28:55.680823818Z 		at reactor.core.publisher.DrainUtils.postComplete(DrainUtils.java:187)
api-gateway-1  | 2026-09-23T08:28:55.680828918Z 		at reactor.core.publisher.FluxMaterialize$MaterializeSubscriber.onComplete(FluxMaterialize.java:141)
api-gateway-1  | 2026-09-23T08:28:55.680834049Z 		at reactor.core.publisher.FluxLimitRequest$FluxLimitRequestSubscriber.onNext(FluxLimitRequest.java:104)
api-gateway-1  | 2026-09-23T08:28:55.680848116Z 		at reactor.core.publisher.FluxOnErrorResume$ResumeSubscriber.onNext(FluxOnErrorResume.java:80)
api-gateway-1  | 2026-09-23T08:28:55.680853357Z 		at reactor.core.publisher.SerializedSubscriber.onNext(SerializedSubscriber.java:100)
api-gateway-1  | 2026-09-23T08:28:55.680858477Z 		at reactor.core.publisher.FluxTimeout$TimeoutMainSubscriber.onNext(FluxTimeout.java:182)
api-gateway-1  | 2026-09-23T08:28:55.680863607Z 		at reactor.core.publisher.Operators$BaseFluxToMonoOperator.completePossiblyEmpty(Operators.java:2093)
api-gateway-1  | 2026-09-23T08:28:55.680868777Z 		at reactor.core.publisher.MonoCollectList$MonoCollectListSubscriber.onComplete(MonoCollectList.java:117)
api-gateway-1  | 2026-09-23T08:28:55.680874007Z 		at reactor.core.publisher.FluxContextWriteRestoringThreadLocals$ContextWriteRestoringThreadLocalsSubscriber.onComplete(FluxContextWriteRestoringThreadLocals.java:150)
api-gateway-1  | 2026-09-23T08:28:55.680879378Z 		at org.springframework.cloud.commons.publisher.FluxFirstNonEmptyEmitting$FirstNonEmptyEmittingSubscriber.onComplete(FluxFirstNonEmptyEmitting.java:325)
api-gateway-1  | 2026-09-23T08:28:55.680884698Z 		at reactor.core.publisher.Operators.complete(Operators.java:137)
api-gateway-1  | 2026-09-23T08:28:55.680889788Z 		at reactor.core.publisher.FluxIterable.subscribe(FluxIterable.java:143)
api-gateway-1  | 2026-09-23T08:28:55.680894949Z 		at reactor.core.publisher.FluxIterable.subscribe(FluxIterable.java:82)
api-gateway-1  | 2026-09-23T08:28:55.680902433Z 		at reactor.core.publisher.Flux.subscribe(Flux.java:8888)
api-gateway-1  | 2026-09-23T08:28:55.680907974Z 		at org.springframework.cloud.commons.publisher.FluxFirstNonEmptyEmitting$RaceCoordinator.subscribe(FluxFirstNonEmptyEmitting.java:203)
api-gateway-1  | 2026-09-23T08:28:55.680913285Z 		at org.springframework.cloud.commons.publisher.FluxFirstNonEmptyEmitting.subscribe(FluxFirstNonEmptyEmitting.java:128)
api-gateway-1  | 2026-09-23T08:28:55.680918565Z 		at reactor.core.publisher.InternalFluxOperator.subscribe(InternalFluxOperator.java:67)
api-gateway-1  | 2026-09-23T08:28:55.680924517Z 		at reactor.core.publisher.FluxDefer.subscribe(FluxDefer.java:55)
api-gateway-1  | 2026-09-23T08:28:55.680929607Z 		at reactor.core.publisher.InternalFluxOperator.subscribe(InternalFluxOperator.java:67)
api-gateway-1  | 2026-09-23T08:28:55.680934827Z 		at reactor.core.publisher.FluxDefer.subscribe(FluxDefer.java:55)
api-gateway-1  | 2026-09-23T08:28:55.680939977Z 		at reactor.core.publisher.Mono.subscribe(Mono.java:4569)
api-gateway-1  | 2026-09-23T08:28:55.680945098Z 		at reactor.core.publisher.FluxSwitchIfEmpty$SwitchIfEmptySubscriber.onComplete(FluxSwitchIfEmpty.java:83)
api-gateway-1  | 2026-09-23T08:28:55.680950288Z 		at reactor.core.publisher.Operators.complete(Operators.java:137)
api-gateway-1  | 2026-09-23T08:28:55.680955378Z 		at reactor.core.publisher.MonoEmpty.subscribe(MonoEmpty.java:46)
api-gateway-1  | 2026-09-23T08:28:55.680960508Z 		at reactor.core.publisher.InternalFluxOperator.subscribe(InternalFluxOperator.java:67)
api-gateway-1  | 2026-09-23T08:28:55.680965628Z 		at reactor.core.publisher.FluxDefer.subscribe(FluxDefer.java:55)
api-gateway-1  | 2026-09-23T08:28:55.680970758Z 		at reactor.core.publisher.InternalMonoOperator.subscribe(InternalMonoOperator.java:75)
api-gateway-1  | 2026-09-23T08:28:55.680994495Z 		at reactor.core.publisher.MonoDefer.subscribe(MonoDefer.java:54)
api-gateway-1  | 2026-09-23T08:28:55.680999745Z 		at reactor.core.publisher.InternalMonoOperator.subscribe(InternalMonoOperator.java:75)
api-gateway-1  | 2026-09-23T08:28:55.681004915Z 		at reactor.core.publisher.MonoContextWriteRestoringThreadLocals.subscribe(MonoContextWriteRestoringThreadLocals.java:44)
api-gateway-1  | 2026-09-23T08:28:55.681010096Z 		at reactor.core.publisher.MonoDeferContextual.subscribe(MonoDeferContextual.java:56)
api-gateway-1  | 2026-09-23T08:28:55.681015226Z 		at reactor.core.publisher.FluxFromMonoOperator.subscribe(FluxFromMonoOperator.java:83)
api-gateway-1  | 2026-09-23T08:28:55.681020356Z 		at reactor.core.publisher.FluxDeferContextual.subscribe(FluxDeferContextual.java:58)
api-gateway-1  | 2026-09-23T08:28:55.681025466Z 		at reactor.core.publisher.InternalMonoOperator.subscribe(InternalMonoOperator.java:75)
api-gateway-1  | 2026-09-23T08:28:55.681030576Z 		at reactor.core.publisher.MonoFlatMap$FlatMapMain.onNext(MonoFlatMap.java:166)
api-gateway-1  | 2026-09-23T08:28:55.681035686Z 		at reactor.core.publisher.FluxOnErrorResume$ResumeSubscriber.onNext(FluxOnErrorResume.java:80)
api-gateway-1  | 2026-09-23T08:28:55.681040926Z 		at reactor.core.publisher.FluxOnErrorResume$ResumeSubscriber.onNext(FluxOnErrorResume.java:80)
api-gateway-1  | 2026-09-23T08:28:55.681046067Z 		at reactor.core.publisher.FluxPeek$PeekSubscriber.onNext(FluxPeek.java:203)
api-gateway-1  | 2026-09-23T08:28:55.681051517Z 		at reactor.core.publisher.MonoIgnoreThen$ThenIgnoreMain.complete(MonoIgnoreThen.java:297)
api-gateway-1  | 2026-09-23T08:28:55.681056657Z 		at reactor.core.publisher.MonoIgnoreThen$ThenIgnoreMain.onNext(MonoIgnoreThen.java:191)
api-gateway-1  | 2026-09-23T08:28:55.681061778Z 		at reactor.core.publisher.MonoFlatMap$FlatMapMain.onNext(MonoFlatMap.java:159)
api-gateway-1  | 2026-09-23T08:28:55.681067048Z 		at reactor.core.publisher.MonoZip$ZipCoordinator.signal(MonoZip.java:296)
api-gateway-1  | 2026-09-23T08:28:55.681072138Z 		at reactor.core.publisher.MonoZip$ZipInner.onNext(MonoZip.java:480)
api-gateway-1  | 2026-09-23T08:28:55.681077238Z 		at reactor.core.publisher.MonoPeekTerminal$MonoTerminalPeekSubscriber.onNext(MonoPeekTerminal.java:184)
api-gateway-1  | 2026-09-23T08:28:55.681082569Z 		at reactor.core.publisher.FluxDefaultIfEmpty$DefaultIfEmptySubscriber.onNext(FluxDefaultIfEmpty.java:123)
api-gateway-1  | 2026-09-23T08:28:55.681087809Z 		at reactor.core.publisher.FluxSwitchIfEmpty$SwitchIfEmptySubscriber.onNext(FluxSwitchIfEmpty.java:75)
api-gateway-1  | 2026-09-23T08:28:55.681092939Z 		at reactor.core.publisher.Operators$ScalarSubscription.request(Operators.java:2565)
api-gateway-1  | 2026-09-23T08:28:55.681098049Z 		at reactor.core.publisher.Operators$MultiSubscriptionSubscriber.set(Operators.java:2361)
api-gateway-1  | 2026-09-23T08:28:55.681103169Z 		at reactor.core.publisher.Operators$MultiSubscriptionSubscriber.onSubscribe(Operators.java:2235)
api-gateway-1  | 2026-09-23T08:28:55.681108279Z 		at reactor.core.publisher.FluxFlatMap.trySubscribeScalarMap(FluxFlatMap.java:193)
api-gateway-1  | 2026-09-23T08:28:55.681113369Z 		at reactor.core.publisher.MonoFlatMap.subscribeOrReturn(MonoFlatMap.java:53)
api-gateway-1  | 2026-09-23T08:28:55.681127337Z 		at reactor.core.publisher.InternalMonoOperator.subscribe(InternalMonoOperator.java:62)
api-gateway-1  | 2026-09-23T08:28:55.681132617Z 		at reactor.core.publisher.MonoZip$ZipCoordinator.request(MonoZip.java:219)
api-gateway-1  | 2026-09-23T08:28:55.681137687Z 		at reactor.core.publisher.MonoFlatMap$FlatMapMain.request(MonoFlatMap.java:195)
api-gateway-1  | 2026-09-23T08:28:55.681142757Z 		at reactor.core.publisher.MonoIgnoreThen$ThenIgnoreMain.onSubscribe(MonoIgnoreThen.java:135)
api-gateway-1  | 2026-09-23T08:28:55.681147867Z 		at reactor.core.publisher.MonoFlatMap$FlatMapMain.onSubscribe(MonoFlatMap.java:118)
api-gateway-1  | 2026-09-23T08:28:55.681152957Z 		at reactor.core.publisher.MonoZip.subscribe(MonoZip.java:129)
api-gateway-1  | 2026-09-23T08:28:55.681157977Z 		at reactor.core.publisher.InternalMonoOperator.subscribe(InternalMonoOperator.java:75)
api-gateway-1  | 2026-09-23T08:28:55.681163087Z 		at reactor.core.publisher.MonoDefer.subscribe(MonoDefer.java:54)
api-gateway-1  | 2026-09-23T08:28:55.681168187Z 		at reactor.core.publisher.MonoIgnoreThen$ThenIgnoreMain.subscribeNext(MonoIgnoreThen.java:244)
api-gateway-1  | 2026-09-23T08:28:55.681173388Z 		at reactor.core.publisher.MonoIgnoreThen$ThenIgnoreMain.onComplete(MonoIgnoreThen.java:207)
api-gateway-1  | 2026-09-23T08:28:55.681178077Z 		at reactor.core.publisher.MonoFlatMap$FlatMapMain.onComplete(MonoFlatMap.java:190)
api-gateway-1  | 2026-09-23T08:28:55.681181043Z 		at reactor.core.publisher.Operators.complete(Operators.java:137)
api-gateway-1  | 2026-09-23T08:28:55.681183958Z 		at reactor.core.publisher.MonoZip.subscribe(MonoZip.java:121)
api-gateway-1  | 2026-09-23T08:28:55.681186864Z 		at reactor.core.publisher.Mono.subscribe(Mono.java:4569)
api-gateway-1  | 2026-09-23T08:28:55.681189820Z 		at reactor.core.publisher.MonoIgnoreThen$ThenIgnoreMain.subscribeNext(MonoIgnoreThen.java:268)
api-gateway-1  | 2026-09-23T08:28:55.681192836Z 		at reactor.core.publisher.MonoIgnoreThen.subscribe(MonoIgnoreThen.java:51)
api-gateway-1  | 2026-09-23T08:28:55.681195762Z 		at reactor.core.publisher.InternalMonoOperator.subscribe(InternalMonoOperator.java:75)
api-gateway-1  | 2026-09-23T08:28:55.681198768Z 		at reactor.core.publisher.MonoFlatMap$FlatMapMain.onNext(MonoFlatMap.java:166)
api-gateway-1  | 2026-09-23T08:28:55.681201693Z 		at reactor.core.publisher.FluxOnErrorResume$ResumeSubscriber.onNext(FluxOnErrorResume.java:80)
api-gateway-1  | 2026-09-23T08:28:55.681204649Z 		at reactor.core.publisher.FluxSwitchIfEmpty$SwitchIfEmptySubscriber.onNext(FluxSwitchIfEmpty.java:75)
api-gateway-1  | 2026-09-23T08:28:55.681207585Z 		at reactor.core.publisher.MonoNext$NextSubscriber.onNext(MonoNext.java:83)
api-gateway-1  | 2026-09-23T08:28:55.681210531Z 		at reactor.core.publisher.FluxConcatMapNoPrefetch$FluxConcatMapNoPrefetchSubscriber.innerNext(FluxConcatMapNoPrefetch.java:259)
api-gateway-1  | 2026-09-23T08:28:55.681213507Z 		at reactor.core.publisher.FluxConcatMap$ConcatMapInner.onNext(FluxConcatMap.java:870)
api-gateway-1  | 2026-09-23T08:28:55.681216453Z 		at reactor.core.publisher.FluxMapFuseable$MapFuseableSubscriber.onNext(FluxMapFuseable.java:130)
api-gateway-1  | 2026-09-23T08:28:55.681219388Z 		at reactor.core.publisher.MonoPeekTerminal$MonoTerminalPeekSubscriber.onNext(MonoPeekTerminal.java:184)
api-gateway-1  | 2026-09-23T08:28:55.681227625Z 		at reactor.core.publisher.Operators$ScalarSubscription.request(Operators.java:2565)
api-gateway-1  | 2026-09-23T08:28:55.681230681Z 		at reactor.core.publisher.MonoPeekTerminal$MonoTerminalPeekSubscriber.request(MonoPeekTerminal.java:142)
api-gateway-1  | 2026-09-23T08:28:55.681233636Z 		at reactor.core.publisher.FluxMapFuseable$MapFuseableSubscriber.request(FluxMapFuseable.java:172)
api-gateway-1  | 2026-09-23T08:28:55.681236562Z 		at reactor.core.publisher.Operators$MultiSubscriptionSubscriber.request(Operators.java:2325)
api-gateway-1  | 2026-09-23T08:28:55.681239488Z 		at reactor.core.publisher.FluxConcatMapNoPrefetch$FluxConcatMapNoPrefetchSubscriber.request(FluxConcatMapNoPrefetch.java:339)
api-gateway-1  | 2026-09-23T08:28:55.681242464Z 		at reactor.core.publisher.MonoNext$NextSubscriber.request(MonoNext.java:109)
api-gateway-1  | 2026-09-23T08:28:55.681245370Z 		at reactor.core.publisher.Operators$MultiSubscriptionSubscriber.set(Operators.java:2361)
api-gateway-1  | 2026-09-23T08:28:55.681248315Z 		at reactor.core.publisher.Operators$MultiSubscriptionSubscriber.onSubscribe(Operators.java:2235)
api-gateway-1  | 2026-09-23T08:28:55.681251722Z 		at reactor.core.publisher.MonoNext$NextSubscriber.onSubscribe(MonoNext.java:71)
api-gateway-1  | 2026-09-23T08:28:55.681254708Z 		at reactor.core.publisher.FluxConcatMapNoPrefetch$FluxConcatMapNoPrefetchSubscriber.onSubscribe(FluxConcatMapNoPrefetch.java:164)
api-gateway-1  | 2026-09-23T08:28:55.681257724Z 		at reactor.core.publisher.FluxIterable.subscribe(FluxIterable.java:200)
api-gateway-1  | 2026-09-23T08:28:55.681260660Z 		at reactor.core.publisher.FluxIterable.subscribe(FluxIterable.java:82)
api-gateway-1  | 2026-09-23T08:28:55.681263575Z 		at reactor.core.publisher.InternalMonoOperator.subscribe(InternalMonoOperator.java:75)
api-gateway-1  | 2026-09-23T08:28:55.681266501Z 		at reactor.core.publisher.MonoDefer.subscribe(MonoDefer.java:54)
api-gateway-1  | 2026-09-23T08:28:55.681269457Z 		at reactor.core.publisher.InternalMonoOperator.subscribe(InternalMonoOperator.java:75)
api-gateway-1  | 2026-09-23T08:28:55.681272483Z 		at reactor.core.publisher.MonoDefer.subscribe(MonoDefer.java:54)
api-gateway-1  | 2026-09-23T08:28:55.681275389Z 		at reactor.core.publisher.InternalMonoOperator.subscribe(InternalMonoOperator.java:75)
api-gateway-1  | 2026-09-23T08:28:55.681278405Z 		at reactor.core.publisher.MonoTapRestoringThreadLocals.subscribe(MonoTapRestoringThreadLocals.java:78)
api-gateway-1  | 2026-09-23T08:28:55.681281381Z 		at reactor.core.publisher.Mono.subscribe(Mono.java:4569)
api-gateway-1  | 2026-09-23T08:28:55.681284286Z 		at reactor.core.publisher.MonoIgnoreThen$ThenIgnoreMain.subscribeNext(MonoIgnoreThen.java:268)
api-gateway-1  | 2026-09-23T08:28:55.681287232Z 		at reactor.core.publisher.MonoIgnoreThen.subscribe(MonoIgnoreThen.java:51)
api-gateway-1  | 2026-09-23T08:28:55.681290128Z 		at reactor.core.publisher.InternalMonoOperator.subscribe(InternalMonoOperator.java:75)
api-gateway-1  | 2026-09-23T08:28:55.681293054Z 		at reactor.core.publisher.MonoDeferContextual.subscribe(MonoDeferContextual.java:56)
api-gateway-1  | 2026-09-23T08:28:55.681295979Z 		at reactor.netty.http.server.HttpServer$HttpServerHandle.onStateChange(HttpServer.java:1344)
api-gateway-1  | 2026-09-23T08:28:55.681304196Z 		at reactor.netty.ReactorNetty$CompositeConnectionObserver.onStateChange(ReactorNetty.java:730)
api-gateway-1  | 2026-09-23T08:28:55.681307191Z 		at reactor.netty.transport.ServerTransport$ChildObserver.onStateChange(ServerTransport.java:489)
api-gateway-1  | 2026-09-23T08:28:55.681310147Z 		at reactor.netty.http.server.HttpServerOperations.handleDefaultHttpRequest(HttpServerOperations.java:863)
api-gateway-1  | 2026-09-23T08:28:55.681313123Z 		at reactor.netty.http.server.HttpServerOperations.onInboundNext(HttpServerOperations.java:789)
api-gateway-1  | 2026-09-23T08:28:55.681316059Z 		at reactor.netty.channel.ChannelOperationsHandler.channelRead(ChannelOperationsHandler.java:115)
api-gateway-1  | 2026-09-23T08:28:55.681318985Z 		at io.netty.channel.AbstractChannelHandlerContext.fireChannelRead(AbstractChannelHandlerContext.java:356)
api-gateway-1  | 2026-09-23T08:28:55.681322181Z 		at reactor.netty.http.server.HttpTrafficHandler.channelRead(HttpTrafficHandler.java:283)
api-gateway-1  | 2026-09-23T08:28:55.681325137Z 		at io.netty.channel.AbstractChannelHandlerContext.fireChannelRead(AbstractChannelHandlerContext.java:354)
api-gateway-1  | 2026-09-23T08:28:55.681328093Z 		at io.netty.channel.CombinedChannelDuplexHandler$DelegatingChannelHandlerContext.fireChannelRead(CombinedChannelDuplexHandler.java:434)
api-gateway-1  | 2026-09-23T08:28:55.681331079Z 		at io.netty.handler.codec.ByteToMessageDecoder.fireChannelRead(ByteToMessageDecoder.java:361)
api-gateway-1  | 2026-09-23T08:28:55.681334014Z 		at io.netty.handler.codec.ByteToMessageDecoder.channelRead(ByteToMessageDecoder.java:325)
api-gateway-1  | 2026-09-23T08:28:55.681336930Z 		at io.netty.channel.CombinedChannelDuplexHandler.channelRead(CombinedChannelDuplexHandler.java:249)
api-gateway-1  | 2026-09-23T08:28:55.681339866Z 		at io.netty.channel.AbstractChannelHandlerContext.fireChannelRead(AbstractChannelHandlerContext.java:354)
api-gateway-1  | 2026-09-23T08:28:55.681342822Z 		at io.netty.channel.DefaultChannelPipeline$HeadContext.channelRead(DefaultChannelPipeline.java:1429)
api-gateway-1  | 2026-09-23T08:28:55.681345747Z 		at io.netty.channel.DefaultChannelPipeline.fireChannelRead(DefaultChannelPipeline.java:918)
api-gateway-1  | 2026-09-23T08:28:55.681348683Z 		at io.netty.channel.epoll.AbstractEpollStreamChannel$EpollStreamUnsafe.epollInReady(AbstractEpollStreamChannel.java:804)
api-gateway-1  | 2026-09-23T08:28:55.681351659Z 		at io.netty.channel.epoll.AbstractEpollChannel$AbstractEpollUnsafe.handle(AbstractEpollChannel.java:482)
api-gateway-1  | 2026-09-23T08:28:55.681354615Z 		at io.netty.channel.epoll.EpollIoHandler$DefaultEpollIoRegistration.handle(EpollIoHandler.java:317)
api-gateway-1  | 2026-09-23T08:28:55.681357561Z 		at io.netty.channel.epoll.EpollIoHandler.processReady(EpollIoHandler.java:515)
api-gateway-1  | 2026-09-23T08:28:55.681360497Z 		at io.netty.channel.epoll.EpollIoHandler.run(EpollIoHandler.java:460)
api-gateway-1  | 2026-09-23T08:28:55.681363412Z 		at io.netty.channel.SingleThreadIoEventLoop.runIo(SingleThreadIoEventLoop.java:225)
api-gateway-1  | 2026-09-23T08:28:55.681366368Z 		at io.netty.channel.SingleThreadIoEventLoop.run(SingleThreadIoEventLoop.java:196)
api-gateway-1  | 2026-09-23T08:28:55.681369284Z 		at io.netty.util.concurrent.SingleThreadEventExecutor$5.run(SingleThreadEventExecutor.java:1195)
api-gateway-1  | 2026-09-23T08:28:55.681380165Z 		at io.netty.util.internal.ThreadExecutorMap$2.run(ThreadExecutorMap.java:74)
api-gateway-1  | 2026-09-23T08:28:55.681385426Z 		at io.netty.util.concurrent.FastThreadLocalRunnable.run(FastThreadLocalRunnable.java:30)
api-gateway-1  | 2026-09-23T08:28:55.681389173Z 		at java.base/java.lang.Thread.run(Thread.java:840)
api-gateway-1  | 2026-09-23T08:28:55.681392109Z 
api-gateway-1  | 2026-09-23T08:28:55.683917679Z 2026-09-23T08:28:55.683Z  WARN 1 --- [api-gateway] [or-http-epoll-4] [                                                 ] i.m.o.c.ObservationThreadLocalAccessor   : There is no current scope in thread local. This situation should not happen
api-gateway-1  | 2026-09-23T08:28:55.684400210Z 2026-09-23T08:28:55.684Z  WARN 1 --- [api-gateway] [or-http-epoll-4] [                                                 ] i.m.o.c.ObservationThreadLocalAccessor   : Observation <{name=http.server.requests(http get /api/gateway/owners/{ownerId}), error=org.springframework.web.reactive.function.client.WebClientResponseException$ServiceUnavailable: 503 Service Unavailable from UNKNOWN , context=name='http.server.requests', contextualName='http get /api/gateway/owners/{ownerId}', error='org.springframework.web.reactive.function.client.WebClientResponseException$ServiceUnavailable: 503 Service Unavailable from UNKNOWN ', lowCardinalityKeyValues=[exception='ServiceUnavailable', method='GET', outcome='SERVER_ERROR', status='500', uri='/api/gateway/owners/{ownerId}'], highCardinalityKeyValues=[http.url='/api/gateway/owners/6'], map=[class io.micrometer.tracing.handler.TracingObservationHandler$TracingContext='TracingContext{span=6ab38dc7c02e8c651e7147aba8418d60/1e7147aba8418d60}', class io.micrometer.core.instrument.LongTaskTimer$Sample='SampleImpl{duration(seconds)=-1.0E-9, duration(nanos)=-1.0, startTimeNanos=1615006193507}', class io.micrometer.core.instrument.Timer$Sample='io.micrometer.core.instrument.Timer$Sample@1572e36b'], parentObservation=null}> to which we're restoring is not the same as the one set as this scope's parent observation <null>. Most likely a manually created Observation has a scope opened that was never closed. This may lead to thread polluting and memory leaks.
api-gateway-1  | 2026-09-23T08:28:58.701514391Z 2026-09-23T08:28:58.700Z  WARN 1 --- [api-gateway] [or-http-epoll-5] [6ab38dca10767daa22c8bb6beaa6da1e-22c8bb6beaa6da1e] i.m.o.c.ObservationThreadLocalAccessor   : Observation <{name=http.server.requests(null), error=null, context=name='http.server.requests', contextualName='null', error='null', lowCardinalityKeyValues=[exception='none', method='GET', outcome='SUCCESS', status='200', uri='UNKNOWN'], highCardinalityKeyValues=[http.url='/api/gateway/owners/6'], map=[class io.micrometer.tracing.handler.TracingObservationHandler$TracingContext='TracingContext{span=6ab38dca10767daa22c8bb6beaa6da1e/22c8bb6beaa6da1e}', class io.micrometer.core.instrument.LongTaskTimer$Sample='SampleImpl{duration(seconds)=0.003050355, duration(nanos)=3050355.0, startTimeNanos=1618034246860}', class io.micrometer.core.instrument.Timer$Sample='io.micrometer.core.instrument.Timer$Sample@20c7a67'], parentObservation=null}> to which we're restoring is not the same as the one set as this scope's parent observation <null>. Most likely a manually created Observation has a scope opened that was never closed. This may lead to thread polluting and memory leaks.
api-gateway-1  | 2026-09-23T08:28:58.703561721Z 2026-09-23T08:28:58.703Z  WARN 1 --- [api-gateway] [or-http-epoll-5] [                                                 ] o.s.c.l.core.RoundRobinLoadBalancer      : No servers available for service: customers-service
api-gateway-1  | 2026-09-23T08:28:58.703757066Z 2026-09-23T08:28:58.703Z  WARN 1 --- [api-gateway] [or-http-epoll-5] [                                                 ] eactorLoadBalancerExchangeFilterFunction : LoadBalancer does not contain an instance for the service customers-service
api-gateway-1  | 2026-09-23T08:28:58.707186686Z 2026-09-23T08:28:58.705Z ERROR 1 --- [api-gateway] [or-http-epoll-5] [6ab38dca10767daa22c8bb6beaa6da1e-22c8bb6beaa6da1e] b.w.a.e.AbstractErrorWebExceptionHandler : [2f1cd3da-4]  500 Server Error for HTTP GET "/api/gateway/owners/6"
api-gateway-1  | 2026-09-23T08:28:58.707240422Z 
api-gateway-1  | 2026-09-23T08:28:58.707245572Z org.springframework.web.reactive.function.client.WebClientResponseException$ServiceUnavailable: 503 Service Unavailable from UNKNOWN 
api-gateway-1  | 2026-09-23T08:28:58.707250011Z 	at org.springframework.web.reactive.function.client.WebClientResponseException.create(WebClientResponseException.java:322)
api-gateway-1  | 2026-09-23T08:28:58.707255051Z 	Suppressed: The stacktrace has been enhanced by Reactor, refer to additional information below: 
api-gateway-1  | 2026-09-23T08:28:58.707259089Z Error has been observed at the following site(s):
api-gateway-1  | 2026-09-23T08:28:58.707262806Z 	*__checkpoint ⇢ 503 SERVICE_UNAVAILABLE from GET http://customers-service/owners/6 [DefaultWebClient]
api-gateway-1  | 2026-09-23T08:28:58.707267566Z 	*__checkpoint ⇢ Handler org.springframework.samples.petclinic.api.boundary.web.ApiGatewayController#getOwnerDetails(int) [DispatcherHandler]
api-gateway-1  | 2026-09-23T08:28:58.707271974Z 	*__checkpoint ⇢ org.springframework.cloud.gateway.filter.WeightCalculatorWebFilter@7abcc0da
api-gateway-1  | 2026-09-23T08:28:58.707276012Z 	*__checkpoint ⇢ HTTP GET "/api/gateway/owners/6" [ExceptionHandlingWebHandler]
api-gateway-1  | 2026-09-23T08:28:58.707280110Z Original Stack Trace:
api-gateway-1  | 2026-09-23T08:28:58.707283868Z 		at org.springframework.web.reactive.function.client.WebClientResponseException.create(WebClientResponseException.java:322)
api-gateway-1  | 2026-09-23T08:28:58.707288046Z 		at org.springframework.web.reactive.function.client.DefaultClientResponse.lambda$createException$1(DefaultClientResponse.java:214)
api-gateway-1  | 2026-09-23T08:28:58.707292385Z 		at reactor.core.publisher.FluxMap$MapSubscriber.onNext(FluxMap.java:106)
api-gateway-1  | 2026-09-23T08:28:58.707299048Z 		at reactor.core.publisher.FluxOnErrorReturn$ReturnSubscriber.onNext(FluxOnErrorReturn.java:159)
api-gateway-1  | 2026-09-23T08:28:58.707303286Z 		at reactor.core.publisher.FluxDefaultIfEmpty$DefaultIfEmptySubscriber.onNext(FluxDefaultIfEmpty.java:123)
api-gateway-1  | 2026-09-23T08:28:58.707307535Z 		at reactor.core.publisher.FluxMapFuseable$MapFuseableSubscriber.onNext(FluxMapFuseable.java:130)
api-gateway-1  | 2026-09-23T08:28:58.707311653Z 		at reactor.core.publisher.FluxContextWrite$ContextWriteSubscriber.onNext(FluxContextWrite.java:109)
api-gateway-1  | 2026-09-23T08:28:58.707315731Z 		at reactor.core.publisher.FluxMapFuseable$MapFuseableConditionalSubscriber.onNext(FluxMapFuseable.java:300)
api-gateway-1  | 2026-09-23T08:28:58.707321963Z 		at reactor.core.publisher.FluxFilterFuseable$FilterFuseableConditionalSubscriber.onNext(FluxFilterFuseable.java:338)
api-gateway-1  | 2026-09-23T08:28:58.707325901Z 		at reactor.core.publisher.Operators$BaseFluxToMonoOperator.completePossiblyEmpty(Operators.java:2093)
api-gateway-1  | 2026-09-23T08:28:58.707403824Z 		at reactor.core.publisher.MonoCollect$CollectSubscriber.onComplete(MonoCollect.java:144)
api-gateway-1  | 2026-09-23T08:28:58.707425918Z 		at reactor.core.publisher.FluxMapFuseable$MapFuseableSubscriber.onComplete(FluxMapFuseable.java:153)
api-gateway-1  | 2026-09-23T08:28:58.707430186Z 		at reactor.core.publisher.Operators$ScalarSubscription.request(Operators.java:2567)
api-gateway-1  | 2026-09-23T08:28:58.707434234Z 		at reactor.core.publisher.FluxMapFuseable$MapFuseableSubscriber.request(FluxMapFuseable.java:172)
api-gateway-1  | 2026-09-23T08:28:58.707438633Z 		at reactor.core.publisher.Operators$BaseFluxToMonoOperator.request(Operators.java:2063)
api-gateway-1  | 2026-09-23T08:28:58.707442501Z 		at reactor.core.publisher.FluxFilterFuseable$FilterFuseableConditionalSubscriber.request(FluxFilterFuseable.java:411)
api-gateway-1  | 2026-09-23T08:28:58.707446519Z 		at reactor.core.publisher.FluxMapFuseable$MapFuseableConditionalSubscriber.request(FluxMapFuseable.java:361)
api-gateway-1  | 2026-09-23T08:28:58.707450827Z 		at reactor.core.publisher.FluxContextWrite$ContextWriteSubscriber.request(FluxContextWrite.java:138)
api-gateway-1  | 2026-09-23T08:28:58.707455075Z 		at reactor.core.publisher.FluxMapFuseable$MapFuseableSubscriber.request(FluxMapFuseable.java:172)
api-gateway-1  | 2026-09-23T08:28:58.707459314Z 		at reactor.core.publisher.FluxDefaultIfEmpty$DefaultIfEmptySubscriber.request(FluxDefaultIfEmpty.java:99)
api-gateway-1  | 2026-09-23T08:28:58.707463592Z 		at reactor.core.publisher.FluxOnErrorReturn$ReturnSubscriber.request(FluxOnErrorReturn.java:150)
api-gateway-1  | 2026-09-23T08:28:58.707467700Z 		at reactor.core.publisher.FluxMap$MapSubscriber.request(FluxMap.java:163)
api-gateway-1  | 2026-09-23T08:28:58.707471558Z 		at reactor.core.publisher.MonoFlatMap$FlatMapMain.request(MonoFlatMap.java:195)
api-gateway-1  | 2026-09-23T08:28:58.707475526Z 		at reactor.core.publisher.Operators$MultiSubscriptionSubscriber.set(Operators.java:2361)
api-gateway-1  | 2026-09-23T08:28:58.707479223Z 		at reactor.core.publisher.FluxOnErrorResume$ResumeSubscriber.onSubscribe(FluxOnErrorResume.java:75)
api-gateway-1  | 2026-09-23T08:28:58.707482920Z 		at reactor.core.publisher.MonoFlatMap$FlatMapMain.onSubscribe(MonoFlatMap.java:118)
api-gateway-1  | 2026-09-23T08:28:58.707486588Z 		at reactor.core.publisher.FluxMap$MapSubscriber.onSubscribe(FluxMap.java:92)
api-gateway-1  | 2026-09-23T08:28:58.707490195Z 		at reactor.core.publisher.FluxOnErrorReturn$ReturnSubscriber.onSubscribe(FluxOnErrorReturn.java:92)
api-gateway-1  | 2026-09-23T08:28:58.707493852Z 		at reactor.core.publisher.Operators$BaseFluxToMonoOperator.onSubscribe(Operators.java:2047)
api-gateway-1  | 2026-09-23T08:28:58.707497730Z 		at reactor.core.publisher.FluxMapFuseable$MapFuseableSubscriber.onSubscribe(FluxMapFuseable.java:96)
api-gateway-1  | 2026-09-23T08:28:58.707502539Z 		at reactor.core.publisher.FluxContextWrite$ContextWriteSubscriber.onSubscribe(FluxContextWrite.java:103)
api-gateway-1  | 2026-09-23T08:28:58.707507138Z 		at reactor.core.publisher.FluxMapFuseable$MapFuseableConditionalSubscriber.onSubscribe(FluxMapFuseable.java:265)
api-gateway-1  | 2026-09-23T08:28:58.707511527Z 		at reactor.core.publisher.FluxFilterFuseable$FilterFuseableConditionalSubscriber.onSubscribe(FluxFilterFuseable.java:305)
api-gateway-1  | 2026-09-23T08:28:58.707525965Z 		at reactor.core.publisher.Operators$BaseFluxToMonoOperator.onSubscribe(Operators.java:2047)
api-gateway-1  | 2026-09-23T08:28:58.707531326Z 		at reactor.core.publisher.FluxMapFuseable$MapFuseableSubscriber.onSubscribe(FluxMapFuseable.java:96)
api-gateway-1  | 2026-09-23T08:28:58.707536466Z 		at reactor.core.publisher.FluxJust.subscribe(FluxJust.java:69)
api-gateway-1  | 2026-09-23T08:28:58.707540614Z 		at reactor.core.publisher.InternalMonoOperator.subscribe(InternalMonoOperator.java:75)
api-gateway-1  | 2026-09-23T08:28:58.707545123Z 		at reactor.core.publisher.MonoFlatMap$FlatMapMain.onNext(MonoFlatMap.java:166)
api-gateway-1  | 2026-09-23T08:28:58.707549151Z 		at reactor.core.publisher.MonoContextWriteRestoringThreadLocals$ContextWriteRestoringThreadLocalsSubscriber.onNext(MonoContextWriteRestoringThreadLocals.java:111)
api-gateway-1  | 2026-09-23T08:28:58.707553269Z 		at reactor.core.publisher.FluxDoFinally$DoFinallySubscriber.onNext(FluxDoFinally.java:113)
api-gateway-1  | 2026-09-23T08:28:58.707557177Z 		at reactor.core.publisher.MonoPeekTerminal$MonoTerminalPeekSubscriber.onNext(MonoPeekTerminal.java:184)
api-gateway-1  | 2026-09-23T08:28:58.707561024Z 		at reactor.core.publisher.FluxPeekFuseable$PeekConditionalSubscriber.onNext(FluxPeekFuseable.java:850)
api-gateway-1  | 2026-09-23T08:28:58.707565052Z 		at reactor.core.publisher.FluxSwitchIfEmpty$SwitchIfEmptySubscriber.onNext(FluxSwitchIfEmpty.java:75)
api-gateway-1  | 2026-09-23T08:28:58.707569120Z 		at reactor.core.publisher.MonoFlatMap$FlatMapMain.onNext(MonoFlatMap.java:159)
api-gateway-1  | 2026-09-23T08:28:58.707573028Z 		at reactor.core.publisher.FluxMap$MapSubscriber.onNext(FluxMap.java:122)
api-gateway-1  | 2026-09-23T08:28:58.707577116Z 		at reactor.core.publisher.MonoNext$NextSubscriber.onNext(MonoNext.java:83)
api-gateway-1  | 2026-09-23T08:28:58.707581044Z 		at reactor.core.publisher.FluxDematerialize$DematerializeSubscriber.onNext(FluxDematerialize.java:102)
api-gateway-1  | 2026-09-23T08:28:58.707585122Z 		at reactor.core.publisher.FluxDematerialize$DematerializeSubscriber.onNext(FluxDematerialize.java:44)
api-gateway-1  | 2026-09-23T08:28:58.707589260Z 		at reactor.core.publisher.FluxFlattenIterable$FlattenIterableSubscriber.drainAsync(FluxFlattenIterable.java:455)
api-gateway-1  | 2026-09-23T08:28:58.707593488Z 		at reactor.core.publisher.FluxFlattenIterable$FlattenIterableSubscriber.drain(FluxFlattenIterable.java:726)
api-gateway-1  | 2026-09-23T08:28:58.707599109Z 		at reactor.core.publisher.FluxFlattenIterable$FlattenIterableSubscriber.onNext(FluxFlattenIterable.java:258)
api-gateway-1  | 2026-09-23T08:28:58.707603187Z 		at reactor.core.publisher.FluxSwitchIfEmpty$SwitchIfEmptySubscriber.onNext(FluxSwitchIfEmpty.java:75)
api-gateway-1  | 2026-09-23T08:28:58.707607316Z 		at reactor.core.publisher.MonoFlatMap$FlatMapMain.secondComplete(MonoFlatMap.java:246)
api-gateway-1  | 2026-09-23T08:28:58.707611364Z 		at reactor.core.publisher.MonoFlatMap$FlatMapInner.onNext(MonoFlatMap.java:307)
api-gateway-1  | 2026-09-23T08:28:58.707615261Z 		at reactor.core.publisher.MonoIgnoreThen$ThenIgnoreMain.complete(MonoIgnoreThen.java:297)
api-gateway-1  | 2026-09-23T08:28:58.707619269Z 		at reactor.core.publisher.MonoIgnoreThen$ThenIgnoreMain.onNext(MonoIgnoreThen.java:191)
api-gateway-1  | 2026-09-23T08:28:58.707632275Z 		at reactor.core.publisher.MonoIgnoreThen$ThenIgnoreMain.subscribeNext(MonoIgnoreThen.java:240)
api-gateway-1  | 2026-09-23T08:28:58.707637285Z 		at reactor.core.publisher.MonoIgnoreThen$ThenIgnoreMain.onComplete(MonoIgnoreThen.java:207)
api-gateway-1  | 2026-09-23T08:28:58.707641713Z 		at reactor.core.publisher.MonoIgnoreElements$IgnoreElementsSubscriber.onComplete(MonoIgnoreElements.java:89)
api-gateway-1  | 2026-09-23T08:28:58.707646824Z 		at reactor.core.publisher.FluxPeek$PeekSubscriber.onComplete(FluxPeek.java:263)
api-gateway-1  | 2026-09-23T08:28:58.707651583Z 		at reactor.core.publisher.FluxDematerialize$DematerializeSubscriber.onComplete(FluxDematerialize.java:125)
api-gateway-1  | 2026-09-23T08:28:58.707656012Z 		at reactor.core.publisher.FluxDematerialize$DematerializeSubscriber.onNext(FluxDematerialize.java:91)
api-gateway-1  | 2026-09-23T08:28:58.707660330Z 		at reactor.core.publisher.FluxDematerialize$DematerializeSubscriber.onNext(FluxDematerialize.java:44)
api-gateway-1  | 2026-09-23T08:28:58.707664288Z 		at reactor.core.publisher.FluxIterable$IterableSubscription.fastPath(FluxIterable.java:402)
api-gateway-1  | 2026-09-23T08:28:58.707668156Z 		at reactor.core.publisher.FluxIterable$IterableSubscription.request(FluxIterable.java:291)
api-gateway-1  | 2026-09-23T08:28:58.707672073Z 		at reactor.core.publisher.FluxDematerialize$DematerializeSubscriber.request(FluxDematerialize.java:131)
api-gateway-1  | 2026-09-23T08:28:58.707676131Z 		at reactor.core.publisher.FluxPeek$PeekSubscriber.request(FluxPeek.java:141)
api-gateway-1  | 2026-09-23T08:28:58.707680470Z 		at reactor.core.publisher.MonoIgnoreElements$IgnoreElementsSubscriber.onSubscribe(MonoIgnoreElements.java:72)
api-gateway-1  | 2026-09-23T08:28:58.707685309Z 		at reactor.core.publisher.FluxPeek$PeekSubscriber.onSubscribe(FluxPeek.java:174)
api-gateway-1  | 2026-09-23T08:28:58.707689868Z 		at reactor.core.publisher.FluxDematerialize$DematerializeSubscriber.onSubscribe(FluxDematerialize.java:77)
api-gateway-1  | 2026-09-23T08:28:58.707693926Z 		at reactor.core.publisher.FluxIterable.subscribe(FluxIterable.java:200)
api-gateway-1  | 2026-09-23T08:28:58.707699057Z 		at reactor.core.publisher.FluxIterable.subscribe(FluxIterable.java:82)
api-gateway-1  | 2026-09-23T08:28:58.707704347Z 		at reactor.core.publisher.Mono.subscribe(Mono.java:4569)
api-gateway-1  | 2026-09-23T08:28:58.707728835Z 		at reactor.core.publisher.MonoIgnoreThen$ThenIgnoreMain.subscribeNext(MonoIgnoreThen.java:268)
api-gateway-1  | 2026-09-23T08:28:58.707733434Z 		at reactor.core.publisher.MonoIgnoreThen.subscribe(MonoIgnoreThen.java:51)
api-gateway-1  | 2026-09-23T08:28:58.707737673Z 		at reactor.core.publisher.MonoFlatMap$FlatMapMain.onNext(MonoFlatMap.java:166)
api-gateway-1  | 2026-09-23T08:28:58.707742402Z 		at reactor.core.publisher.Operators$BaseFluxToMonoOperator.completePossiblyEmpty(Operators.java:2093)
api-gateway-1  | 2026-09-23T08:28:58.707746981Z 		at reactor.core.publisher.MonoCollectList$MonoCollectListSubscriber.onComplete(MonoCollectList.java:117)
api-gateway-1  | 2026-09-23T08:28:58.707751801Z 		at reactor.core.publisher.DrainUtils.postCompleteDrain(DrainUtils.java:132)
api-gateway-1  | 2026-09-23T08:28:58.707756329Z 		at reactor.core.publisher.DrainUtils.postComplete(DrainUtils.java:187)
api-gateway-1  | 2026-09-23T08:28:58.707771990Z 		at reactor.core.publisher.FluxMaterialize$MaterializeSubscriber.onComplete(FluxMaterialize.java:141)
api-gateway-1  | 2026-09-23T08:28:58.707777962Z 		at reactor.core.publisher.FluxLimitRequest$FluxLimitRequestSubscriber.onNext(FluxLimitRequest.java:104)
api-gateway-1  | 2026-09-23T08:28:58.707783002Z 		at reactor.core.publisher.FluxOnErrorResume$ResumeSubscriber.onNext(FluxOnErrorResume.java:80)
api-gateway-1  | 2026-09-23T08:28:58.707787641Z 		at reactor.core.publisher.SerializedSubscriber.onNext(SerializedSubscriber.java:100)
api-gateway-1  | 2026-09-23T08:28:58.707792330Z 		at reactor.core.publisher.FluxTimeout$TimeoutMainSubscriber.onNext(FluxTimeout.java:182)
api-gateway-1  | 2026-09-23T08:28:58.707796639Z 		at reactor.core.publisher.Operators$BaseFluxToMonoOperator.completePossiblyEmpty(Operators.java:2093)
api-gateway-1  | 2026-09-23T08:28:58.707801088Z 		at reactor.core.publisher.MonoCollectList$MonoCollectListSubscriber.onComplete(MonoCollectList.java:117)
api-gateway-1  | 2026-09-23T08:28:58.707806098Z 		at reactor.core.publisher.FluxContextWriteRestoringThreadLocals$ContextWriteRestoringThreadLocalsSubscriber.onComplete(FluxContextWriteRestoringThreadLocals.java:150)
api-gateway-1  | 2026-09-23T08:28:58.707810767Z 		at org.springframework.cloud.commons.publisher.FluxFirstNonEmptyEmitting$FirstNonEmptyEmittingSubscriber.onComplete(FluxFirstNonEmptyEmitting.java:325)
api-gateway-1  | 2026-09-23T08:28:58.707814935Z 		at reactor.core.publisher.Operators.complete(Operators.java:137)
api-gateway-1  | 2026-09-23T08:28:58.707819304Z 		at reactor.core.publisher.FluxIterable.subscribe(FluxIterable.java:143)
api-gateway-1  | 2026-09-23T08:28:58.707824424Z 		at reactor.core.publisher.FluxIterable.subscribe(FluxIterable.java:82)
api-gateway-1  | 2026-09-23T08:28:58.707828562Z 		at reactor.core.publisher.Flux.subscribe(Flux.java:8888)
api-gateway-1  | 2026-09-23T08:28:58.707834103Z 		at org.springframework.cloud.commons.publisher.FluxFirstNonEmptyEmitting$RaceCoordinator.subscribe(FluxFirstNonEmptyEmitting.java:203)
api-gateway-1  | 2026-09-23T08:28:58.707838511Z 		at org.springframework.cloud.commons.publisher.FluxFirstNonEmptyEmitting.subscribe(FluxFirstNonEmptyEmitting.java:128)
api-gateway-1  | 2026-09-23T08:28:58.707843161Z 		at reactor.core.publisher.InternalFluxOperator.subscribe(InternalFluxOperator.java:67)
api-gateway-1  | 2026-09-23T08:28:58.707847359Z 		at reactor.core.publisher.FluxDefer.subscribe(FluxDefer.java:55)
api-gateway-1  | 2026-09-23T08:28:58.707852078Z 		at reactor.core.publisher.InternalFluxOperator.subscribe(InternalFluxOperator.java:67)
api-gateway-1  | 2026-09-23T08:28:58.707856447Z 		at reactor.core.publisher.FluxDefer.subscribe(FluxDefer.java:55)
api-gateway-1  | 2026-09-23T08:28:58.707860805Z 		at reactor.core.publisher.Mono.subscribe(Mono.java:4569)
api-gateway-1  | 2026-09-23T08:28:58.707865104Z 		at reactor.core.publisher.FluxSwitchIfEmpty$SwitchIfEmptySubscriber.onComplete(FluxSwitchIfEmpty.java:83)
api-gateway-1  | 2026-09-23T08:28:58.707869803Z 		at reactor.core.publisher.Operators.complete(Operators.java:137)
api-gateway-1  | 2026-09-23T08:28:58.707874482Z 		at reactor.core.publisher.MonoEmpty.subscribe(MonoEmpty.java:46)
api-gateway-1  | 2026-09-23T08:28:58.707878701Z 		at reactor.core.publisher.InternalFluxOperator.subscribe(InternalFluxOperator.java:67)
api-gateway-1  | 2026-09-23T08:28:58.707915774Z 		at reactor.core.publisher.FluxDefer.subscribe(FluxDefer.java:55)
api-gateway-1  | 2026-09-23T08:28:58.707921465Z 		at reactor.core.publisher.InternalMonoOperator.subscribe(InternalMonoOperator.java:75)
api-gateway-1  | 2026-09-23T08:28:58.707926265Z 		at reactor.core.publisher.MonoDefer.subscribe(MonoDefer.java:54)
api-gateway-1  | 2026-09-23T08:28:58.707930844Z 		at reactor.core.publisher.InternalMonoOperator.subscribe(InternalMonoOperator.java:75)
api-gateway-1  | 2026-09-23T08:28:58.707935563Z 		at reactor.core.publisher.MonoContextWriteRestoringThreadLocals.subscribe(MonoContextWriteRestoringThreadLocals.java:44)
api-gateway-1  | 2026-09-23T08:28:58.707939972Z 		at reactor.core.publisher.MonoDeferContextual.subscribe(MonoDeferContextual.java:56)
api-gateway-1  | 2026-09-23T08:28:58.707944060Z 		at reactor.core.publisher.FluxFromMonoOperator.subscribe(FluxFromMonoOperator.java:83)
api-gateway-1  | 2026-09-23T08:28:58.707948829Z 		at reactor.core.publisher.FluxDeferContextual.subscribe(FluxDeferContextual.java:58)
api-gateway-1  | 2026-09-23T08:28:58.707953408Z 		at reactor.core.publisher.InternalMonoOperator.subscribe(InternalMonoOperator.java:75)
api-gateway-1  | 2026-09-23T08:28:58.707957927Z 		at reactor.core.publisher.MonoFlatMap$FlatMapMain.onNext(MonoFlatMap.java:166)
api-gateway-1  | 2026-09-23T08:28:58.707961855Z 		at reactor.core.publisher.FluxOnErrorResume$ResumeSubscriber.onNext(FluxOnErrorResume.java:80)
api-gateway-1  | 2026-09-23T08:28:58.707965822Z 		at reactor.core.publisher.FluxOnErrorResume$ResumeSubscriber.onNext(FluxOnErrorResume.java:80)
api-gateway-1  | 2026-09-23T08:28:58.707969961Z 		at reactor.core.publisher.FluxPeek$PeekSubscriber.onNext(FluxPeek.java:203)
api-gateway-1  | 2026-09-23T08:28:58.707974740Z 		at reactor.core.publisher.MonoIgnoreThen$ThenIgnoreMain.complete(MonoIgnoreThen.java:297)
api-gateway-1  | 2026-09-23T08:28:58.707979119Z 		at reactor.core.publisher.MonoIgnoreThen$ThenIgnoreMain.onNext(MonoIgnoreThen.java:191)
api-gateway-1  | 2026-09-23T08:28:58.707984289Z 		at reactor.core.publisher.MonoFlatMap$FlatMapMain.onNext(MonoFlatMap.java:159)
api-gateway-1  | 2026-09-23T08:28:58.707988748Z 		at reactor.core.publisher.MonoZip$ZipCoordinator.signal(MonoZip.java:296)
api-gateway-1  | 2026-09-23T08:28:58.707993277Z 		at reactor.core.publisher.MonoZip$ZipInner.onNext(MonoZip.java:480)
api-gateway-1  | 2026-09-23T08:28:58.707998006Z 		at reactor.core.publisher.MonoPeekTerminal$MonoTerminalPeekSubscriber.onNext(MonoPeekTerminal.java:184)
api-gateway-1  | 2026-09-23T08:28:58.708002264Z 		at reactor.core.publisher.FluxDefaultIfEmpty$DefaultIfEmptySubscriber.onNext(FluxDefaultIfEmpty.java:123)
api-gateway-1  | 2026-09-23T08:28:58.708006242Z 		at reactor.core.publisher.FluxSwitchIfEmpty$SwitchIfEmptySubscriber.onNext(FluxSwitchIfEmpty.java:75)
api-gateway-1  | 2026-09-23T08:28:58.708010240Z 		at reactor.core.publisher.Operators$ScalarSubscription.request(Operators.java:2565)
api-gateway-1  | 2026-09-23T08:28:58.708014218Z 		at reactor.core.publisher.Operators$MultiSubscriptionSubscriber.set(Operators.java:2361)
api-gateway-1  | 2026-09-23T08:28:58.708018957Z 		at reactor.core.publisher.Operators$MultiSubscriptionSubscriber.onSubscribe(Operators.java:2235)
api-gateway-1  | 2026-09-23T08:28:58.708033135Z 		at reactor.core.publisher.FluxFlatMap.trySubscribeScalarMap(FluxFlatMap.java:193)
api-gateway-1  | 2026-09-23T08:28:58.708038195Z 		at reactor.core.publisher.MonoFlatMap.subscribeOrReturn(MonoFlatMap.java:53)
api-gateway-1  | 2026-09-23T08:28:58.708042824Z 		at reactor.core.publisher.InternalMonoOperator.subscribe(InternalMonoOperator.java:62)
api-gateway-1  | 2026-09-23T08:28:58.708048335Z 		at reactor.core.publisher.MonoZip$ZipCoordinator.request(MonoZip.java:219)
api-gateway-1  | 2026-09-23T08:28:58.708053044Z 		at reactor.core.publisher.MonoFlatMap$FlatMapMain.request(MonoFlatMap.java:195)
api-gateway-1  | 2026-09-23T08:28:58.708057403Z 		at reactor.core.publisher.MonoIgnoreThen$ThenIgnoreMain.onSubscribe(MonoIgnoreThen.java:135)
api-gateway-1  | 2026-09-23T08:28:58.708062303Z 		at reactor.core.publisher.MonoFlatMap$FlatMapMain.onSubscribe(MonoFlatMap.java:118)
api-gateway-1  | 2026-09-23T08:28:58.708067212Z 		at reactor.core.publisher.MonoZip.subscribe(MonoZip.java:129)
api-gateway-1  | 2026-09-23T08:28:58.708071631Z 		at reactor.core.publisher.InternalMonoOperator.subscribe(InternalMonoOperator.java:75)
api-gateway-1  | 2026-09-23T08:28:58.708076240Z 		at reactor.core.publisher.MonoDefer.subscribe(MonoDefer.java:54)
api-gateway-1  | 2026-09-23T08:28:58.708080839Z 		at reactor.core.publisher.MonoIgnoreThen$ThenIgnoreMain.subscribeNext(MonoIgnoreThen.java:244)
api-gateway-1  | 2026-09-23T08:28:58.708085348Z 		at reactor.core.publisher.MonoIgnoreThen$ThenIgnoreMain.onComplete(MonoIgnoreThen.java:207)
api-gateway-1  | 2026-09-23T08:28:58.708092272Z 		at reactor.core.publisher.MonoFlatMap$FlatMapMain.onComplete(MonoFlatMap.java:190)
api-gateway-1  | 2026-09-23T08:28:58.708097182Z 		at reactor.core.publisher.Operators.complete(Operators.java:137)
api-gateway-1  | 2026-09-23T08:28:58.708101360Z 		at reactor.core.publisher.MonoZip.subscribe(MonoZip.java:121)
api-gateway-1  | 2026-09-23T08:28:58.708105798Z 		at reactor.core.publisher.Mono.subscribe(Mono.java:4569)
api-gateway-1  | 2026-09-23T08:28:58.708110468Z 		at reactor.core.publisher.MonoIgnoreThen$ThenIgnoreMain.subscribeNext(MonoIgnoreThen.java:268)
api-gateway-1  | 2026-09-23T08:28:58.708114566Z 		at reactor.core.publisher.MonoIgnoreThen.subscribe(MonoIgnoreThen.java:51)
api-gateway-1  | 2026-09-23T08:28:58.708118684Z 		at reactor.core.publisher.InternalMonoOperator.subscribe(InternalMonoOperator.java:75)
api-gateway-1  | 2026-09-23T08:28:58.708122882Z 		at reactor.core.publisher.MonoFlatMap$FlatMapMain.onNext(MonoFlatMap.java:166)
api-gateway-1  | 2026-09-23T08:28:58.708126860Z 		at reactor.core.publisher.FluxOnErrorResume$ResumeSubscriber.onNext(FluxOnErrorResume.java:80)
api-gateway-1  | 2026-09-23T08:28:58.708130868Z 		at reactor.core.publisher.FluxSwitchIfEmpty$SwitchIfEmptySubscriber.onNext(FluxSwitchIfEmpty.java:75)
api-gateway-1  | 2026-09-23T08:28:58.708135116Z 		at reactor.core.publisher.MonoNext$NextSubscriber.onNext(MonoNext.java:83)
api-gateway-1  | 2026-09-23T08:28:58.708139675Z 		at reactor.core.publisher.FluxConcatMapNoPrefetch$FluxConcatMapNoPrefetchSubscriber.innerNext(FluxConcatMapNoPrefetch.java:259)
api-gateway-1  | 2026-09-23T08:28:58.708143994Z 		at reactor.core.publisher.FluxConcatMap$ConcatMapInner.onNext(FluxConcatMap.java:870)
api-gateway-1  | 2026-09-23T08:28:58.708157460Z 		at reactor.core.publisher.FluxMapFuseable$MapFuseableSubscriber.onNext(FluxMapFuseable.java:130)
api-gateway-1  | 2026-09-23T08:28:58.708162350Z 		at reactor.core.publisher.MonoPeekTerminal$MonoTerminalPeekSubscriber.onNext(MonoPeekTerminal.java:184)
api-gateway-1  | 2026-09-23T08:28:58.708166729Z 		at reactor.core.publisher.Operators$ScalarSubscription.request(Operators.java:2565)
api-gateway-1  | 2026-09-23T08:28:58.708171177Z 		at reactor.core.publisher.MonoPeekTerminal$MonoTerminalPeekSubscriber.request(MonoPeekTerminal.java:142)
api-gateway-1  | 2026-09-23T08:28:58.708175656Z 		at reactor.core.publisher.FluxMapFuseable$MapFuseableSubscriber.request(FluxMapFuseable.java:172)
api-gateway-1  | 2026-09-23T08:28:58.708180185Z 		at reactor.core.publisher.Operators$MultiSubscriptionSubscriber.request(Operators.java:2325)
api-gateway-1  | 2026-09-23T08:28:58.708184804Z 		at reactor.core.publisher.FluxConcatMapNoPrefetch$FluxConcatMapNoPrefetchSubscriber.request(FluxConcatMapNoPrefetch.java:339)
api-gateway-1  | 2026-09-23T08:28:58.708189143Z 		at reactor.core.publisher.MonoNext$NextSubscriber.request(MonoNext.java:109)
api-gateway-1  | 2026-09-23T08:28:58.708193291Z 		at reactor.core.publisher.Operators$MultiSubscriptionSubscriber.set(Operators.java:2361)
api-gateway-1  | 2026-09-23T08:28:58.708197860Z 		at reactor.core.publisher.Operators$MultiSubscriptionSubscriber.onSubscribe(Operators.java:2235)
api-gateway-1  | 2026-09-23T08:28:58.708202760Z 		at reactor.core.publisher.MonoNext$NextSubscriber.onSubscribe(MonoNext.java:71)
api-gateway-1  | 2026-09-23T08:28:58.708207379Z 		at reactor.core.publisher.FluxConcatMapNoPrefetch$FluxConcatMapNoPrefetchSubscriber.onSubscribe(FluxConcatMapNoPrefetch.java:164)
api-gateway-1  | 2026-09-23T08:28:58.708211828Z 		at reactor.core.publisher.FluxIterable.subscribe(FluxIterable.java:200)
api-gateway-1  | 2026-09-23T08:28:58.708215956Z 		at reactor.core.publisher.FluxIterable.subscribe(FluxIterable.java:82)
api-gateway-1  | 2026-09-23T08:28:58.708223611Z 		at reactor.core.publisher.InternalMonoOperator.subscribe(InternalMonoOperator.java:75)
api-gateway-1  | 2026-09-23T08:28:58.708228190Z 		at reactor.core.publisher.MonoDefer.subscribe(MonoDefer.java:54)
api-gateway-1  | 2026-09-23T08:28:58.708232829Z 		at reactor.core.publisher.InternalMonoOperator.subscribe(InternalMonoOperator.java:75)
api-gateway-1  | 2026-09-23T08:28:58.708237588Z 		at reactor.core.publisher.MonoDefer.subscribe(MonoDefer.java:54)
api-gateway-1  | 2026-09-23T08:28:58.708242017Z 		at reactor.core.publisher.InternalMonoOperator.subscribe(InternalMonoOperator.java:75)
api-gateway-1  | 2026-09-23T08:28:58.708246436Z 		at reactor.core.publisher.MonoTapRestoringThreadLocals.subscribe(MonoTapRestoringThreadLocals.java:78)
api-gateway-1  | 2026-09-23T08:28:58.708251115Z 		at reactor.core.publisher.Mono.subscribe(Mono.java:4569)
api-gateway-1  | 2026-09-23T08:28:58.708276365Z 		at reactor.core.publisher.MonoIgnoreThen$ThenIgnoreMain.subscribeNext(MonoIgnoreThen.java:268)
api-gateway-1  | 2026-09-23T08:28:58.708282066Z 		at reactor.core.publisher.MonoIgnoreThen.subscribe(MonoIgnoreThen.java:51)
api-gateway-1  | 2026-09-23T08:28:58.708286645Z 		at reactor.core.publisher.InternalMonoOperator.subscribe(InternalMonoOperator.java:75)
api-gateway-1  | 2026-09-23T08:28:58.708301033Z 		at reactor.core.publisher.MonoDeferContextual.subscribe(MonoDeferContextual.java:56)
api-gateway-1  | 2026-09-23T08:28:58.708305172Z 		at reactor.netty.http.server.HttpServer$HttpServerHandle.onStateChange(HttpServer.java:1344)
api-gateway-1  | 2026-09-23T08:28:58.708308959Z 		at reactor.netty.ReactorNetty$CompositeConnectionObserver.onStateChange(ReactorNetty.java:730)
api-gateway-1  | 2026-09-23T08:28:58.708311895Z 		at reactor.netty.transport.ServerTransport$ChildObserver.onStateChange(ServerTransport.java:489)
api-gateway-1  | 2026-09-23T08:28:58.708314821Z 		at reactor.netty.http.server.HttpServerOperations.handleDefaultHttpRequest(HttpServerOperations.java:863)
api-gateway-1  | 2026-09-23T08:28:58.708317796Z 		at reactor.netty.http.server.HttpServerOperations.onInboundNext(HttpServerOperations.java:789)
api-gateway-1  | 2026-09-23T08:28:58.708320772Z 		at reactor.netty.channel.ChannelOperationsHandler.channelRead(ChannelOperationsHandler.java:115)
api-gateway-1  | 2026-09-23T08:28:58.708323728Z 		at io.netty.channel.AbstractChannelHandlerContext.fireChannelRead(AbstractChannelHandlerContext.java:356)
api-gateway-1  | 2026-09-23T08:28:58.708327987Z 		at reactor.netty.http.server.HttpTrafficHandler.channelRead(HttpTrafficHandler.java:283)
api-gateway-1  | 2026-09-23T08:28:58.708330952Z 		at io.netty.channel.AbstractChannelHandlerContext.fireChannelRead(AbstractChannelHandlerContext.java:354)
api-gateway-1  | 2026-09-23T08:28:58.708334670Z 		at io.netty.channel.CombinedChannelDuplexHandler$DelegatingChannelHandlerContext.fireChannelRead(CombinedChannelDuplexHandler.java:434)
api-gateway-1  | 2026-09-23T08:28:58.708339650Z 		at io.netty.handler.codec.ByteToMessageDecoder.fireChannelRead(ByteToMessageDecoder.java:361)
api-gateway-1  | 2026-09-23T08:28:58.708344319Z 		at io.netty.handler.codec.ByteToMessageDecoder.channelRead(ByteToMessageDecoder.java:325)
api-gateway-1  | 2026-09-23T08:28:58.708349038Z 		at io.netty.channel.CombinedChannelDuplexHandler.channelRead(CombinedChannelDuplexHandler.java:249)
api-gateway-1  | 2026-09-23T08:28:58.708354218Z 		at io.netty.channel.AbstractChannelHandlerContext.fireChannelRead(AbstractChannelHandlerContext.java:354)
api-gateway-1  | 2026-09-23T08:28:58.708359298Z 		at io.netty.channel.DefaultChannelPipeline$HeadContext.channelRead(DefaultChannelPipeline.java:1429)
api-gateway-1  | 2026-09-23T08:28:58.708364138Z 		at io.netty.channel.DefaultChannelPipeline.fireChannelRead(DefaultChannelPipeline.java:918)
api-gateway-1  | 2026-09-23T08:28:58.708368807Z 		at io.netty.channel.epoll.AbstractEpollStreamChannel$EpollStreamUnsafe.epollInReady(AbstractEpollStreamChannel.java:804)
api-gateway-1  | 2026-09-23T08:28:58.708372745Z 		at io.netty.channel.epoll.AbstractEpollChannel$AbstractEpollUnsafe.handle(AbstractEpollChannel.java:482)
api-gateway-1  | 2026-09-23T08:28:58.708376562Z 		at io.netty.channel.epoll.EpollIoHandler$DefaultEpollIoRegistration.handle(EpollIoHandler.java:317)
api-gateway-1  | 2026-09-23T08:28:58.708380200Z 		at io.netty.channel.epoll.EpollIoHandler.processReady(EpollIoHandler.java:515)
api-gateway-1  | 2026-09-23T08:28:58.708383165Z 		at io.netty.channel.epoll.EpollIoHandler.run(EpollIoHandler.java:460)
api-gateway-1  | 2026-09-23T08:28:58.708386051Z 		at io.netty.channel.SingleThreadIoEventLoop.runIo(SingleThreadIoEventLoop.java:225)
api-gateway-1  | 2026-09-23T08:28:58.708395490Z 		at io.netty.channel.SingleThreadIoEventLoop.run(SingleThreadIoEventLoop.java:196)
api-gateway-1  | 2026-09-23T08:28:58.708398536Z 		at io.netty.util.concurrent.SingleThreadEventExecutor$5.run(SingleThreadEventExecutor.java:1195)
api-gateway-1  | 2026-09-23T08:28:58.708401461Z 		at io.netty.util.internal.ThreadExecutorMap$2.run(ThreadExecutorMap.java:74)
api-gateway-1  | 2026-09-23T08:28:58.708404377Z 		at io.netty.util.concurrent.FastThreadLocalRunnable.run(FastThreadLocalRunnable.java:30)
api-gateway-1  | 2026-09-23T08:28:58.708407293Z 		at java.base/java.lang.Thread.run(Thread.java:840)
api-gateway-1  | 2026-09-23T08:28:58.708410179Z 
api-gateway-1  | 2026-09-23T08:28:58.712073874Z 2026-09-23T08:28:58.711Z  WARN 1 --- [api-gateway] [or-http-epoll-5] [                                                 ] i.m.o.c.ObservationThreadLocalAccessor   : There is no current scope in thread local. This situation should not happen
api-gateway-1  | 2026-09-23T08:28:58.712531893Z 2026-09-23T08:28:58.712Z  WARN 1 --- [api-gateway] [or-http-epoll-5] [                                                 ] i.m.o.c.ObservationThreadLocalAccessor   : Observation <{name=http.server.requests(http get /api/gateway/owners/{ownerId}), error=org.springframework.web.reactive.function.client.WebClientResponseException$ServiceUnavailable: 503 Service Unavailable from UNKNOWN , context=name='http.server.requests', contextualName='http get /api/gateway/owners/{ownerId}', error='org.springframework.web.reactive.function.client.WebClientResponseException$ServiceUnavailable: 503 Service Unavailable from UNKNOWN ', lowCardinalityKeyValues=[exception='ServiceUnavailable', method='GET', outcome='SERVER_ERROR', status='500', uri='/api/gateway/owners/{ownerId}'], highCardinalityKeyValues=[http.url='/api/gateway/owners/6'], map=[class io.micrometer.tracing.handler.TracingObservationHandler$TracingContext='TracingContext{span=6ab38dca10767daa22c8bb6beaa6da1e/22c8bb6beaa6da1e}', class io.micrometer.core.instrument.LongTaskTimer$Sample='SampleImpl{duration(seconds)=-1.0E-9, duration(nanos)=-1.0, startTimeNanos=1618034246860}', class io.micrometer.core.instrument.Timer$Sample='io.micrometer.core.instrument.Timer$Sample@20c7a67'], parentObservation=null}> to which we're restoring is not the same as the one set as this scope's parent observation <null>. Most likely a manually created Observation has a scope opened that was never closed. This may lead to thread polluting and memory leaks.
api-gateway-1  | 2026-09-23T08:29:01.728385735Z 2026-09-23T08:29:01.727Z  WARN 1 --- [api-gateway] [or-http-epoll-6] [6ab38dcdedeb632d8753de80cedf30be-8753de80cedf30be] i.m.o.c.ObservationThreadLocalAccessor   : Observation <{name=http.server.requests(null), error=null, context=name='http.server.requests', contextualName='null', error='null', lowCardinalityKeyValues=[exception='none', method='GET', outcome='SUCCESS', status='200', uri='UNKNOWN'], highCardinalityKeyValues=[http.url='/api/gateway/owners/6'], map=[class io.micrometer.tracing.handler.TracingObservationHandler$TracingContext='TracingContext{span=6ab38dcdedeb632d8753de80cedf30be/8753de80cedf30be}', class io.micrometer.core.instrument.LongTaskTimer$Sample='SampleImpl{duration(seconds)=0.004564151, duration(nanos)=4564151.0, startTimeNanos=1621059812025}', class io.micrometer.core.instrument.Timer$Sample='io.micrometer.core.instrument.Timer$Sample@2a690f0'], parentObservation=null}> to which we're restoring is not the same as the one set as this scope's parent observation <null>. Most likely a manually created Observation has a scope opened that was never closed. This may lead to thread polluting and memory leaks.
api-gateway-1  | 2026-09-23T08:29:01.730073859Z 2026-09-23T08:29:01.729Z  WARN 1 --- [api-gateway] [or-http-epoll-6] [                                                 ] o.s.c.l.core.RoundRobinLoadBalancer      : No servers available for service: customers-service
api-gateway-1  | 2026-09-23T08:29:01.730095962Z 2026-09-23T08:29:01.729Z  WARN 1 --- [api-gateway] [or-http-epoll-6] [                                                 ] eactorLoadBalancerExchangeFilterFunction : LoadBalancer does not contain an instance for the service customers-service
api-gateway-1  | 2026-09-23T08:29:01.733326242Z 2026-09-23T08:29:01.732Z ERROR 1 --- [api-gateway] [or-http-epoll-6] [6ab38dcdedeb632d8753de80cedf30be-8753de80cedf30be] b.w.a.e.AbstractErrorWebExceptionHandler : [9e291226-5]  500 Server Error for HTTP GET "/api/gateway/owners/6"
api-gateway-1  | 2026-09-23T08:29:01.733365018Z 
api-gateway-1  | 2026-09-23T08:29:01.733369887Z org.springframework.web.reactive.function.client.WebClientResponseException$ServiceUnavailable: 503 Service Unavailable from UNKNOWN 
api-gateway-1  | 2026-09-23T08:29:01.733373985Z 	at org.springframework.web.reactive.function.client.WebClientResponseException.create(WebClientResponseException.java:322)
api-gateway-1  | 2026-09-23T08:29:01.733378524Z 	Suppressed: The stacktrace has been enhanced by Reactor, refer to additional information below: 
api-gateway-1  | 2026-09-23T08:29:01.733382512Z Error has been observed at the following site(s):
api-gateway-1  | 2026-09-23T08:29:01.733386530Z 	*__checkpoint ⇢ 503 SERVICE_UNAVAILABLE from GET http://customers-service/owners/6 [DefaultWebClient]
api-gateway-1  | 2026-09-23T08:29:01.733392061Z 	*__checkpoint ⇢ Handler org.springframework.samples.petclinic.api.boundary.web.ApiGatewayController#getOwnerDetails(int) [DispatcherHandler]
api-gateway-1  | 2026-09-23T08:29:01.733396299Z 	*__checkpoint ⇢ org.springframework.cloud.gateway.filter.WeightCalculatorWebFilter@7abcc0da
api-gateway-1  | 2026-09-23T08:29:01.733400547Z 	*__checkpoint ⇢ HTTP GET "/api/gateway/owners/6" [ExceptionHandlingWebHandler]
api-gateway-1  | 2026-09-23T08:29:01.733404595Z Original Stack Trace:
api-gateway-1  | 2026-09-23T08:29:01.733408483Z 		at org.springframework.web.reactive.function.client.WebClientResponseException.create(WebClientResponseException.java:322)
api-gateway-1  | 2026-09-23T08:29:01.733412691Z 		at org.springframework.web.reactive.function.client.DefaultClientResponse.lambda$createException$1(DefaultClientResponse.java:214)
api-gateway-1  | 2026-09-23T08:29:01.733416919Z 		at reactor.core.publisher.FluxMap$MapSubscriber.onNext(FluxMap.java:106)
api-gateway-1  | 2026-09-23T08:29:01.733421077Z 		at reactor.core.publisher.FluxOnErrorReturn$ReturnSubscriber.onNext(FluxOnErrorReturn.java:159)
api-gateway-1  | 2026-09-23T08:29:01.733425776Z 		at reactor.core.publisher.FluxDefaultIfEmpty$DefaultIfEmptySubscriber.onNext(FluxDefaultIfEmpty.java:123)
api-gateway-1  | 2026-09-23T08:29:01.733430065Z 		at reactor.core.publisher.FluxMapFuseable$MapFuseableSubscriber.onNext(FluxMapFuseable.java:130)
api-gateway-1  | 2026-09-23T08:29:01.733434654Z 		at reactor.core.publisher.FluxContextWrite$ContextWriteSubscriber.onNext(FluxContextWrite.java:109)
api-gateway-1  | 2026-09-23T08:29:01.733439814Z 		at reactor.core.publisher.FluxMapFuseable$MapFuseableConditionalSubscriber.onNext(FluxMapFuseable.java:300)
api-gateway-1  | 2026-09-23T08:29:01.733447148Z 		at reactor.core.publisher.FluxFilterFuseable$FilterFuseableConditionalSubscriber.onNext(FluxFilterFuseable.java:338)
api-gateway-1  | 2026-09-23T08:29:01.733462137Z 		at reactor.core.publisher.Operators$BaseFluxToMonoOperator.completePossiblyEmpty(Operators.java:2093)
api-gateway-1  | 2026-09-23T08:29:01.733465393Z 		at reactor.core.publisher.MonoCollect$CollectSubscriber.onComplete(MonoCollect.java:144)
api-gateway-1  | 2026-09-23T08:29:01.733468339Z 		at reactor.core.publisher.FluxMapFuseable$MapFuseableSubscriber.onComplete(FluxMapFuseable.java:153)
api-gateway-1  | 2026-09-23T08:29:01.733471295Z 		at reactor.core.publisher.Operators$ScalarSubscription.request(Operators.java:2567)
api-gateway-1  | 2026-09-23T08:29:01.733474241Z 		at reactor.core.publisher.FluxMapFuseable$MapFuseableSubscriber.request(FluxMapFuseable.java:172)
api-gateway-1  | 2026-09-23T08:29:01.733477186Z 		at reactor.core.publisher.Operators$BaseFluxToMonoOperator.request(Operators.java:2063)
api-gateway-1  | 2026-09-23T08:29:01.733480082Z 		at reactor.core.publisher.FluxFilterFuseable$FilterFuseableConditionalSubscriber.request(FluxFilterFuseable.java:411)
api-gateway-1  | 2026-09-23T08:29:01.733483048Z 		at reactor.core.publisher.FluxMapFuseable$MapFuseableConditionalSubscriber.request(FluxMapFuseable.java:361)
api-gateway-1  | 2026-09-23T08:29:01.733485984Z 		at reactor.core.publisher.FluxContextWrite$ContextWriteSubscriber.request(FluxContextWrite.java:138)
api-gateway-1  | 2026-09-23T08:29:01.733488909Z 		at reactor.core.publisher.FluxMapFuseable$MapFuseableSubscriber.request(FluxMapFuseable.java:172)
api-gateway-1  | 2026-09-23T08:29:01.733495171Z 		at reactor.core.publisher.FluxDefaultIfEmpty$DefaultIfEmptySubscriber.request(FluxDefaultIfEmpty.java:99)
api-gateway-1  | 2026-09-23T08:29:01.733498308Z 		at reactor.core.publisher.FluxOnErrorReturn$ReturnSubscriber.request(FluxOnErrorReturn.java:150)
api-gateway-1  | 2026-09-23T08:29:01.733501303Z 		at reactor.core.publisher.FluxMap$MapSubscriber.request(FluxMap.java:163)
api-gateway-1  | 2026-09-23T08:29:01.733504209Z 		at reactor.core.publisher.MonoFlatMap$FlatMapMain.request(MonoFlatMap.java:195)
api-gateway-1  | 2026-09-23T08:29:01.733507195Z 		at reactor.core.publisher.Operators$MultiSubscriptionSubscriber.set(Operators.java:2361)
api-gateway-1  | 2026-09-23T08:29:01.733510141Z 		at reactor.core.publisher.FluxOnErrorResume$ResumeSubscriber.onSubscribe(FluxOnErrorResume.java:75)
api-gateway-1  | 2026-09-23T08:29:01.733513096Z 		at reactor.core.publisher.MonoFlatMap$FlatMapMain.onSubscribe(MonoFlatMap.java:118)
api-gateway-1  | 2026-09-23T08:29:01.733516042Z 		at reactor.core.publisher.FluxMap$MapSubscriber.onSubscribe(FluxMap.java:92)
api-gateway-1  | 2026-09-23T08:29:01.733518938Z 		at reactor.core.publisher.FluxOnErrorReturn$ReturnSubscriber.onSubscribe(FluxOnErrorReturn.java:92)
api-gateway-1  | 2026-09-23T08:29:01.733521863Z 		at reactor.core.publisher.Operators$BaseFluxToMonoOperator.onSubscribe(Operators.java:2047)
api-gateway-1  | 2026-09-23T08:29:01.733524799Z 		at reactor.core.publisher.FluxMapFuseable$MapFuseableSubscriber.onSubscribe(FluxMapFuseable.java:96)
api-gateway-1  | 2026-09-23T08:29:01.733528076Z 		at reactor.core.publisher.FluxContextWrite$ContextWriteSubscriber.onSubscribe(FluxContextWrite.java:103)
api-gateway-1  | 2026-09-23T08:29:01.733531101Z 		at reactor.core.publisher.FluxMapFuseable$MapFuseableConditionalSubscriber.onSubscribe(FluxMapFuseable.java:265)
api-gateway-1  | 2026-09-23T08:29:01.733540009Z 		at reactor.core.publisher.FluxFilterFuseable$FilterFuseableConditionalSubscriber.onSubscribe(FluxFilterFuseable.java:305)
api-gateway-1  | 2026-09-23T08:29:01.733543135Z 		at reactor.core.publisher.Operators$BaseFluxToMonoOperator.onSubscribe(Operators.java:2047)
api-gateway-1  | 2026-09-23T08:29:01.733546071Z 		at reactor.core.publisher.FluxMapFuseable$MapFuseableSubscriber.onSubscribe(FluxMapFuseable.java:96)
api-gateway-1  | 2026-09-23T08:29:01.733549006Z 		at reactor.core.publisher.FluxJust.subscribe(FluxJust.java:69)
api-gateway-1  | 2026-09-23T08:29:01.733551922Z 		at reactor.core.publisher.InternalMonoOperator.subscribe(InternalMonoOperator.java:75)
api-gateway-1  | 2026-09-23T08:29:01.733554828Z 		at reactor.core.publisher.MonoFlatMap$FlatMapMain.onNext(MonoFlatMap.java:166)
api-gateway-1  | 2026-09-23T08:29:01.733557773Z 		at reactor.core.publisher.MonoContextWriteRestoringThreadLocals$ContextWriteRestoringThreadLocalsSubscriber.onNext(MonoContextWriteRestoringThreadLocals.java:111)
api-gateway-1  | 2026-09-23T08:29:01.733560809Z 		at reactor.core.publisher.FluxDoFinally$DoFinallySubscriber.onNext(FluxDoFinally.java:113)
api-gateway-1  | 2026-09-23T08:29:01.733563765Z 		at reactor.core.publisher.MonoPeekTerminal$MonoTerminalPeekSubscriber.onNext(MonoPeekTerminal.java:184)
api-gateway-1  | 2026-09-23T08:29:01.733566711Z 		at reactor.core.publisher.FluxPeekFuseable$PeekConditionalSubscriber.onNext(FluxPeekFuseable.java:850)
api-gateway-1  | 2026-09-23T08:29:01.733569657Z 		at reactor.core.publisher.FluxSwitchIfEmpty$SwitchIfEmptySubscriber.onNext(FluxSwitchIfEmpty.java:75)
api-gateway-1  | 2026-09-23T08:29:01.733572602Z 		at reactor.core.publisher.MonoFlatMap$FlatMapMain.onNext(MonoFlatMap.java:159)
api-gateway-1  | 2026-09-23T08:29:01.733575508Z 		at reactor.core.publisher.FluxMap$MapSubscriber.onNext(FluxMap.java:122)
api-gateway-1  | 2026-09-23T08:29:01.733578474Z 		at reactor.core.publisher.MonoNext$NextSubscriber.onNext(MonoNext.java:83)
api-gateway-1  | 2026-09-23T08:29:01.733581379Z 		at reactor.core.publisher.FluxDematerialize$DematerializeSubscriber.onNext(FluxDematerialize.java:102)
api-gateway-1  | 2026-09-23T08:29:01.733584335Z 		at reactor.core.publisher.FluxDematerialize$DematerializeSubscriber.onNext(FluxDematerialize.java:44)
api-gateway-1  | 2026-09-23T08:29:01.733587431Z 		at reactor.core.publisher.FluxFlattenIterable$FlattenIterableSubscriber.drainAsync(FluxFlattenIterable.java:455)
api-gateway-1  | 2026-09-23T08:29:01.733590467Z 		at reactor.core.publisher.FluxFlattenIterable$FlattenIterableSubscriber.drain(FluxFlattenIterable.java:726)
api-gateway-1  | 2026-09-23T08:29:01.733593713Z 		at reactor.core.publisher.FluxFlattenIterable$FlattenIterableSubscriber.onNext(FluxFlattenIterable.java:258)
api-gateway-1  | 2026-09-23T08:29:01.733596719Z 		at reactor.core.publisher.FluxSwitchIfEmpty$SwitchIfEmptySubscriber.onNext(FluxSwitchIfEmpty.java:75)
api-gateway-1  | 2026-09-23T08:29:01.733599665Z 		at reactor.core.publisher.MonoFlatMap$FlatMapMain.secondComplete(MonoFlatMap.java:246)
api-gateway-1  | 2026-09-23T08:29:01.733602891Z 		at reactor.core.publisher.MonoFlatMap$FlatMapInner.onNext(MonoFlatMap.java:307)
api-gateway-1  | 2026-09-23T08:29:01.733608081Z 		at reactor.core.publisher.MonoIgnoreThen$ThenIgnoreMain.complete(MonoIgnoreThen.java:297)
api-gateway-1  | 2026-09-23T08:29:01.733619925Z 		at reactor.core.publisher.MonoIgnoreThen$ThenIgnoreMain.onNext(MonoIgnoreThen.java:191)
api-gateway-1  | 2026-09-23T08:29:01.733624534Z 		at reactor.core.publisher.MonoIgnoreThen$ThenIgnoreMain.subscribeNext(MonoIgnoreThen.java:240)
api-gateway-1  | 2026-09-23T08:29:01.733628712Z 		at reactor.core.publisher.MonoIgnoreThen$ThenIgnoreMain.onComplete(MonoIgnoreThen.java:207)
api-gateway-1  | 2026-09-23T08:29:01.733632880Z 		at reactor.core.publisher.MonoIgnoreElements$IgnoreElementsSubscriber.onComplete(MonoIgnoreElements.java:89)
api-gateway-1  | 2026-09-23T08:29:01.733637449Z 		at reactor.core.publisher.FluxPeek$PeekSubscriber.onComplete(FluxPeek.java:263)
api-gateway-1  | 2026-09-23T08:29:01.733641777Z 		at reactor.core.publisher.FluxDematerialize$DematerializeSubscriber.onComplete(FluxDematerialize.java:125)
api-gateway-1  | 2026-09-23T08:29:01.733646476Z 		at reactor.core.publisher.FluxDematerialize$DematerializeSubscriber.onNext(FluxDematerialize.java:91)
api-gateway-1  | 2026-09-23T08:29:01.733651446Z 		at reactor.core.publisher.FluxDematerialize$DematerializeSubscriber.onNext(FluxDematerialize.java:44)
api-gateway-1  | 2026-09-23T08:29:01.733656836Z 		at reactor.core.publisher.FluxIterable$IterableSubscription.fastPath(FluxIterable.java:402)
api-gateway-1  | 2026-09-23T08:29:01.733660103Z 		at reactor.core.publisher.FluxIterable$IterableSubscription.request(FluxIterable.java:291)
api-gateway-1  | 2026-09-23T08:29:01.733663029Z 		at reactor.core.publisher.FluxDematerialize$DematerializeSubscriber.request(FluxDematerialize.java:131)
api-gateway-1  | 2026-09-23T08:29:01.733665964Z 		at reactor.core.publisher.FluxPeek$PeekSubscriber.request(FluxPeek.java:141)
api-gateway-1  | 2026-09-23T08:29:01.733668860Z 		at reactor.core.publisher.MonoIgnoreElements$IgnoreElementsSubscriber.onSubscribe(MonoIgnoreElements.java:72)
api-gateway-1  | 2026-09-23T08:29:01.733671806Z 		at reactor.core.publisher.FluxPeek$PeekSubscriber.onSubscribe(FluxPeek.java:174)
api-gateway-1  | 2026-09-23T08:29:01.733674731Z 		at reactor.core.publisher.FluxDematerialize$DematerializeSubscriber.onSubscribe(FluxDematerialize.java:77)
api-gateway-1  | 2026-09-23T08:29:01.733677717Z 		at reactor.core.publisher.FluxIterable.subscribe(FluxIterable.java:200)
api-gateway-1  | 2026-09-23T08:29:01.733681134Z 		at reactor.core.publisher.FluxIterable.subscribe(FluxIterable.java:82)
api-gateway-1  | 2026-09-23T08:29:01.733684060Z 		at reactor.core.publisher.Mono.subscribe(Mono.java:4569)
api-gateway-1  | 2026-09-23T08:29:01.733686965Z 		at reactor.core.publisher.MonoIgnoreThen$ThenIgnoreMain.subscribeNext(MonoIgnoreThen.java:268)
api-gateway-1  | 2026-09-23T08:29:01.733689901Z 		at reactor.core.publisher.MonoIgnoreThen.subscribe(MonoIgnoreThen.java:51)
api-gateway-1  | 2026-09-23T08:29:01.733692817Z 		at reactor.core.publisher.MonoFlatMap$FlatMapMain.onNext(MonoFlatMap.java:166)
api-gateway-1  | 2026-09-23T08:29:01.733695722Z 		at reactor.core.publisher.Operators$BaseFluxToMonoOperator.completePossiblyEmpty(Operators.java:2093)
api-gateway-1  | 2026-09-23T08:29:01.733698668Z 		at reactor.core.publisher.MonoCollectList$MonoCollectListSubscriber.onComplete(MonoCollectList.java:117)
api-gateway-1  | 2026-09-23T08:29:01.733707876Z 		at reactor.core.publisher.DrainUtils.postCompleteDrain(DrainUtils.java:132)
api-gateway-1  | 2026-09-23T08:29:01.733710892Z 		at reactor.core.publisher.DrainUtils.postComplete(DrainUtils.java:187)
api-gateway-1  | 2026-09-23T08:29:01.733713848Z 		at reactor.core.publisher.FluxMaterialize$MaterializeSubscriber.onComplete(FluxMaterialize.java:141)
api-gateway-1  | 2026-09-23T08:29:01.733716793Z 		at reactor.core.publisher.FluxLimitRequest$FluxLimitRequestSubscriber.onNext(FluxLimitRequest.java:104)
api-gateway-1  | 2026-09-23T08:29:01.733719729Z 		at reactor.core.publisher.FluxOnErrorResume$ResumeSubscriber.onNext(FluxOnErrorResume.java:80)
api-gateway-1  | 2026-09-23T08:29:01.733722655Z 		at reactor.core.publisher.SerializedSubscriber.onNext(SerializedSubscriber.java:100)
api-gateway-1  | 2026-09-23T08:29:01.733725580Z 		at reactor.core.publisher.FluxTimeout$TimeoutMainSubscriber.onNext(FluxTimeout.java:182)
api-gateway-1  | 2026-09-23T08:29:01.733728546Z 		at reactor.core.publisher.Operators$BaseFluxToMonoOperator.completePossiblyEmpty(Operators.java:2093)
api-gateway-1  | 2026-09-23T08:29:01.733731482Z 		at reactor.core.publisher.MonoCollectList$MonoCollectListSubscriber.onComplete(MonoCollectList.java:117)
api-gateway-1  | 2026-09-23T08:29:01.733734468Z 		at reactor.core.publisher.FluxContextWriteRestoringThreadLocals$ContextWriteRestoringThreadLocalsSubscriber.onComplete(FluxContextWriteRestoringThreadLocals.java:150)
api-gateway-1  | 2026-09-23T08:29:01.733737534Z 		at org.springframework.cloud.commons.publisher.FluxFirstNonEmptyEmitting$FirstNonEmptyEmittingSubscriber.onComplete(FluxFirstNonEmptyEmitting.java:325)
api-gateway-1  | 2026-09-23T08:29:01.733740570Z 		at reactor.core.publisher.Operators.complete(Operators.java:137)
api-gateway-1  | 2026-09-23T08:29:01.733743485Z 		at reactor.core.publisher.FluxIterable.subscribe(FluxIterable.java:143)
api-gateway-1  | 2026-09-23T08:29:01.733746391Z 		at reactor.core.publisher.FluxIterable.subscribe(FluxIterable.java:82)
api-gateway-1  | 2026-09-23T08:29:01.733749297Z 		at reactor.core.publisher.Flux.subscribe(Flux.java:8888)
api-gateway-1  | 2026-09-23T08:29:01.733752523Z 		at org.springframework.cloud.commons.publisher.FluxFirstNonEmptyEmitting$RaceCoordinator.subscribe(FluxFirstNonEmptyEmitting.java:203)
api-gateway-1  | 2026-09-23T08:29:01.733755559Z 		at org.springframework.cloud.commons.publisher.FluxFirstNonEmptyEmitting.subscribe(FluxFirstNonEmptyEmitting.java:128)
api-gateway-1  | 2026-09-23T08:29:01.733758535Z 		at reactor.core.publisher.InternalFluxOperator.subscribe(InternalFluxOperator.java:67)
api-gateway-1  | 2026-09-23T08:29:01.733761520Z 		at reactor.core.publisher.FluxDefer.subscribe(FluxDefer.java:55)
api-gateway-1  | 2026-09-23T08:29:01.733764506Z 		at reactor.core.publisher.InternalFluxOperator.subscribe(InternalFluxOperator.java:67)
api-gateway-1  | 2026-09-23T08:29:01.733767703Z 		at reactor.core.publisher.FluxDefer.subscribe(FluxDefer.java:55)
api-gateway-1  | 2026-09-23T08:29:01.733770648Z 		at reactor.core.publisher.Mono.subscribe(Mono.java:4569)
api-gateway-1  | 2026-09-23T08:29:01.733773554Z 		at reactor.core.publisher.FluxSwitchIfEmpty$SwitchIfEmptySubscriber.onComplete(FluxSwitchIfEmpty.java:83)
api-gateway-1  | 2026-09-23T08:29:01.733777081Z 		at reactor.core.publisher.Operators.complete(Operators.java:137)
api-gateway-1  | 2026-09-23T08:29:01.733788944Z 		at reactor.core.publisher.MonoEmpty.subscribe(MonoEmpty.java:46)
api-gateway-1  | 2026-09-23T08:29:01.733794224Z 		at reactor.core.publisher.InternalFluxOperator.subscribe(InternalFluxOperator.java:67)
api-gateway-1  | 2026-09-23T08:29:01.733798392Z 		at reactor.core.publisher.FluxDefer.subscribe(FluxDefer.java:55)
api-gateway-1  | 2026-09-23T08:29:01.733801298Z 		at reactor.core.publisher.InternalMonoOperator.subscribe(InternalMonoOperator.java:75)
api-gateway-1  | 2026-09-23T08:29:01.733804244Z 		at reactor.core.publisher.MonoDefer.subscribe(MonoDefer.java:54)
api-gateway-1  | 2026-09-23T08:29:01.733807410Z 		at reactor.core.publisher.InternalMonoOperator.subscribe(InternalMonoOperator.java:75)
api-gateway-1  | 2026-09-23T08:29:01.733810366Z 		at reactor.core.publisher.MonoContextWriteRestoringThreadLocals.subscribe(MonoContextWriteRestoringThreadLocals.java:44)
api-gateway-1  | 2026-09-23T08:29:01.733813362Z 		at reactor.core.publisher.MonoDeferContextual.subscribe(MonoDeferContextual.java:56)
api-gateway-1  | 2026-09-23T08:29:01.733816277Z 		at reactor.core.publisher.FluxFromMonoOperator.subscribe(FluxFromMonoOperator.java:83)
api-gateway-1  | 2026-09-23T08:29:01.733819203Z 		at reactor.core.publisher.FluxDeferContextual.subscribe(FluxDeferContextual.java:58)
api-gateway-1  | 2026-09-23T08:29:01.733822109Z 		at reactor.core.publisher.InternalMonoOperator.subscribe(InternalMonoOperator.java:75)
api-gateway-1  | 2026-09-23T08:29:01.733825034Z 		at reactor.core.publisher.MonoFlatMap$FlatMapMain.onNext(MonoFlatMap.java:166)
api-gateway-1  | 2026-09-23T08:29:01.733827950Z 		at reactor.core.publisher.FluxOnErrorResume$ResumeSubscriber.onNext(FluxOnErrorResume.java:80)
api-gateway-1  | 2026-09-23T08:29:01.733830906Z 		at reactor.core.publisher.FluxOnErrorResume$ResumeSubscriber.onNext(FluxOnErrorResume.java:80)
api-gateway-1  | 2026-09-23T08:29:01.733833851Z 		at reactor.core.publisher.FluxPeek$PeekSubscriber.onNext(FluxPeek.java:203)
api-gateway-1  | 2026-09-23T08:29:01.733837318Z 		at reactor.core.publisher.MonoIgnoreThen$ThenIgnoreMain.complete(MonoIgnoreThen.java:297)
api-gateway-1  | 2026-09-23T08:29:01.733840294Z 		at reactor.core.publisher.MonoIgnoreThen$ThenIgnoreMain.onNext(MonoIgnoreThen.java:191)
api-gateway-1  | 2026-09-23T08:29:01.733843280Z 		at reactor.core.publisher.MonoFlatMap$FlatMapMain.onNext(MonoFlatMap.java:159)
api-gateway-1  | 2026-09-23T08:29:01.733846196Z 		at reactor.core.publisher.MonoZip$ZipCoordinator.signal(MonoZip.java:296)
api-gateway-1  | 2026-09-23T08:29:01.733849121Z 		at reactor.core.publisher.MonoZip$ZipInner.onNext(MonoZip.java:480)
api-gateway-1  | 2026-09-23T08:29:01.733852047Z 		at reactor.core.publisher.MonoPeekTerminal$MonoTerminalPeekSubscriber.onNext(MonoPeekTerminal.java:184)
api-gateway-1  | 2026-09-23T08:29:01.733855013Z 		at reactor.core.publisher.FluxDefaultIfEmpty$DefaultIfEmptySubscriber.onNext(FluxDefaultIfEmpty.java:123)
api-gateway-1  | 2026-09-23T08:29:01.733857988Z 		at reactor.core.publisher.FluxSwitchIfEmpty$SwitchIfEmptySubscriber.onNext(FluxSwitchIfEmpty.java:75)
api-gateway-1  | 2026-09-23T08:29:01.733860944Z 		at reactor.core.publisher.Operators$ScalarSubscription.request(Operators.java:2565)
api-gateway-1  | 2026-09-23T08:29:01.733869280Z 		at reactor.core.publisher.Operators$MultiSubscriptionSubscriber.set(Operators.java:2361)
api-gateway-1  | 2026-09-23T08:29:01.733872296Z 		at reactor.core.publisher.Operators$MultiSubscriptionSubscriber.onSubscribe(Operators.java:2235)
api-gateway-1  | 2026-09-23T08:29:01.733875222Z 		at reactor.core.publisher.FluxFlatMap.trySubscribeScalarMap(FluxFlatMap.java:193)
api-gateway-1  | 2026-09-23T08:29:01.733878188Z 		at reactor.core.publisher.MonoFlatMap.subscribeOrReturn(MonoFlatMap.java:53)
api-gateway-1  | 2026-09-23T08:29:01.733881174Z 		at reactor.core.publisher.InternalMonoOperator.subscribe(InternalMonoOperator.java:62)
api-gateway-1  | 2026-09-23T08:29:01.733884109Z 		at reactor.core.publisher.MonoZip$ZipCoordinator.request(MonoZip.java:219)
api-gateway-1  | 2026-09-23T08:29:01.733887025Z 		at reactor.core.publisher.MonoFlatMap$FlatMapMain.request(MonoFlatMap.java:195)
api-gateway-1  | 2026-09-23T08:29:01.733889931Z 		at reactor.core.publisher.MonoIgnoreThen$ThenIgnoreMain.onSubscribe(MonoIgnoreThen.java:135)
api-gateway-1  | 2026-09-23T08:29:01.733892866Z 		at reactor.core.publisher.MonoFlatMap$FlatMapMain.onSubscribe(MonoFlatMap.java:118)
api-gateway-1  | 2026-09-23T08:29:01.733895812Z 		at reactor.core.publisher.MonoZip.subscribe(MonoZip.java:129)
api-gateway-1  | 2026-09-23T08:29:01.733898728Z 		at reactor.core.publisher.InternalMonoOperator.subscribe(InternalMonoOperator.java:75)
api-gateway-1  | 2026-09-23T08:29:01.733901664Z 		at reactor.core.publisher.MonoDefer.subscribe(MonoDefer.java:54)
api-gateway-1  | 2026-09-23T08:29:01.733904599Z 		at reactor.core.publisher.MonoIgnoreThen$ThenIgnoreMain.subscribeNext(MonoIgnoreThen.java:244)
api-gateway-1  | 2026-09-23T08:29:01.733907565Z 		at reactor.core.publisher.MonoIgnoreThen$ThenIgnoreMain.onComplete(MonoIgnoreThen.java:207)
api-gateway-1  | 2026-09-23T08:29:01.733910962Z 		at reactor.core.publisher.MonoFlatMap$FlatMapMain.onComplete(MonoFlatMap.java:190)
api-gateway-1  | 2026-09-23T08:29:01.733913917Z 		at reactor.core.publisher.Operators.complete(Operators.java:137)
api-gateway-1  | 2026-09-23T08:29:01.733916833Z 		at reactor.core.publisher.MonoZip.subscribe(MonoZip.java:121)
api-gateway-1  | 2026-09-23T08:29:01.733919749Z 		at reactor.core.publisher.Mono.subscribe(Mono.java:4569)
api-gateway-1  | 2026-09-23T08:29:01.733922665Z 		at reactor.core.publisher.MonoIgnoreThen$ThenIgnoreMain.subscribeNext(MonoIgnoreThen.java:268)
api-gateway-1  | 2026-09-23T08:29:01.733925620Z 		at reactor.core.publisher.MonoIgnoreThen.subscribe(MonoIgnoreThen.java:51)
api-gateway-1  | 2026-09-23T08:29:01.733928546Z 		at reactor.core.publisher.InternalMonoOperator.subscribe(InternalMonoOperator.java:75)
api-gateway-1  | 2026-09-23T08:29:01.733931472Z 		at reactor.core.publisher.MonoFlatMap$FlatMapMain.onNext(MonoFlatMap.java:166)
api-gateway-1  | 2026-09-23T08:29:01.733936261Z 		at reactor.core.publisher.FluxOnErrorResume$ResumeSubscriber.onNext(FluxOnErrorResume.java:80)
api-gateway-1  | 2026-09-23T08:29:01.733940559Z 		at reactor.core.publisher.FluxSwitchIfEmpty$SwitchIfEmptySubscriber.onNext(FluxSwitchIfEmpty.java:75)
api-gateway-1  | 2026-09-23T08:29:01.733945088Z 		at reactor.core.publisher.MonoNext$NextSubscriber.onNext(MonoNext.java:83)
api-gateway-1  | 2026-09-23T08:29:01.733949547Z 		at reactor.core.publisher.FluxConcatMapNoPrefetch$FluxConcatMapNoPrefetchSubscriber.innerNext(FluxConcatMapNoPrefetch.java:259)
api-gateway-1  | 2026-09-23T08:29:01.733962843Z 		at reactor.core.publisher.FluxConcatMap$ConcatMapInner.onNext(FluxConcatMap.java:870)
api-gateway-1  | 2026-09-23T08:29:01.733966440Z 		at reactor.core.publisher.FluxMapFuseable$MapFuseableSubscriber.onNext(FluxMapFuseable.java:130)
api-gateway-1  | 2026-09-23T08:29:01.733969556Z 		at reactor.core.publisher.MonoPeekTerminal$MonoTerminalPeekSubscriber.onNext(MonoPeekTerminal.java:184)
api-gateway-1  | 2026-09-23T08:29:01.733972622Z 		at reactor.core.publisher.Operators$ScalarSubscription.request(Operators.java:2565)
api-gateway-1  | 2026-09-23T08:29:01.733975558Z 		at reactor.core.publisher.MonoPeekTerminal$MonoTerminalPeekSubscriber.request(MonoPeekTerminal.java:142)
api-gateway-1  | 2026-09-23T08:29:01.733978513Z 		at reactor.core.publisher.FluxMapFuseable$MapFuseableSubscriber.request(FluxMapFuseable.java:172)
api-gateway-1  | 2026-09-23T08:29:01.733981519Z 		at reactor.core.publisher.Operators$MultiSubscriptionSubscriber.request(Operators.java:2325)
api-gateway-1  | 2026-09-23T08:29:01.733984465Z 		at reactor.core.publisher.FluxConcatMapNoPrefetch$FluxConcatMapNoPrefetchSubscriber.request(FluxConcatMapNoPrefetch.java:339)
api-gateway-1  | 2026-09-23T08:29:01.733987491Z 		at reactor.core.publisher.MonoNext$NextSubscriber.request(MonoNext.java:109)
api-gateway-1  | 2026-09-23T08:29:01.733990427Z 		at reactor.core.publisher.Operators$MultiSubscriptionSubscriber.set(Operators.java:2361)
api-gateway-1  | 2026-09-23T08:29:01.733993372Z 		at reactor.core.publisher.Operators$MultiSubscriptionSubscriber.onSubscribe(Operators.java:2235)
api-gateway-1  | 2026-09-23T08:29:01.733996739Z 		at reactor.core.publisher.MonoNext$NextSubscriber.onSubscribe(MonoNext.java:71)
api-gateway-1  | 2026-09-23T08:29:01.733999745Z 		at reactor.core.publisher.FluxConcatMapNoPrefetch$FluxConcatMapNoPrefetchSubscriber.onSubscribe(FluxConcatMapNoPrefetch.java:164)
api-gateway-1  | 2026-09-23T08:29:01.734002761Z 		at reactor.core.publisher.FluxIterable.subscribe(FluxIterable.java:200)
api-gateway-1  | 2026-09-23T08:29:01.734023812Z 		at reactor.core.publisher.FluxIterable.subscribe(FluxIterable.java:82)
api-gateway-1  | 2026-09-23T08:29:01.734029863Z 		at reactor.core.publisher.InternalMonoOperator.subscribe(InternalMonoOperator.java:75)
api-gateway-1  | 2026-09-23T08:29:01.734034001Z 		at reactor.core.publisher.MonoDefer.subscribe(MonoDefer.java:54)
api-gateway-1  | 2026-09-23T08:29:01.734038610Z 		at reactor.core.publisher.InternalMonoOperator.subscribe(InternalMonoOperator.java:75)
api-gateway-1  | 2026-09-23T08:29:01.734043019Z 		at reactor.core.publisher.MonoDefer.subscribe(MonoDefer.java:54)
api-gateway-1  | 2026-09-23T08:29:01.734047668Z 		at reactor.core.publisher.InternalMonoOperator.subscribe(InternalMonoOperator.java:75)
api-gateway-1  | 2026-09-23T08:29:01.734051045Z 		at reactor.core.publisher.MonoTapRestoringThreadLocals.subscribe(MonoTapRestoringThreadLocals.java:78)
api-gateway-1  | 2026-09-23T08:29:01.734054792Z 		at reactor.core.publisher.Mono.subscribe(Mono.java:4569)
api-gateway-1  | 2026-09-23T08:29:01.734059792Z 		at reactor.core.publisher.MonoIgnoreThen$ThenIgnoreMain.subscribeNext(MonoIgnoreThen.java:268)
api-gateway-1  | 2026-09-23T08:29:01.734073679Z 		at reactor.core.publisher.MonoIgnoreThen.subscribe(MonoIgnoreThen.java:51)
api-gateway-1  | 2026-09-23T08:29:01.734078508Z 		at reactor.core.publisher.InternalMonoOperator.subscribe(InternalMonoOperator.java:75)
api-gateway-1  | 2026-09-23T08:29:01.734082867Z 		at reactor.core.publisher.MonoDeferContextual.subscribe(MonoDeferContextual.java:56)
api-gateway-1  | 2026-09-23T08:29:01.734087606Z 		at reactor.netty.http.server.HttpServer$HttpServerHandle.onStateChange(HttpServer.java:1344)
api-gateway-1  | 2026-09-23T08:29:01.734092295Z 		at reactor.netty.ReactorNetty$CompositeConnectionObserver.onStateChange(ReactorNetty.java:730)
api-gateway-1  | 2026-09-23T08:29:01.734097445Z 		at reactor.netty.transport.ServerTransport$ChildObserver.onStateChange(ServerTransport.java:489)
api-gateway-1  | 2026-09-23T08:29:01.734102154Z 		at reactor.netty.http.server.HttpServerOperations.handleDefaultHttpRequest(HttpServerOperations.java:863)
api-gateway-1  | 2026-09-23T08:29:01.734105461Z 		at reactor.netty.http.server.HttpServerOperations.onInboundNext(HttpServerOperations.java:789)
api-gateway-1  | 2026-09-23T08:29:01.734108427Z 		at reactor.netty.channel.ChannelOperationsHandler.channelRead(ChannelOperationsHandler.java:115)
api-gateway-1  | 2026-09-23T08:29:01.734111503Z 		at io.netty.channel.AbstractChannelHandlerContext.fireChannelRead(AbstractChannelHandlerContext.java:356)
api-gateway-1  | 2026-09-23T08:29:01.734115250Z 		at reactor.netty.http.server.HttpTrafficHandler.channelRead(HttpTrafficHandler.java:283)
api-gateway-1  | 2026-09-23T08:29:01.734118246Z 		at io.netty.channel.AbstractChannelHandlerContext.fireChannelRead(AbstractChannelHandlerContext.java:354)
api-gateway-1  | 2026-09-23T08:29:01.734121231Z 		at io.netty.channel.CombinedChannelDuplexHandler$DelegatingChannelHandlerContext.fireChannelRead(CombinedChannelDuplexHandler.java:434)
api-gateway-1  | 2026-09-23T08:29:01.734124247Z 		at io.netty.handler.codec.ByteToMessageDecoder.fireChannelRead(ByteToMessageDecoder.java:361)
api-gateway-1  | 2026-09-23T08:29:01.734127183Z 		at io.netty.handler.codec.ByteToMessageDecoder.channelRead(ByteToMessageDecoder.java:325)
api-gateway-1  | 2026-09-23T08:29:01.734130179Z 		at io.netty.channel.CombinedChannelDuplexHandler.channelRead(CombinedChannelDuplexHandler.java:249)
api-gateway-1  | 2026-09-23T08:29:01.734133125Z 		at io.netty.channel.AbstractChannelHandlerContext.fireChannelRead(AbstractChannelHandlerContext.java:354)
api-gateway-1  | 2026-09-23T08:29:01.734136050Z 		at io.netty.channel.DefaultChannelPipeline$HeadContext.channelRead(DefaultChannelPipeline.java:1429)
api-gateway-1  | 2026-09-23T08:29:01.734138996Z 		at io.netty.channel.DefaultChannelPipeline.fireChannelRead(DefaultChannelPipeline.java:918)
api-gateway-1  | 2026-09-23T08:29:01.734141902Z 		at io.netty.channel.epoll.AbstractEpollStreamChannel$EpollStreamUnsafe.epollInReady(AbstractEpollStreamChannel.java:804)
api-gateway-1  | 2026-09-23T08:29:01.734144848Z 		at io.netty.channel.epoll.AbstractEpollChannel$AbstractEpollUnsafe.handle(AbstractEpollChannel.java:482)
api-gateway-1  | 2026-09-23T08:29:01.734147753Z 		at io.netty.channel.epoll.EpollIoHandler$DefaultEpollIoRegistration.handle(EpollIoHandler.java:317)
api-gateway-1  | 2026-09-23T08:29:01.734150679Z 		at io.netty.channel.epoll.EpollIoHandler.processReady(EpollIoHandler.java:515)
api-gateway-1  | 2026-09-23T08:29:01.734250894Z 		at io.netty.channel.epoll.EpollIoHandler.run(EpollIoHandler.java:460)
api-gateway-1  | 2026-09-23T08:29:01.734256756Z 		at io.netty.channel.SingleThreadIoEventLoop.runIo(SingleThreadIoEventLoop.java:225)
api-gateway-1  | 2026-09-23T08:29:01.734259852Z 		at io.netty.channel.SingleThreadIoEventLoop.run(SingleThreadIoEventLoop.java:196)
api-gateway-1  | 2026-09-23T08:29:01.734262807Z 		at io.netty.util.concurrent.SingleThreadEventExecutor$5.run(SingleThreadEventExecutor.java:1195)
api-gateway-1  | 2026-09-23T08:29:01.734265773Z 		at io.netty.util.internal.ThreadExecutorMap$2.run(ThreadExecutorMap.java:74)
api-gateway-1  | 2026-09-23T08:29:01.734268679Z 		at io.netty.util.concurrent.FastThreadLocalRunnable.run(FastThreadLocalRunnable.java:30)
api-gateway-1  | 2026-09-23T08:29:01.734271625Z 		at java.base/java.lang.Thread.run(Thread.java:840)
api-gateway-1  | 2026-09-23T08:29:01.734274650Z 
api-gateway-1  | 2026-09-23T08:29:01.737026996Z 2026-09-23T08:29:01.736Z  WARN 1 --- [api-gateway] [or-http-epoll-6] [                                                 ] i.m.o.c.ObservationThreadLocalAccessor   : There is no current scope in thread local. This situation should not happen
api-gateway-1  | 2026-09-23T08:29:01.737855829Z 2026-09-23T08:29:01.737Z  WARN 1 --- [api-gateway] [or-http-epoll-6] [                                                 ] i.m.o.c.ObservationThreadLocalAccessor   : Observation <{name=http.server.requests(http get /api/gateway/owners/{ownerId}), error=org.springframework.web.reactive.function.client.WebClientResponseException$ServiceUnavailable: 503 Service Unavailable from UNKNOWN , context=name='http.server.requests', contextualName='http get /api/gateway/owners/{ownerId}', error='org.springframework.web.reactive.function.client.WebClientResponseException$ServiceUnavailable: 503 Service Unavailable from UNKNOWN ', lowCardinalityKeyValues=[exception='ServiceUnavailable', method='GET', outcome='SERVER_ERROR', status='500', uri='/api/gateway/owners/{ownerId}'], highCardinalityKeyValues=[http.url='/api/gateway/owners/6'], map=[class io.micrometer.tracing.handler.TracingObservationHandler$TracingContext='TracingContext{span=6ab38dcdedeb632d8753de80cedf30be/8753de80cedf30be}', class io.micrometer.core.instrument.LongTaskTimer$Sample='SampleImpl{duration(seconds)=-1.0E-9, duration(nanos)=-1.0, startTimeNanos=1621059812025}', class io.micrometer.core.instrument.Timer$Sample='io.micrometer.core.instrument.Timer$Sample@2a690f0'], parentObservation=null}> to which we're restoring is not the same as the one set as this scope's parent observation <null>. Most likely a manually created Observation has a scope opened that was never closed. This may lead to thread polluting and memory leaks.
api-gateway-1  | 2026-09-23T08:29:04.762112460Z 2026-09-23T08:29:04.761Z  WARN 1 --- [api-gateway] [or-http-epoll-7] [6ab38dd0b3109352f663e524c273ee66-f663e524c273ee66] i.m.o.c.ObservationThreadLocalAccessor   : Observation <{name=http.server.requests(null), error=null, context=name='http.server.requests', contextualName='null', error='null', lowCardinalityKeyValues=[exception='none', method='GET', outcome='SUCCESS', status='200', uri='UNKNOWN'], highCardinalityKeyValues=[http.url='/api/gateway/owners/6'], map=[class io.micrometer.tracing.handler.TracingObservationHandler$TracingContext='TracingContext{span=6ab38dd0b3109352f663e524c273ee66/f663e524c273ee66}', class io.micrometer.core.instrument.LongTaskTimer$Sample='SampleImpl{duration(seconds)=0.002881842, duration(nanos)=2881842.0, startTimeNanos=1624095167141}', class io.micrometer.core.instrument.Timer$Sample='io.micrometer.core.instrument.Timer$Sample@1c2c95bb'], parentObservation=null}> to which we're restoring is not the same as the one set as this scope's parent observation <null>. Most likely a manually created Observation has a scope opened that was never closed. This may lead to thread polluting and memory leaks.
api-gateway-1  | 2026-09-23T08:29:04.764381501Z 2026-09-23T08:29:04.763Z  WARN 1 --- [api-gateway] [or-http-epoll-7] [                                                 ] o.s.c.l.core.RoundRobinLoadBalancer      : No servers available for service: customers-service
api-gateway-1  | 2026-09-23T08:29:04.764722526Z 2026-09-23T08:29:04.764Z  WARN 1 --- [api-gateway] [or-http-epoll-7] [                                                 ] eactorLoadBalancerExchangeFilterFunction : LoadBalancer does not contain an instance for the service customers-service
api-gateway-1  | 2026-09-23T08:29:04.768135065Z 2026-09-23T08:29:04.766Z ERROR 1 --- [api-gateway] [or-http-epoll-7] [6ab38dd0b3109352f663e524c273ee66-f663e524c273ee66] b.w.a.e.AbstractErrorWebExceptionHandler : [7874e5f9-6]  500 Server Error for HTTP GET "/api/gateway/owners/6"
api-gateway-1  | 2026-09-23T08:29:04.768178700Z 
api-gateway-1  | 2026-09-23T08:29:04.768185333Z org.springframework.web.reactive.function.client.WebClientResponseException$ServiceUnavailable: 503 Service Unavailable from UNKNOWN 
api-gateway-1  | 2026-09-23T08:29:04.768190864Z 	at org.springframework.web.reactive.function.client.WebClientResponseException.create(WebClientResponseException.java:322)
api-gateway-1  | 2026-09-23T08:29:04.768195593Z 	Suppressed: The stacktrace has been enhanced by Reactor, refer to additional information below: 
api-gateway-1  | 2026-09-23T08:29:04.768199571Z Error has been observed at the following site(s):
api-gateway-1  | 2026-09-23T08:29:04.768203379Z 	*__checkpoint ⇢ 503 SERVICE_UNAVAILABLE from GET http://customers-service/owners/6 [DefaultWebClient]
api-gateway-1  | 2026-09-23T08:29:04.768208138Z 	*__checkpoint ⇢ Handler org.springframework.samples.petclinic.api.boundary.web.ApiGatewayController#getOwnerDetails(int) [DispatcherHandler]
api-gateway-1  | 2026-09-23T08:29:04.768212316Z 	*__checkpoint ⇢ org.springframework.cloud.gateway.filter.WeightCalculatorWebFilter@7abcc0da
api-gateway-1  | 2026-09-23T08:29:04.768216424Z 	*__checkpoint ⇢ HTTP GET "/api/gateway/owners/6" [ExceptionHandlingWebHandler]
api-gateway-1  | 2026-09-23T08:29:04.768220622Z Original Stack Trace:
api-gateway-1  | 2026-09-23T08:29:04.768224550Z 		at org.springframework.web.reactive.function.client.WebClientResponseException.create(WebClientResponseException.java:322)
api-gateway-1  | 2026-09-23T08:29:04.768228718Z 		at org.springframework.web.reactive.function.client.DefaultClientResponse.lambda$createException$1(DefaultClientResponse.java:214)
api-gateway-1  | 2026-09-23T08:29:04.768232886Z 		at reactor.core.publisher.FluxMap$MapSubscriber.onNext(FluxMap.java:106)
api-gateway-1  | 2026-09-23T08:29:04.768236864Z 		at reactor.core.publisher.FluxOnErrorReturn$ReturnSubscriber.onNext(FluxOnErrorReturn.java:159)
api-gateway-1  | 2026-09-23T08:29:04.768241092Z 		at reactor.core.publisher.FluxDefaultIfEmpty$DefaultIfEmptySubscriber.onNext(FluxDefaultIfEmpty.java:123)
api-gateway-1  | 2026-09-23T08:29:04.768245110Z 		at reactor.core.publisher.FluxMapFuseable$MapFuseableSubscriber.onNext(FluxMapFuseable.java:130)
api-gateway-1  | 2026-09-23T08:29:04.768248957Z 		at reactor.core.publisher.FluxContextWrite$ContextWriteSubscriber.onNext(FluxContextWrite.java:109)
api-gateway-1  | 2026-09-23T08:29:04.768276050Z 		at reactor.core.publisher.FluxMapFuseable$MapFuseableConditionalSubscriber.onNext(FluxMapFuseable.java:300)
api-gateway-1  | 2026-09-23T08:29:04.768282242Z 		at reactor.core.publisher.FluxFilterFuseable$FilterFuseableConditionalSubscriber.onNext(FluxFilterFuseable.java:338)
api-gateway-1  | 2026-09-23T08:29:04.768286480Z 		at reactor.core.publisher.Operators$BaseFluxToMonoOperator.completePossiblyEmpty(Operators.java:2093)
api-gateway-1  | 2026-09-23T08:29:04.768290939Z 		at reactor.core.publisher.MonoCollect$CollectSubscriber.onComplete(MonoCollect.java:144)
api-gateway-1  | 2026-09-23T08:29:04.768295889Z 		at reactor.core.publisher.FluxMapFuseable$MapFuseableSubscriber.onComplete(FluxMapFuseable.java:153)
api-gateway-1  | 2026-09-23T08:29:04.768300758Z 		at reactor.core.publisher.Operators$ScalarSubscription.request(Operators.java:2567)
api-gateway-1  | 2026-09-23T08:29:04.768305648Z 		at reactor.core.publisher.FluxMapFuseable$MapFuseableSubscriber.request(FluxMapFuseable.java:172)
api-gateway-1  | 2026-09-23T08:29:04.768310137Z 		at reactor.core.publisher.Operators$BaseFluxToMonoOperator.request(Operators.java:2063)
api-gateway-1  | 2026-09-23T08:29:04.768314856Z 		at reactor.core.publisher.FluxFilterFuseable$FilterFuseableConditionalSubscriber.request(FluxFilterFuseable.java:411)
api-gateway-1  | 2026-09-23T08:29:04.768319114Z 		at reactor.core.publisher.FluxMapFuseable$MapFuseableConditionalSubscriber.request(FluxMapFuseable.java:361)
api-gateway-1  | 2026-09-23T08:29:04.768323893Z 		at reactor.core.publisher.FluxContextWrite$ContextWriteSubscriber.request(FluxContextWrite.java:138)
api-gateway-1  | 2026-09-23T08:29:04.768328763Z 		at reactor.core.publisher.FluxMapFuseable$MapFuseableSubscriber.request(FluxMapFuseable.java:172)
api-gateway-1  | 2026-09-23T08:29:04.768334023Z 		at reactor.core.publisher.FluxDefaultIfEmpty$DefaultIfEmptySubscriber.request(FluxDefaultIfEmpty.java:99)
api-gateway-1  | 2026-09-23T08:29:04.768338221Z 		at reactor.core.publisher.FluxOnErrorReturn$ReturnSubscriber.request(FluxOnErrorReturn.java:150)
api-gateway-1  | 2026-09-23T08:29:04.768342289Z 		at reactor.core.publisher.FluxMap$MapSubscriber.request(FluxMap.java:163)
api-gateway-1  | 2026-09-23T08:29:04.768346247Z 		at reactor.core.publisher.MonoFlatMap$FlatMapMain.request(MonoFlatMap.java:195)
api-gateway-1  | 2026-09-23T08:29:04.768350345Z 		at reactor.core.publisher.Operators$MultiSubscriptionSubscriber.set(Operators.java:2361)
api-gateway-1  | 2026-09-23T08:29:04.768354293Z 		at reactor.core.publisher.FluxOnErrorResume$ResumeSubscriber.onSubscribe(FluxOnErrorResume.java:75)
api-gateway-1  | 2026-09-23T08:29:04.768358381Z 		at reactor.core.publisher.MonoFlatMap$FlatMapMain.onSubscribe(MonoFlatMap.java:118)
api-gateway-1  | 2026-09-23T08:29:04.768362378Z 		at reactor.core.publisher.FluxMap$MapSubscriber.onSubscribe(FluxMap.java:92)
api-gateway-1  | 2026-09-23T08:29:04.768366677Z 		at reactor.core.publisher.FluxOnErrorReturn$ReturnSubscriber.onSubscribe(FluxOnErrorReturn.java:92)
api-gateway-1  | 2026-09-23T08:29:04.768371596Z 		at reactor.core.publisher.Operators$BaseFluxToMonoOperator.onSubscribe(Operators.java:2047)
api-gateway-1  | 2026-09-23T08:29:04.768375935Z 		at reactor.core.publisher.FluxMapFuseable$MapFuseableSubscriber.onSubscribe(FluxMapFuseable.java:96)
api-gateway-1  | 2026-09-23T08:29:04.768446014Z 		at reactor.core.publisher.FluxContextWrite$ContextWriteSubscriber.onSubscribe(FluxContextWrite.java:103)
api-gateway-1  | 2026-09-23T08:29:04.768456013Z 		at reactor.core.publisher.FluxMapFuseable$MapFuseableConditionalSubscriber.onSubscribe(FluxMapFuseable.java:265)
api-gateway-1  | 2026-09-23T08:29:04.768460983Z 		at reactor.core.publisher.FluxFilterFuseable$FilterFuseableConditionalSubscriber.onSubscribe(FluxFilterFuseable.java:305)
api-gateway-1  | 2026-09-23T08:29:04.768465061Z 		at reactor.core.publisher.Operators$BaseFluxToMonoOperator.onSubscribe(Operators.java:2047)
api-gateway-1  | 2026-09-23T08:29:04.768468888Z 		at reactor.core.publisher.FluxMapFuseable$MapFuseableSubscriber.onSubscribe(FluxMapFuseable.java:96)
api-gateway-1  | 2026-09-23T08:29:04.768472666Z 		at reactor.core.publisher.FluxJust.subscribe(FluxJust.java:69)
api-gateway-1  | 2026-09-23T08:29:04.768476353Z 		at reactor.core.publisher.InternalMonoOperator.subscribe(InternalMonoOperator.java:75)
api-gateway-1  | 2026-09-23T08:29:04.768480160Z 		at reactor.core.publisher.MonoFlatMap$FlatMapMain.onNext(MonoFlatMap.java:166)
api-gateway-1  | 2026-09-23T08:29:04.768483948Z 		at reactor.core.publisher.MonoContextWriteRestoringThreadLocals$ContextWriteRestoringThreadLocalsSubscriber.onNext(MonoContextWriteRestoringThreadLocals.java:111)
api-gateway-1  | 2026-09-23T08:29:04.768488026Z 		at reactor.core.publisher.FluxDoFinally$DoFinallySubscriber.onNext(FluxDoFinally.java:113)
api-gateway-1  | 2026-09-23T08:29:04.768491873Z 		at reactor.core.publisher.MonoPeekTerminal$MonoTerminalPeekSubscriber.onNext(MonoPeekTerminal.java:184)
api-gateway-1  | 2026-09-23T08:29:04.768495731Z 		at reactor.core.publisher.FluxPeekFuseable$PeekConditionalSubscriber.onNext(FluxPeekFuseable.java:850)
api-gateway-1  | 2026-09-23T08:29:04.768499488Z 		at reactor.core.publisher.FluxSwitchIfEmpty$SwitchIfEmptySubscriber.onNext(FluxSwitchIfEmpty.java:75)
api-gateway-1  | 2026-09-23T08:29:04.768503275Z 		at reactor.core.publisher.MonoFlatMap$FlatMapMain.onNext(MonoFlatMap.java:159)
api-gateway-1  | 2026-09-23T08:29:04.768507413Z 		at reactor.core.publisher.FluxMap$MapSubscriber.onNext(FluxMap.java:122)
api-gateway-1  | 2026-09-23T08:29:04.768511281Z 		at reactor.core.publisher.MonoNext$NextSubscriber.onNext(MonoNext.java:83)
api-gateway-1  | 2026-09-23T08:29:04.768515159Z 		at reactor.core.publisher.FluxDematerialize$DematerializeSubscriber.onNext(FluxDematerialize.java:102)
api-gateway-1  | 2026-09-23T08:29:04.768518996Z 		at reactor.core.publisher.FluxDematerialize$DematerializeSubscriber.onNext(FluxDematerialize.java:44)
api-gateway-1  | 2026-09-23T08:29:04.768522854Z 		at reactor.core.publisher.FluxFlattenIterable$FlattenIterableSubscriber.drainAsync(FluxFlattenIterable.java:455)
api-gateway-1  | 2026-09-23T08:29:04.768526841Z 		at reactor.core.publisher.FluxFlattenIterable$FlattenIterableSubscriber.drain(FluxFlattenIterable.java:726)
api-gateway-1  | 2026-09-23T08:29:04.768532823Z 		at reactor.core.publisher.FluxFlattenIterable$FlattenIterableSubscriber.onNext(FluxFlattenIterable.java:258)
api-gateway-1  | 2026-09-23T08:29:04.768536701Z 		at reactor.core.publisher.FluxSwitchIfEmpty$SwitchIfEmptySubscriber.onNext(FluxSwitchIfEmpty.java:75)
api-gateway-1  | 2026-09-23T08:29:04.768540478Z 		at reactor.core.publisher.MonoFlatMap$FlatMapMain.secondComplete(MonoFlatMap.java:246)
api-gateway-1  | 2026-09-23T08:29:04.768553614Z 		at reactor.core.publisher.MonoFlatMap$FlatMapInner.onNext(MonoFlatMap.java:307)
api-gateway-1  | 2026-09-23T08:29:04.768557701Z 		at reactor.core.publisher.MonoIgnoreThen$ThenIgnoreMain.complete(MonoIgnoreThen.java:297)
api-gateway-1  | 2026-09-23T08:29:04.768561659Z 		at reactor.core.publisher.MonoIgnoreThen$ThenIgnoreMain.onNext(MonoIgnoreThen.java:191)
api-gateway-1  | 2026-09-23T08:29:04.768565767Z 		at reactor.core.publisher.MonoIgnoreThen$ThenIgnoreMain.subscribeNext(MonoIgnoreThen.java:240)
api-gateway-1  | 2026-09-23T08:29:04.768570015Z 		at reactor.core.publisher.MonoIgnoreThen$ThenIgnoreMain.onComplete(MonoIgnoreThen.java:207)
api-gateway-1  | 2026-09-23T08:29:04.768574003Z 		at reactor.core.publisher.MonoIgnoreElements$IgnoreElementsSubscriber.onComplete(MonoIgnoreElements.java:89)
api-gateway-1  | 2026-09-23T08:29:04.768577921Z 		at reactor.core.publisher.FluxPeek$PeekSubscriber.onComplete(FluxPeek.java:263)
api-gateway-1  | 2026-09-23T08:29:04.768581989Z 		at reactor.core.publisher.FluxDematerialize$DematerializeSubscriber.onComplete(FluxDematerialize.java:125)
api-gateway-1  | 2026-09-23T08:29:04.768586127Z 		at reactor.core.publisher.FluxDematerialize$DematerializeSubscriber.onNext(FluxDematerialize.java:91)
api-gateway-1  | 2026-09-23T08:29:04.768590455Z 		at reactor.core.publisher.FluxDematerialize$DematerializeSubscriber.onNext(FluxDematerialize.java:44)
api-gateway-1  | 2026-09-23T08:29:04.768594453Z 		at reactor.core.publisher.FluxIterable$IterableSubscription.fastPath(FluxIterable.java:402)
api-gateway-1  | 2026-09-23T08:29:04.768598421Z 		at reactor.core.publisher.FluxIterable$IterableSubscription.request(FluxIterable.java:291)
api-gateway-1  | 2026-09-23T08:29:04.768602459Z 		at reactor.core.publisher.FluxDematerialize$DematerializeSubscriber.request(FluxDematerialize.java:131)
api-gateway-1  | 2026-09-23T08:29:04.768606456Z 		at reactor.core.publisher.FluxPeek$PeekSubscriber.request(FluxPeek.java:141)
api-gateway-1  | 2026-09-23T08:29:04.768610274Z 		at reactor.core.publisher.MonoIgnoreElements$IgnoreElementsSubscriber.onSubscribe(MonoIgnoreElements.java:72)
api-gateway-1  | 2026-09-23T08:29:04.768614412Z 		at reactor.core.publisher.FluxPeek$PeekSubscriber.onSubscribe(FluxPeek.java:174)
api-gateway-1  | 2026-09-23T08:29:04.768618380Z 		at reactor.core.publisher.FluxDematerialize$DematerializeSubscriber.onSubscribe(FluxDematerialize.java:77)
api-gateway-1  | 2026-09-23T08:29:04.768622618Z 		at reactor.core.publisher.FluxIterable.subscribe(FluxIterable.java:200)
api-gateway-1  | 2026-09-23T08:29:04.768626896Z 		at reactor.core.publisher.FluxIterable.subscribe(FluxIterable.java:82)
api-gateway-1  | 2026-09-23T08:29:04.768630984Z 		at reactor.core.publisher.Mono.subscribe(Mono.java:4569)
api-gateway-1  | 2026-09-23T08:29:04.768635052Z 		at reactor.core.publisher.MonoIgnoreThen$ThenIgnoreMain.subscribeNext(MonoIgnoreThen.java:268)
api-gateway-1  | 2026-09-23T08:29:04.768638980Z 		at reactor.core.publisher.MonoIgnoreThen.subscribe(MonoIgnoreThen.java:51)
api-gateway-1  | 2026-09-23T08:29:04.768643549Z 		at reactor.core.publisher.MonoFlatMap$FlatMapMain.onNext(MonoFlatMap.java:166)
api-gateway-1  | 2026-09-23T08:29:04.768647486Z 		at reactor.core.publisher.Operators$BaseFluxToMonoOperator.completePossiblyEmpty(Operators.java:2093)
api-gateway-1  | 2026-09-23T08:29:04.768658829Z 		at reactor.core.publisher.MonoCollectList$MonoCollectListSubscriber.onComplete(MonoCollectList.java:117)
api-gateway-1  | 2026-09-23T08:29:04.768663027Z 		at reactor.core.publisher.DrainUtils.postCompleteDrain(DrainUtils.java:132)
api-gateway-1  | 2026-09-23T08:29:04.768667085Z 		at reactor.core.publisher.DrainUtils.postComplete(DrainUtils.java:187)
api-gateway-1  | 2026-09-23T08:29:04.768671153Z 		at reactor.core.publisher.FluxMaterialize$MaterializeSubscriber.onComplete(FluxMaterialize.java:141)
api-gateway-1  | 2026-09-23T08:29:04.768674950Z 		at reactor.core.publisher.FluxLimitRequest$FluxLimitRequestSubscriber.onNext(FluxLimitRequest.java:104)
api-gateway-1  | 2026-09-23T08:29:04.768678888Z 		at reactor.core.publisher.FluxOnErrorResume$ResumeSubscriber.onNext(FluxOnErrorResume.java:80)
api-gateway-1  | 2026-09-23T08:29:04.768683206Z 		at reactor.core.publisher.SerializedSubscriber.onNext(SerializedSubscriber.java:100)
api-gateway-1  | 2026-09-23T08:29:04.768687244Z 		at reactor.core.publisher.FluxTimeout$TimeoutMainSubscriber.onNext(FluxTimeout.java:182)
api-gateway-1  | 2026-09-23T08:29:04.768691252Z 		at reactor.core.publisher.Operators$BaseFluxToMonoOperator.completePossiblyEmpty(Operators.java:2093)
api-gateway-1  | 2026-09-23T08:29:04.768695340Z 		at reactor.core.publisher.MonoCollectList$MonoCollectListSubscriber.onComplete(MonoCollectList.java:117)
api-gateway-1  | 2026-09-23T08:29:04.768699458Z 		at reactor.core.publisher.FluxContextWriteRestoringThreadLocals$ContextWriteRestoringThreadLocalsSubscriber.onComplete(FluxContextWriteRestoringThreadLocals.java:150)
api-gateway-1  | 2026-09-23T08:29:04.768703716Z 		at org.springframework.cloud.commons.publisher.FluxFirstNonEmptyEmitting$FirstNonEmptyEmittingSubscriber.onComplete(FluxFirstNonEmptyEmitting.java:325)
api-gateway-1  | 2026-09-23T08:29:04.768707964Z 		at reactor.core.publisher.Operators.complete(Operators.java:137)
api-gateway-1  | 2026-09-23T08:29:04.768711912Z 		at reactor.core.publisher.FluxIterable.subscribe(FluxIterable.java:143)
api-gateway-1  | 2026-09-23T08:29:04.768715800Z 		at reactor.core.publisher.FluxIterable.subscribe(FluxIterable.java:82)
api-gateway-1  | 2026-09-23T08:29:04.768719527Z 		at reactor.core.publisher.Flux.subscribe(Flux.java:8888)
api-gateway-1  | 2026-09-23T08:29:04.768723895Z 		at org.springframework.cloud.commons.publisher.FluxFirstNonEmptyEmitting$RaceCoordinator.subscribe(FluxFirstNonEmptyEmitting.java:203)
api-gateway-1  | 2026-09-23T08:29:04.768728013Z 		at org.springframework.cloud.commons.publisher.FluxFirstNonEmptyEmitting.subscribe(FluxFirstNonEmptyEmitting.java:128)
api-gateway-1  | 2026-09-23T08:29:04.768732031Z 		at reactor.core.publisher.InternalFluxOperator.subscribe(InternalFluxOperator.java:67)
api-gateway-1  | 2026-09-23T08:29:04.768735929Z 		at reactor.core.publisher.FluxDefer.subscribe(FluxDefer.java:55)
api-gateway-1  | 2026-09-23T08:29:04.768739876Z 		at reactor.core.publisher.InternalFluxOperator.subscribe(InternalFluxOperator.java:67)
api-gateway-1  | 2026-09-23T08:29:04.768743564Z 		at reactor.core.publisher.FluxDefer.subscribe(FluxDefer.java:55)
api-gateway-1  | 2026-09-23T08:29:04.768747391Z 		at reactor.core.publisher.Mono.subscribe(Mono.java:4569)
api-gateway-1  | 2026-09-23T08:29:04.768758242Z 		at reactor.core.publisher.FluxSwitchIfEmpty$SwitchIfEmptySubscriber.onComplete(FluxSwitchIfEmpty.java:83)
api-gateway-1  | 2026-09-23T08:29:04.768762290Z 		at reactor.core.publisher.Operators.complete(Operators.java:137)
api-gateway-1  | 2026-09-23T08:29:04.768766178Z 		at reactor.core.publisher.MonoEmpty.subscribe(MonoEmpty.java:46)
api-gateway-1  | 2026-09-23T08:29:04.768770276Z 		at reactor.core.publisher.InternalFluxOperator.subscribe(InternalFluxOperator.java:67)
api-gateway-1  | 2026-09-23T08:29:04.768774193Z 		at reactor.core.publisher.FluxDefer.subscribe(FluxDefer.java:55)
api-gateway-1  | 2026-09-23T08:29:04.768778011Z 		at reactor.core.publisher.InternalMonoOperator.subscribe(InternalMonoOperator.java:75)
api-gateway-1  | 2026-09-23T08:29:04.768782079Z 		at reactor.core.publisher.MonoDefer.subscribe(MonoDefer.java:54)
api-gateway-1  | 2026-09-23T08:29:04.768785826Z 		at reactor.core.publisher.InternalMonoOperator.subscribe(InternalMonoOperator.java:75)
api-gateway-1  | 2026-09-23T08:29:04.768789794Z 		at reactor.core.publisher.MonoContextWriteRestoringThreadLocals.subscribe(MonoContextWriteRestoringThreadLocals.java:44)
api-gateway-1  | 2026-09-23T08:29:04.768793661Z 		at reactor.core.publisher.MonoDeferContextual.subscribe(MonoDeferContextual.java:56)
api-gateway-1  | 2026-09-23T08:29:04.768797439Z 		at reactor.core.publisher.FluxFromMonoOperator.subscribe(FluxFromMonoOperator.java:83)
api-gateway-1  | 2026-09-23T08:29:04.768801426Z 		at reactor.core.publisher.FluxDeferContextual.subscribe(FluxDeferContextual.java:58)
api-gateway-1  | 2026-09-23T08:29:04.768805635Z 		at reactor.core.publisher.InternalMonoOperator.subscribe(InternalMonoOperator.java:75)
api-gateway-1  | 2026-09-23T08:29:04.768809713Z 		at reactor.core.publisher.MonoFlatMap$FlatMapMain.onNext(MonoFlatMap.java:166)
api-gateway-1  | 2026-09-23T08:29:04.768813821Z 		at reactor.core.publisher.FluxOnErrorResume$ResumeSubscriber.onNext(FluxOnErrorResume.java:80)
api-gateway-1  | 2026-09-23T08:29:04.768818149Z 		at reactor.core.publisher.FluxOnErrorResume$ResumeSubscriber.onNext(FluxOnErrorResume.java:80)
api-gateway-1  | 2026-09-23T08:29:04.768822307Z 		at reactor.core.publisher.FluxPeek$PeekSubscriber.onNext(FluxPeek.java:203)
api-gateway-1  | 2026-09-23T08:29:04.768827086Z 		at reactor.core.publisher.MonoIgnoreThen$ThenIgnoreMain.complete(MonoIgnoreThen.java:297)
api-gateway-1  | 2026-09-23T08:29:04.768831194Z 		at reactor.core.publisher.MonoIgnoreThen$ThenIgnoreMain.onNext(MonoIgnoreThen.java:191)
api-gateway-1  | 2026-09-23T08:29:04.768835413Z 		at reactor.core.publisher.MonoFlatMap$FlatMapMain.onNext(MonoFlatMap.java:159)
api-gateway-1  | 2026-09-23T08:29:04.768839601Z 		at reactor.core.publisher.MonoZip$ZipCoordinator.signal(MonoZip.java:296)
api-gateway-1  | 2026-09-23T08:29:04.768843699Z 		at reactor.core.publisher.MonoZip$ZipInner.onNext(MonoZip.java:480)
api-gateway-1  | 2026-09-23T08:29:04.768847837Z 		at reactor.core.publisher.MonoPeekTerminal$MonoTerminalPeekSubscriber.onNext(MonoPeekTerminal.java:184)
api-gateway-1  | 2026-09-23T08:29:04.768852165Z 		at reactor.core.publisher.FluxDefaultIfEmpty$DefaultIfEmptySubscriber.onNext(FluxDefaultIfEmpty.java:123)
api-gateway-1  | 2026-09-23T08:29:04.768856504Z 		at reactor.core.publisher.FluxSwitchIfEmpty$SwitchIfEmptySubscriber.onNext(FluxSwitchIfEmpty.java:75)
api-gateway-1  | 2026-09-23T08:29:04.768867435Z 		at reactor.core.publisher.Operators$ScalarSubscription.request(Operators.java:2565)
api-gateway-1  | 2026-09-23T08:29:04.768871723Z 		at reactor.core.publisher.Operators$MultiSubscriptionSubscriber.set(Operators.java:2361)
api-gateway-1  | 2026-09-23T08:29:04.768875891Z 		at reactor.core.publisher.Operators$MultiSubscriptionSubscriber.onSubscribe(Operators.java:2235)
api-gateway-1  | 2026-09-23T08:29:04.768880090Z 		at reactor.core.publisher.FluxFlatMap.trySubscribeScalarMap(FluxFlatMap.java:193)
api-gateway-1  | 2026-09-23T08:29:04.768884318Z 		at reactor.core.publisher.MonoFlatMap.subscribeOrReturn(MonoFlatMap.java:53)
api-gateway-1  | 2026-09-23T08:29:04.768888536Z 		at reactor.core.publisher.InternalMonoOperator.subscribe(InternalMonoOperator.java:62)
api-gateway-1  | 2026-09-23T08:29:04.768892724Z 		at reactor.core.publisher.MonoZip$ZipCoordinator.request(MonoZip.java:219)
api-gateway-1  | 2026-09-23T08:29:04.768896642Z 		at reactor.core.publisher.MonoFlatMap$FlatMapMain.request(MonoFlatMap.java:195)
api-gateway-1  | 2026-09-23T08:29:04.768900590Z 		at reactor.core.publisher.MonoIgnoreThen$ThenIgnoreMain.onSubscribe(MonoIgnoreThen.java:135)
api-gateway-1  | 2026-09-23T08:29:04.768904427Z 		at reactor.core.publisher.MonoFlatMap$FlatMapMain.onSubscribe(MonoFlatMap.java:118)
api-gateway-1  | 2026-09-23T08:29:04.768908385Z 		at reactor.core.publisher.MonoZip.subscribe(MonoZip.java:129)
api-gateway-1  | 2026-09-23T08:29:04.768912443Z 		at reactor.core.publisher.InternalMonoOperator.subscribe(InternalMonoOperator.java:75)
api-gateway-1  | 2026-09-23T08:29:04.768916390Z 		at reactor.core.publisher.MonoDefer.subscribe(MonoDefer.java:54)
api-gateway-1  | 2026-09-23T08:29:04.768920438Z 		at reactor.core.publisher.MonoIgnoreThen$ThenIgnoreMain.subscribeNext(MonoIgnoreThen.java:244)
api-gateway-1  | 2026-09-23T08:29:04.768924436Z 		at reactor.core.publisher.MonoIgnoreThen$ThenIgnoreMain.onComplete(MonoIgnoreThen.java:207)
api-gateway-1  | 2026-09-23T08:29:04.768930207Z 		at reactor.core.publisher.MonoFlatMap$FlatMapMain.onComplete(MonoFlatMap.java:190)
api-gateway-1  | 2026-09-23T08:29:04.768934255Z 		at reactor.core.publisher.Operators.complete(Operators.java:137)
api-gateway-1  | 2026-09-23T08:29:04.768938223Z 		at reactor.core.publisher.MonoZip.subscribe(MonoZip.java:121)
api-gateway-1  | 2026-09-23T08:29:04.768942311Z 		at reactor.core.publisher.Mono.subscribe(Mono.java:4569)
api-gateway-1  | 2026-09-23T08:29:04.768946158Z 		at reactor.core.publisher.MonoIgnoreThen$ThenIgnoreMain.subscribeNext(MonoIgnoreThen.java:268)
api-gateway-1  | 2026-09-23T08:29:04.768950367Z 		at reactor.core.publisher.MonoIgnoreThen.subscribe(MonoIgnoreThen.java:51)
api-gateway-1  | 2026-09-23T08:29:04.768954475Z 		at reactor.core.publisher.InternalMonoOperator.subscribe(InternalMonoOperator.java:75)
api-gateway-1  | 2026-09-23T08:29:04.768958543Z 		at reactor.core.publisher.MonoFlatMap$FlatMapMain.onNext(MonoFlatMap.java:166)
api-gateway-1  | 2026-09-23T08:29:04.768962420Z 		at reactor.core.publisher.FluxOnErrorResume$ResumeSubscriber.onNext(FluxOnErrorResume.java:80)
api-gateway-1  | 2026-09-23T08:29:04.768966418Z 		at reactor.core.publisher.FluxSwitchIfEmpty$SwitchIfEmptySubscriber.onNext(FluxSwitchIfEmpty.java:75)
api-gateway-1  | 2026-09-23T08:29:04.768981798Z 		at reactor.core.publisher.MonoNext$NextSubscriber.onNext(MonoNext.java:83)
api-gateway-1  | 2026-09-23T08:29:04.768985966Z 		at reactor.core.publisher.FluxConcatMapNoPrefetch$FluxConcatMapNoPrefetchSubscriber.innerNext(FluxConcatMapNoPrefetch.java:259)
api-gateway-1  | 2026-09-23T08:29:04.768990144Z 		at reactor.core.publisher.FluxConcatMap$ConcatMapInner.onNext(FluxConcatMap.java:870)
api-gateway-1  | 2026-09-23T08:29:04.768994362Z 		at reactor.core.publisher.FluxMapFuseable$MapFuseableSubscriber.onNext(FluxMapFuseable.java:130)
api-gateway-1  | 2026-09-23T08:29:04.768998400Z 		at reactor.core.publisher.MonoPeekTerminal$MonoTerminalPeekSubscriber.onNext(MonoPeekTerminal.java:184)
api-gateway-1  | 2026-09-23T08:29:04.769002518Z 		at reactor.core.publisher.Operators$ScalarSubscription.request(Operators.java:2565)
api-gateway-1  | 2026-09-23T08:29:04.769006576Z 		at reactor.core.publisher.MonoPeekTerminal$MonoTerminalPeekSubscriber.request(MonoPeekTerminal.java:142)
api-gateway-1  | 2026-09-23T08:29:04.769010824Z 		at reactor.core.publisher.FluxMapFuseable$MapFuseableSubscriber.request(FluxMapFuseable.java:172)
api-gateway-1  | 2026-09-23T08:29:04.769015173Z 		at reactor.core.publisher.Operators$MultiSubscriptionSubscriber.request(Operators.java:2325)
api-gateway-1  | 2026-09-23T08:29:04.769019231Z 		at reactor.core.publisher.FluxConcatMapNoPrefetch$FluxConcatMapNoPrefetchSubscriber.request(FluxConcatMapNoPrefetch.java:339)
api-gateway-1  | 2026-09-23T08:29:04.769023529Z 		at reactor.core.publisher.MonoNext$NextSubscriber.request(MonoNext.java:109)
api-gateway-1  | 2026-09-23T08:29:04.769027587Z 		at reactor.core.publisher.Operators$MultiSubscriptionSubscriber.set(Operators.java:2361)
api-gateway-1  | 2026-09-23T08:29:04.769031655Z 		at reactor.core.publisher.Operators$MultiSubscriptionSubscriber.onSubscribe(Operators.java:2235)
api-gateway-1  | 2026-09-23T08:29:04.769036104Z 		at reactor.core.publisher.MonoNext$NextSubscriber.onSubscribe(MonoNext.java:71)
api-gateway-1  | 2026-09-23T08:29:04.769040332Z 		at reactor.core.publisher.FluxConcatMapNoPrefetch$FluxConcatMapNoPrefetchSubscriber.onSubscribe(FluxConcatMapNoPrefetch.java:164)
api-gateway-1  | 2026-09-23T08:29:04.769044660Z 		at reactor.core.publisher.FluxIterable.subscribe(FluxIterable.java:200)
api-gateway-1  | 2026-09-23T08:29:04.769048728Z 		at reactor.core.publisher.FluxIterable.subscribe(FluxIterable.java:82)
api-gateway-1  | 2026-09-23T08:29:04.769057085Z 		at reactor.core.publisher.InternalMonoOperator.subscribe(InternalMonoOperator.java:75)
api-gateway-1  | 2026-09-23T08:29:04.769060982Z 		at reactor.core.publisher.MonoDefer.subscribe(MonoDefer.java:54)
api-gateway-1  | 2026-09-23T08:29:04.769065020Z 		at reactor.core.publisher.InternalMonoOperator.subscribe(InternalMonoOperator.java:75)
api-gateway-1  | 2026-09-23T08:29:04.769069168Z 		at reactor.core.publisher.MonoDefer.subscribe(MonoDefer.java:54)
api-gateway-1  | 2026-09-23T08:29:04.769073226Z 		at reactor.core.publisher.InternalMonoOperator.subscribe(InternalMonoOperator.java:75)
api-gateway-1  | 2026-09-23T08:29:04.769077404Z 		at reactor.core.publisher.MonoTapRestoringThreadLocals.subscribe(MonoTapRestoringThreadLocals.java:78)
api-gateway-1  | 2026-09-23T08:29:04.769088856Z 		at reactor.core.publisher.Mono.subscribe(Mono.java:4569)
api-gateway-1  | 2026-09-23T08:29:04.769093275Z 		at reactor.core.publisher.MonoIgnoreThen$ThenIgnoreMain.subscribeNext(MonoIgnoreThen.java:268)
api-gateway-1  | 2026-09-23T08:29:04.769097503Z 		at reactor.core.publisher.MonoIgnoreThen.subscribe(MonoIgnoreThen.java:51)
api-gateway-1  | 2026-09-23T08:29:04.769101601Z 		at reactor.core.publisher.InternalMonoOperator.subscribe(InternalMonoOperator.java:75)
api-gateway-1  | 2026-09-23T08:29:04.769105439Z 		at reactor.core.publisher.MonoDeferContextual.subscribe(MonoDeferContextual.java:56)
api-gateway-1  | 2026-09-23T08:29:04.769109467Z 		at reactor.netty.http.server.HttpServer$HttpServerHandle.onStateChange(HttpServer.java:1344)
api-gateway-1  | 2026-09-23T08:29:04.769113645Z 		at reactor.netty.ReactorNetty$CompositeConnectionObserver.onStateChange(ReactorNetty.java:730)
api-gateway-1  | 2026-09-23T08:29:04.769117693Z 		at reactor.netty.transport.ServerTransport$ChildObserver.onStateChange(ServerTransport.java:489)
api-gateway-1  | 2026-09-23T08:29:04.769121941Z 		at reactor.netty.http.server.HttpServerOperations.handleDefaultHttpRequest(HttpServerOperations.java:863)
api-gateway-1  | 2026-09-23T08:29:04.769125999Z 		at reactor.netty.http.server.HttpServerOperations.onInboundNext(HttpServerOperations.java:789)
api-gateway-1  | 2026-09-23T08:29:04.769130127Z 		at reactor.netty.channel.ChannelOperationsHandler.channelRead(ChannelOperationsHandler.java:115)
api-gateway-1  | 2026-09-23T08:29:04.769134014Z 		at io.netty.channel.AbstractChannelHandlerContext.fireChannelRead(AbstractChannelHandlerContext.java:356)
api-gateway-1  | 2026-09-23T08:29:04.769139315Z 		at reactor.netty.http.server.HttpTrafficHandler.channelRead(HttpTrafficHandler.java:283)
api-gateway-1  | 2026-09-23T08:29:04.769143303Z 		at io.netty.channel.AbstractChannelHandlerContext.fireChannelRead(AbstractChannelHandlerContext.java:354)
api-gateway-1  | 2026-09-23T08:29:04.769147320Z 		at io.netty.channel.CombinedChannelDuplexHandler$DelegatingChannelHandlerContext.fireChannelRead(CombinedChannelDuplexHandler.java:434)
api-gateway-1  | 2026-09-23T08:29:04.769151669Z 		at io.netty.handler.codec.ByteToMessageDecoder.fireChannelRead(ByteToMessageDecoder.java:361)
api-gateway-1  | 2026-09-23T08:29:04.769155687Z 		at io.netty.handler.codec.ByteToMessageDecoder.channelRead(ByteToMessageDecoder.java:325)
api-gateway-1  | 2026-09-23T08:29:04.769159664Z 		at io.netty.channel.CombinedChannelDuplexHandler.channelRead(CombinedChannelDuplexHandler.java:249)
api-gateway-1  | 2026-09-23T08:29:04.769163813Z 		at io.netty.channel.AbstractChannelHandlerContext.fireChannelRead(AbstractChannelHandlerContext.java:354)
api-gateway-1  | 2026-09-23T08:29:04.769167900Z 		at io.netty.channel.DefaultChannelPipeline$HeadContext.channelRead(DefaultChannelPipeline.java:1429)
api-gateway-1  | 2026-09-23T08:29:04.769171968Z 		at io.netty.channel.DefaultChannelPipeline.fireChannelRead(DefaultChannelPipeline.java:918)
api-gateway-1  | 2026-09-23T08:29:04.769175946Z 		at io.netty.channel.epoll.AbstractEpollStreamChannel$EpollStreamUnsafe.epollInReady(AbstractEpollStreamChannel.java:804)
api-gateway-1  | 2026-09-23T08:29:04.769180184Z 		at io.netty.channel.epoll.AbstractEpollChannel$AbstractEpollUnsafe.handle(AbstractEpollChannel.java:482)
api-gateway-1  | 2026-09-23T08:29:04.769191637Z 		at io.netty.channel.epoll.EpollIoHandler$DefaultEpollIoRegistration.handle(EpollIoHandler.java:317)
api-gateway-1  | 2026-09-23T08:29:04.769195925Z 		at io.netty.channel.epoll.EpollIoHandler.processReady(EpollIoHandler.java:515)
api-gateway-1  | 2026-09-23T08:29:04.769200043Z 		at io.netty.channel.epoll.EpollIoHandler.run(EpollIoHandler.java:460)
api-gateway-1  | 2026-09-23T08:29:04.769204231Z 		at io.netty.channel.SingleThreadIoEventLoop.runIo(SingleThreadIoEventLoop.java:225)
api-gateway-1  | 2026-09-23T08:29:04.769208259Z 		at io.netty.channel.SingleThreadIoEventLoop.run(SingleThreadIoEventLoop.java:196)
api-gateway-1  | 2026-09-23T08:29:04.769212337Z 		at io.netty.util.concurrent.SingleThreadEventExecutor$5.run(SingleThreadEventExecutor.java:1195)
api-gateway-1  | 2026-09-23T08:29:04.769216575Z 		at io.netty.util.internal.ThreadExecutorMap$2.run(ThreadExecutorMap.java:74)
api-gateway-1  | 2026-09-23T08:29:04.769220653Z 		at io.netty.util.concurrent.FastThreadLocalRunnable.run(FastThreadLocalRunnable.java:30)
api-gateway-1  | 2026-09-23T08:29:04.769224811Z 		at java.base/java.lang.Thread.run(Thread.java:840)
api-gateway-1  | 2026-09-23T08:29:04.769228969Z 
api-gateway-1  | 2026-09-23T08:29:04.772863260Z 2026-09-23T08:29:04.772Z  WARN 1 --- [api-gateway] [or-http-epoll-7] [                                                 ] i.m.o.c.ObservationThreadLocalAccessor   : There is no current scope in thread local. This situation should not happen
api-gateway-1  | 2026-09-23T08:29:04.773250326Z 2026-09-23T08:29:04.773Z  WARN 1 --- [api-gateway] [or-http-epoll-7] [                                                 ] i.m.o.c.ObservationThreadLocalAccessor   : Observation <{name=http.server.requests(http get /api/gateway/owners/{ownerId}), error=org.springframework.web.reactive.function.client.WebClientResponseException$ServiceUnavailable: 503 Service Unavailable from UNKNOWN , context=name='http.server.requests', contextualName='http get /api/gateway/owners/{ownerId}', error='org.springframework.web.reactive.function.client.WebClientResponseException$ServiceUnavailable: 503 Service Unavailable from UNKNOWN ', lowCardinalityKeyValues=[exception='ServiceUnavailable', method='GET', outcome='SERVER_ERROR', status='500', uri='/api/gateway/owners/{ownerId}'], highCardinalityKeyValues=[http.url='/api/gateway/owners/6'], map=[class io.micrometer.tracing.handler.TracingObservationHandler$TracingContext='TracingContext{span=6ab38dd0b3109352f663e524c273ee66/f663e524c273ee66}', class io.micrometer.core.instrument.LongTaskTimer$Sample='SampleImpl{duration(seconds)=-1.0E-9, duration(nanos)=-1.0, startTimeNanos=1624095167141}', class io.micrometer.core.instrument.Timer$Sample='io.micrometer.core.instrument.Timer$Sample@1c2c95bb'], parentObservation=null}> to which we're restoring is not the same as the one set as this scope's parent observation <null>. Most likely a manually created Observation has a scope opened that was never closed. This may lead to thread polluting and memory leaks.
api-gateway-1  | 2026-09-23T08:29:07.782847940Z 2026-09-23T08:29:07.782Z  WARN 1 --- [api-gateway] [or-http-epoll-8] [6ab38dd364f78fe6e0620c84a9b984a3-e0620c84a9b984a3] i.m.o.c.ObservationThreadLocalAccessor   : Observation <{name=http.server.requests(null), error=null, context=name='http.server.requests', contextualName='null', error='null', lowCardinalityKeyValues=[exception='none', method='GET', outcome='SUCCESS', status='200', uri='UNKNOWN'], highCardinalityKeyValues=[http.url='/api/gateway/owners/6'], map=[class io.micrometer.tracing.handler.TracingObservationHandler$TracingContext='TracingContext{span=6ab38dd364f78fe6e0620c84a9b984a3/e0620c84a9b984a3}', class io.micrometer.core.instrument.LongTaskTimer$Sample='SampleImpl{duration(seconds)=0.002814568, duration(nanos)=2814568.0, startTimeNanos=1627118055056}', class io.micrometer.core.instrument.Timer$Sample='io.micrometer.core.instrument.Timer$Sample@41fc9155'], parentObservation=null}> to which we're restoring is not the same as the one set as this scope's parent observation <null>. Most likely a manually created Observation has a scope opened that was never closed. This may lead to thread polluting and memory leaks.
api-gateway-1  | 2026-09-23T08:29:07.784828174Z 2026-09-23T08:29:07.784Z  WARN 1 --- [api-gateway] [or-http-epoll-8] [                                                 ] o.s.c.l.core.RoundRobinLoadBalancer      : No servers available for service: customers-service
api-gateway-1  | 2026-09-23T08:29:07.784928112Z 2026-09-23T08:29:07.784Z  WARN 1 --- [api-gateway] [or-http-epoll-8] [                                                 ] eactorLoadBalancerExchangeFilterFunction : LoadBalancer does not contain an instance for the service customers-service
api-gateway-1  | 2026-09-23T08:29:07.787856623Z 2026-09-23T08:29:07.786Z ERROR 1 --- [api-gateway] [or-http-epoll-8] [6ab38dd364f78fe6e0620c84a9b984a3-e0620c84a9b984a3] b.w.a.e.AbstractErrorWebExceptionHandler : [cc13512b-7]  500 Server Error for HTTP GET "/api/gateway/owners/6"
api-gateway-1  | 2026-09-23T08:29:07.787891191Z 
api-gateway-1  | 2026-09-23T08:29:07.787894949Z org.springframework.web.reactive.function.client.WebClientResponseException$ServiceUnavailable: 503 Service Unavailable from UNKNOWN 
api-gateway-1  | 2026-09-23T08:29:07.787897995Z 	at org.springframework.web.reactive.function.client.WebClientResponseException.create(WebClientResponseException.java:322)
api-gateway-1  | 2026-09-23T08:29:07.787901131Z 	Suppressed: The stacktrace has been enhanced by Reactor, refer to additional information below: 
api-gateway-1  | 2026-09-23T08:29:07.787903846Z Error has been observed at the following site(s):
api-gateway-1  | 2026-09-23T08:29:07.787906471Z 	*__checkpoint ⇢ 503 SERVICE_UNAVAILABLE from GET http://customers-service/owners/6 [DefaultWebClient]
api-gateway-1  | 2026-09-23T08:29:07.787909698Z 	*__checkpoint ⇢ Handler org.springframework.samples.petclinic.api.boundary.web.ApiGatewayController#getOwnerDetails(int) [DispatcherHandler]
api-gateway-1  | 2026-09-23T08:29:07.787912593Z 	*__checkpoint ⇢ org.springframework.cloud.gateway.filter.WeightCalculatorWebFilter@7abcc0da
api-gateway-1  | 2026-09-23T08:29:07.787915279Z 	*__checkpoint ⇢ HTTP GET "/api/gateway/owners/6" [ExceptionHandlingWebHandler]
api-gateway-1  | 2026-09-23T08:29:07.787918064Z Original Stack Trace:
api-gateway-1  | 2026-09-23T08:29:07.787920619Z 		at org.springframework.web.reactive.function.client.WebClientResponseException.create(WebClientResponseException.java:322)
api-gateway-1  | 2026-09-23T08:29:07.787923455Z 		at org.springframework.web.reactive.function.client.DefaultClientResponse.lambda$createException$1(DefaultClientResponse.java:214)
api-gateway-1  | 2026-09-23T08:29:07.787926190Z 		at reactor.core.publisher.FluxMap$MapSubscriber.onNext(FluxMap.java:106)
api-gateway-1  | 2026-09-23T08:29:07.787928856Z 		at reactor.core.publisher.FluxOnErrorReturn$ReturnSubscriber.onNext(FluxOnErrorReturn.java:159)
api-gateway-1  | 2026-09-23T08:29:07.787931531Z 		at reactor.core.publisher.FluxDefaultIfEmpty$DefaultIfEmptySubscriber.onNext(FluxDefaultIfEmpty.java:123)
api-gateway-1  | 2026-09-23T08:29:07.787934196Z 		at reactor.core.publisher.FluxMapFuseable$MapFuseableSubscriber.onNext(FluxMapFuseable.java:130)
api-gateway-1  | 2026-09-23T08:29:07.787950188Z 		at reactor.core.publisher.FluxContextWrite$ContextWriteSubscriber.onNext(FluxContextWrite.java:109)
api-gateway-1  | 2026-09-23T08:29:07.787953133Z 		at reactor.core.publisher.FluxMapFuseable$MapFuseableConditionalSubscriber.onNext(FluxMapFuseable.java:300)
api-gateway-1  | 2026-09-23T08:29:07.787957332Z 		at reactor.core.publisher.FluxFilterFuseable$FilterFuseableConditionalSubscriber.onNext(FluxFilterFuseable.java:338)
api-gateway-1  | 2026-09-23T08:29:07.787960087Z 		at reactor.core.publisher.Operators$BaseFluxToMonoOperator.completePossiblyEmpty(Operators.java:2093)
api-gateway-1  | 2026-09-23T08:29:07.787962772Z 		at reactor.core.publisher.MonoCollect$CollectSubscriber.onComplete(MonoCollect.java:144)
api-gateway-1  | 2026-09-23T08:29:07.787965418Z 		at reactor.core.publisher.FluxMapFuseable$MapFuseableSubscriber.onComplete(FluxMapFuseable.java:153)
api-gateway-1  | 2026-09-23T08:29:07.787968103Z 		at reactor.core.publisher.Operators$ScalarSubscription.request(Operators.java:2567)
api-gateway-1  | 2026-09-23T08:29:07.787970748Z 		at reactor.core.publisher.FluxMapFuseable$MapFuseableSubscriber.request(FluxMapFuseable.java:172)
api-gateway-1  | 2026-09-23T08:29:07.787973423Z 		at reactor.core.publisher.Operators$BaseFluxToMonoOperator.request(Operators.java:2063)
api-gateway-1  | 2026-09-23T08:29:07.787976049Z 		at reactor.core.publisher.FluxFilterFuseable$FilterFuseableConditionalSubscriber.request(FluxFilterFuseable.java:411)
api-gateway-1  | 2026-09-23T08:29:07.787978734Z 		at reactor.core.publisher.FluxMapFuseable$MapFuseableConditionalSubscriber.request(FluxMapFuseable.java:361)
api-gateway-1  | 2026-09-23T08:29:07.787981399Z 		at reactor.core.publisher.FluxContextWrite$ContextWriteSubscriber.request(FluxContextWrite.java:138)
api-gateway-1  | 2026-09-23T08:29:07.787984064Z 		at reactor.core.publisher.FluxMapFuseable$MapFuseableSubscriber.request(FluxMapFuseable.java:172)
api-gateway-1  | 2026-09-23T08:29:07.787986720Z 		at reactor.core.publisher.FluxDefaultIfEmpty$DefaultIfEmptySubscriber.request(FluxDefaultIfEmpty.java:99)
api-gateway-1  | 2026-09-23T08:29:07.787989505Z 		at reactor.core.publisher.FluxOnErrorReturn$ReturnSubscriber.request(FluxOnErrorReturn.java:150)
api-gateway-1  | 2026-09-23T08:29:07.787992170Z 		at reactor.core.publisher.FluxMap$MapSubscriber.request(FluxMap.java:163)
api-gateway-1  | 2026-09-23T08:29:07.787994816Z 		at reactor.core.publisher.MonoFlatMap$FlatMapMain.request(MonoFlatMap.java:195)
api-gateway-1  | 2026-09-23T08:29:07.787997591Z 		at reactor.core.publisher.Operators$MultiSubscriptionSubscriber.set(Operators.java:2361)
api-gateway-1  | 2026-09-23T08:29:07.788000597Z 		at reactor.core.publisher.FluxOnErrorResume$ResumeSubscriber.onSubscribe(FluxOnErrorResume.java:75)
api-gateway-1  | 2026-09-23T08:29:07.788003252Z 		at reactor.core.publisher.MonoFlatMap$FlatMapMain.onSubscribe(MonoFlatMap.java:118)
api-gateway-1  | 2026-09-23T08:29:07.788005968Z 		at reactor.core.publisher.FluxMap$MapSubscriber.onSubscribe(FluxMap.java:92)
api-gateway-1  | 2026-09-23T08:29:07.788008603Z 		at reactor.core.publisher.FluxOnErrorReturn$ReturnSubscriber.onSubscribe(FluxOnErrorReturn.java:92)
api-gateway-1  | 2026-09-23T08:29:07.788011248Z 		at reactor.core.publisher.Operators$BaseFluxToMonoOperator.onSubscribe(Operators.java:2047)
api-gateway-1  | 2026-09-23T08:29:07.788019524Z 		at reactor.core.publisher.FluxMapFuseable$MapFuseableSubscriber.onSubscribe(FluxMapFuseable.java:96)
api-gateway-1  | 2026-09-23T08:29:07.788022530Z 		at reactor.core.publisher.FluxContextWrite$ContextWriteSubscriber.onSubscribe(FluxContextWrite.java:103)
api-gateway-1  | 2026-09-23T08:29:07.788025226Z 		at reactor.core.publisher.FluxMapFuseable$MapFuseableConditionalSubscriber.onSubscribe(FluxMapFuseable.java:265)
api-gateway-1  | 2026-09-23T08:29:07.788027881Z 		at reactor.core.publisher.FluxFilterFuseable$FilterFuseableConditionalSubscriber.onSubscribe(FluxFilterFuseable.java:305)
api-gateway-1  | 2026-09-23T08:29:07.788030566Z 		at reactor.core.publisher.Operators$BaseFluxToMonoOperator.onSubscribe(Operators.java:2047)
api-gateway-1  | 2026-09-23T08:29:07.788033181Z 		at reactor.core.publisher.FluxMapFuseable$MapFuseableSubscriber.onSubscribe(FluxMapFuseable.java:96)
api-gateway-1  | 2026-09-23T08:29:07.788035826Z 		at reactor.core.publisher.FluxJust.subscribe(FluxJust.java:69)
api-gateway-1  | 2026-09-23T08:29:07.788038432Z 		at reactor.core.publisher.InternalMonoOperator.subscribe(InternalMonoOperator.java:75)
api-gateway-1  | 2026-09-23T08:29:07.788041077Z 		at reactor.core.publisher.MonoFlatMap$FlatMapMain.onNext(MonoFlatMap.java:166)
api-gateway-1  | 2026-09-23T08:29:07.788043802Z 		at reactor.core.publisher.MonoContextWriteRestoringThreadLocals$ContextWriteRestoringThreadLocalsSubscriber.onNext(MonoContextWriteRestoringThreadLocals.java:111)
api-gateway-1  | 2026-09-23T08:29:07.788046538Z 		at reactor.core.publisher.FluxDoFinally$DoFinallySubscriber.onNext(FluxDoFinally.java:113)
api-gateway-1  | 2026-09-23T08:29:07.788049173Z 		at reactor.core.publisher.MonoPeekTerminal$MonoTerminalPeekSubscriber.onNext(MonoPeekTerminal.java:184)
api-gateway-1  | 2026-09-23T08:29:07.788051818Z 		at reactor.core.publisher.FluxPeekFuseable$PeekConditionalSubscriber.onNext(FluxPeekFuseable.java:850)
api-gateway-1  | 2026-09-23T08:29:07.788054523Z 		at reactor.core.publisher.FluxSwitchIfEmpty$SwitchIfEmptySubscriber.onNext(FluxSwitchIfEmpty.java:75)
api-gateway-1  | 2026-09-23T08:29:07.788057158Z 		at reactor.core.publisher.MonoFlatMap$FlatMapMain.onNext(MonoFlatMap.java:159)
api-gateway-1  | 2026-09-23T08:29:07.788059764Z 		at reactor.core.publisher.FluxMap$MapSubscriber.onNext(FluxMap.java:122)
api-gateway-1  | 2026-09-23T08:29:07.788062369Z 		at reactor.core.publisher.MonoNext$NextSubscriber.onNext(MonoNext.java:83)
api-gateway-1  | 2026-09-23T08:29:07.788064994Z 		at reactor.core.publisher.FluxDematerialize$DematerializeSubscriber.onNext(FluxDematerialize.java:102)
api-gateway-1  | 2026-09-23T08:29:07.788067649Z 		at reactor.core.publisher.FluxDematerialize$DematerializeSubscriber.onNext(FluxDematerialize.java:44)
api-gateway-1  | 2026-09-23T08:29:07.788070284Z 		at reactor.core.publisher.FluxFlattenIterable$FlattenIterableSubscriber.drainAsync(FluxFlattenIterable.java:455)
api-gateway-1  | 2026-09-23T08:29:07.788072930Z 		at reactor.core.publisher.FluxFlattenIterable$FlattenIterableSubscriber.drain(FluxFlattenIterable.java:726)
api-gateway-1  | 2026-09-23T08:29:07.788075815Z 		at reactor.core.publisher.FluxFlattenIterable$FlattenIterableSubscriber.onNext(FluxFlattenIterable.java:258)
api-gateway-1  | 2026-09-23T08:29:07.788083931Z 		at reactor.core.publisher.FluxSwitchIfEmpty$SwitchIfEmptySubscriber.onNext(FluxSwitchIfEmpty.java:75)
api-gateway-1  | 2026-09-23T08:29:07.788086717Z 		at reactor.core.publisher.MonoFlatMap$FlatMapMain.secondComplete(MonoFlatMap.java:246)
api-gateway-1  | 2026-09-23T08:29:07.788089362Z 		at reactor.core.publisher.MonoFlatMap$FlatMapInner.onNext(MonoFlatMap.java:307)
api-gateway-1  | 2026-09-23T08:29:07.788091997Z 		at reactor.core.publisher.MonoIgnoreThen$ThenIgnoreMain.complete(MonoIgnoreThen.java:297)
api-gateway-1  | 2026-09-23T08:29:07.788094662Z 		at reactor.core.publisher.MonoIgnoreThen$ThenIgnoreMain.onNext(MonoIgnoreThen.java:191)
api-gateway-1  | 2026-09-23T08:29:07.788097308Z 		at reactor.core.publisher.MonoIgnoreThen$ThenIgnoreMain.subscribeNext(MonoIgnoreThen.java:240)
api-gateway-1  | 2026-09-23T08:29:07.788099963Z 		at reactor.core.publisher.MonoIgnoreThen$ThenIgnoreMain.onComplete(MonoIgnoreThen.java:207)
api-gateway-1  | 2026-09-23T08:29:07.788102628Z 		at reactor.core.publisher.MonoIgnoreElements$IgnoreElementsSubscriber.onComplete(MonoIgnoreElements.java:89)
api-gateway-1  | 2026-09-23T08:29:07.788105283Z 		at reactor.core.publisher.FluxPeek$PeekSubscriber.onComplete(FluxPeek.java:263)
api-gateway-1  | 2026-09-23T08:29:07.788107959Z 		at reactor.core.publisher.FluxDematerialize$DematerializeSubscriber.onComplete(FluxDematerialize.java:125)
api-gateway-1  | 2026-09-23T08:29:07.788110624Z 		at reactor.core.publisher.FluxDematerialize$DematerializeSubscriber.onNext(FluxDematerialize.java:91)
api-gateway-1  | 2026-09-23T08:29:07.788113279Z 		at reactor.core.publisher.FluxDematerialize$DematerializeSubscriber.onNext(FluxDematerialize.java:44)
api-gateway-1  | 2026-09-23T08:29:07.788115944Z 		at reactor.core.publisher.FluxIterable$IterableSubscription.fastPath(FluxIterable.java:402)
api-gateway-1  | 2026-09-23T08:29:07.788118630Z 		at reactor.core.publisher.FluxIterable$IterableSubscription.request(FluxIterable.java:291)
api-gateway-1  | 2026-09-23T08:29:07.788121295Z 		at reactor.core.publisher.FluxDematerialize$DematerializeSubscriber.request(FluxDematerialize.java:131)
api-gateway-1  | 2026-09-23T08:29:07.788123960Z 		at reactor.core.publisher.FluxPeek$PeekSubscriber.request(FluxPeek.java:141)
api-gateway-1  | 2026-09-23T08:29:07.788126605Z 		at reactor.core.publisher.MonoIgnoreElements$IgnoreElementsSubscriber.onSubscribe(MonoIgnoreElements.java:72)
api-gateway-1  | 2026-09-23T08:29:07.788129341Z 		at reactor.core.publisher.FluxPeek$PeekSubscriber.onSubscribe(FluxPeek.java:174)
api-gateway-1  | 2026-09-23T08:29:07.788131996Z 		at reactor.core.publisher.FluxDematerialize$DematerializeSubscriber.onSubscribe(FluxDematerialize.java:77)
api-gateway-1  | 2026-09-23T08:29:07.788134671Z 		at reactor.core.publisher.FluxIterable.subscribe(FluxIterable.java:200)
api-gateway-1  | 2026-09-23T08:29:07.788137547Z 		at reactor.core.publisher.FluxIterable.subscribe(FluxIterable.java:82)
api-gateway-1  | 2026-09-23T08:29:07.788140222Z 		at reactor.core.publisher.Mono.subscribe(Mono.java:4569)
api-gateway-1  | 2026-09-23T08:29:07.788142867Z 		at reactor.core.publisher.MonoIgnoreThen$ThenIgnoreMain.subscribeNext(MonoIgnoreThen.java:268)
api-gateway-1  | 2026-09-23T08:29:07.788145523Z 		at reactor.core.publisher.MonoIgnoreThen.subscribe(MonoIgnoreThen.java:51)
api-gateway-1  | 2026-09-23T08:29:07.788152857Z 		at reactor.core.publisher.MonoFlatMap$FlatMapMain.onNext(MonoFlatMap.java:166)
api-gateway-1  | 2026-09-23T08:29:07.788155562Z 		at reactor.core.publisher.Operators$BaseFluxToMonoOperator.completePossiblyEmpty(Operators.java:2093)
api-gateway-1  | 2026-09-23T08:29:07.788158228Z 		at reactor.core.publisher.MonoCollectList$MonoCollectListSubscriber.onComplete(MonoCollectList.java:117)
api-gateway-1  | 2026-09-23T08:29:07.788160883Z 		at reactor.core.publisher.DrainUtils.postCompleteDrain(DrainUtils.java:132)
api-gateway-1  | 2026-09-23T08:29:07.788163488Z 		at reactor.core.publisher.DrainUtils.postComplete(DrainUtils.java:187)
api-gateway-1  | 2026-09-23T08:29:07.788166103Z 		at reactor.core.publisher.FluxMaterialize$MaterializeSubscriber.onComplete(FluxMaterialize.java:141)
api-gateway-1  | 2026-09-23T08:29:07.788169390Z 		at reactor.core.publisher.FluxLimitRequest$FluxLimitRequestSubscriber.onNext(FluxLimitRequest.java:104)
api-gateway-1  | 2026-09-23T08:29:07.788173758Z 		at reactor.core.publisher.FluxOnErrorResume$ResumeSubscriber.onNext(FluxOnErrorResume.java:80)
api-gateway-1  | 2026-09-23T08:29:07.788178217Z 		at reactor.core.publisher.SerializedSubscriber.onNext(SerializedSubscriber.java:100)
api-gateway-1  | 2026-09-23T08:29:07.788185321Z 		at reactor.core.publisher.FluxTimeout$TimeoutMainSubscriber.onNext(FluxTimeout.java:182)
api-gateway-1  | 2026-09-23T08:29:07.788190531Z 		at reactor.core.publisher.Operators$BaseFluxToMonoOperator.completePossiblyEmpty(Operators.java:2093)
api-gateway-1  | 2026-09-23T08:29:07.788195030Z 		at reactor.core.publisher.MonoCollectList$MonoCollectListSubscriber.onComplete(MonoCollectList.java:117)
api-gateway-1  | 2026-09-23T08:29:07.788198687Z 		at reactor.core.publisher.FluxContextWriteRestoringThreadLocals$ContextWriteRestoringThreadLocalsSubscriber.onComplete(FluxContextWriteRestoringThreadLocals.java:150)
api-gateway-1  | 2026-09-23T08:29:07.788202345Z 		at org.springframework.cloud.commons.publisher.FluxFirstNonEmptyEmitting$FirstNonEmptyEmittingSubscriber.onComplete(FluxFirstNonEmptyEmitting.java:325)
api-gateway-1  | 2026-09-23T08:29:07.788205511Z 		at reactor.core.publisher.Operators.complete(Operators.java:137)
api-gateway-1  | 2026-09-23T08:29:07.788208166Z 		at reactor.core.publisher.FluxIterable.subscribe(FluxIterable.java:143)
api-gateway-1  | 2026-09-23T08:29:07.788210811Z 		at reactor.core.publisher.FluxIterable.subscribe(FluxIterable.java:82)
api-gateway-1  | 2026-09-23T08:29:07.788213517Z 		at reactor.core.publisher.Flux.subscribe(Flux.java:8888)
api-gateway-1  | 2026-09-23T08:29:07.788216322Z 		at org.springframework.cloud.commons.publisher.FluxFirstNonEmptyEmitting$RaceCoordinator.subscribe(FluxFirstNonEmptyEmitting.java:203)
api-gateway-1  | 2026-09-23T08:29:07.788219068Z 		at org.springframework.cloud.commons.publisher.FluxFirstNonEmptyEmitting.subscribe(FluxFirstNonEmptyEmitting.java:128)
api-gateway-1  | 2026-09-23T08:29:07.788221763Z 		at reactor.core.publisher.InternalFluxOperator.subscribe(InternalFluxOperator.java:67)
api-gateway-1  | 2026-09-23T08:29:07.788224428Z 		at reactor.core.publisher.FluxDefer.subscribe(FluxDefer.java:55)
api-gateway-1  | 2026-09-23T08:29:07.788227063Z 		at reactor.core.publisher.InternalFluxOperator.subscribe(InternalFluxOperator.java:67)
api-gateway-1  | 2026-09-23T08:29:07.788375456Z 		at reactor.core.publisher.FluxDefer.subscribe(FluxDefer.java:55)
api-gateway-1  | 2026-09-23T08:29:07.788381037Z 		at reactor.core.publisher.Mono.subscribe(Mono.java:4569)
api-gateway-1  | 2026-09-23T08:29:07.788383913Z 		at reactor.core.publisher.FluxSwitchIfEmpty$SwitchIfEmptySubscriber.onComplete(FluxSwitchIfEmpty.java:83)
api-gateway-1  | 2026-09-23T08:29:07.788386648Z 		at reactor.core.publisher.Operators.complete(Operators.java:137)
api-gateway-1  | 2026-09-23T08:29:07.788389253Z 		at reactor.core.publisher.MonoEmpty.subscribe(MonoEmpty.java:46)
api-gateway-1  | 2026-09-23T08:29:07.788391948Z 		at reactor.core.publisher.InternalFluxOperator.subscribe(InternalFluxOperator.java:67)
api-gateway-1  | 2026-09-23T08:29:07.788394594Z 		at reactor.core.publisher.FluxDefer.subscribe(FluxDefer.java:55)
api-gateway-1  | 2026-09-23T08:29:07.788397209Z 		at reactor.core.publisher.InternalMonoOperator.subscribe(InternalMonoOperator.java:75)
api-gateway-1  | 2026-09-23T08:29:07.788399844Z 		at reactor.core.publisher.MonoDefer.subscribe(MonoDefer.java:54)
api-gateway-1  | 2026-09-23T08:29:07.788402459Z 		at reactor.core.publisher.InternalMonoOperator.subscribe(InternalMonoOperator.java:75)
api-gateway-1  | 2026-09-23T08:29:07.788405134Z 		at reactor.core.publisher.MonoContextWriteRestoringThreadLocals.subscribe(MonoContextWriteRestoringThreadLocals.java:44)
api-gateway-1  | 2026-09-23T08:29:07.788407810Z 		at reactor.core.publisher.MonoDeferContextual.subscribe(MonoDeferContextual.java:56)
api-gateway-1  | 2026-09-23T08:29:07.788410495Z 		at reactor.core.publisher.FluxFromMonoOperator.subscribe(FluxFromMonoOperator.java:83)
api-gateway-1  | 2026-09-23T08:29:07.788413160Z 		at reactor.core.publisher.FluxDeferContextual.subscribe(FluxDeferContextual.java:58)
api-gateway-1  | 2026-09-23T08:29:07.788415835Z 		at reactor.core.publisher.InternalMonoOperator.subscribe(InternalMonoOperator.java:75)
api-gateway-1  | 2026-09-23T08:29:07.788418471Z 		at reactor.core.publisher.MonoFlatMap$FlatMapMain.onNext(MonoFlatMap.java:166)
api-gateway-1  | 2026-09-23T08:29:07.788421116Z 		at reactor.core.publisher.FluxOnErrorResume$ResumeSubscriber.onNext(FluxOnErrorResume.java:80)
api-gateway-1  | 2026-09-23T08:29:07.788423781Z 		at reactor.core.publisher.FluxOnErrorResume$ResumeSubscriber.onNext(FluxOnErrorResume.java:80)
api-gateway-1  | 2026-09-23T08:29:07.788426436Z 		at reactor.core.publisher.FluxPeek$PeekSubscriber.onNext(FluxPeek.java:203)
api-gateway-1  | 2026-09-23T08:29:07.788429713Z 		at reactor.core.publisher.MonoIgnoreThen$ThenIgnoreMain.complete(MonoIgnoreThen.java:297)
api-gateway-1  | 2026-09-23T08:29:07.788432398Z 		at reactor.core.publisher.MonoIgnoreThen$ThenIgnoreMain.onNext(MonoIgnoreThen.java:191)
api-gateway-1  | 2026-09-23T08:29:07.788435043Z 		at reactor.core.publisher.MonoFlatMap$FlatMapMain.onNext(MonoFlatMap.java:159)
api-gateway-1  | 2026-09-23T08:29:07.788437679Z 		at reactor.core.publisher.MonoZip$ZipCoordinator.signal(MonoZip.java:296)
api-gateway-1  | 2026-09-23T08:29:07.788440294Z 		at reactor.core.publisher.MonoZip$ZipInner.onNext(MonoZip.java:480)
api-gateway-1  | 2026-09-23T08:29:07.788442929Z 		at reactor.core.publisher.MonoPeekTerminal$MonoTerminalPeekSubscriber.onNext(MonoPeekTerminal.java:184)
api-gateway-1  | 2026-09-23T08:29:07.788451075Z 		at reactor.core.publisher.FluxDefaultIfEmpty$DefaultIfEmptySubscriber.onNext(FluxDefaultIfEmpty.java:123)
api-gateway-1  | 2026-09-23T08:29:07.788453880Z 		at reactor.core.publisher.FluxSwitchIfEmpty$SwitchIfEmptySubscriber.onNext(FluxSwitchIfEmpty.java:75)
api-gateway-1  | 2026-09-23T08:29:07.788456526Z 		at reactor.core.publisher.Operators$ScalarSubscription.request(Operators.java:2565)
api-gateway-1  | 2026-09-23T08:29:07.788459141Z 		at reactor.core.publisher.Operators$MultiSubscriptionSubscriber.set(Operators.java:2361)
api-gateway-1  | 2026-09-23T08:29:07.788461776Z 		at reactor.core.publisher.Operators$MultiSubscriptionSubscriber.onSubscribe(Operators.java:2235)
api-gateway-1  | 2026-09-23T08:29:07.788464411Z 		at reactor.core.publisher.FluxFlatMap.trySubscribeScalarMap(FluxFlatMap.java:193)
api-gateway-1  | 2026-09-23T08:29:07.788467036Z 		at reactor.core.publisher.MonoFlatMap.subscribeOrReturn(MonoFlatMap.java:53)
api-gateway-1  | 2026-09-23T08:29:07.788469662Z 		at reactor.core.publisher.InternalMonoOperator.subscribe(InternalMonoOperator.java:62)
api-gateway-1  | 2026-09-23T08:29:07.788472287Z 		at reactor.core.publisher.MonoZip$ZipCoordinator.request(MonoZip.java:219)
api-gateway-1  | 2026-09-23T08:29:07.788474902Z 		at reactor.core.publisher.MonoFlatMap$FlatMapMain.request(MonoFlatMap.java:195)
api-gateway-1  | 2026-09-23T08:29:07.788477527Z 		at reactor.core.publisher.MonoIgnoreThen$ThenIgnoreMain.onSubscribe(MonoIgnoreThen.java:135)
api-gateway-1  | 2026-09-23T08:29:07.788480162Z 		at reactor.core.publisher.MonoFlatMap$FlatMapMain.onSubscribe(MonoFlatMap.java:118)
api-gateway-1  | 2026-09-23T08:29:07.788482797Z 		at reactor.core.publisher.MonoZip.subscribe(MonoZip.java:129)
api-gateway-1  | 2026-09-23T08:29:07.788485493Z 		at reactor.core.publisher.InternalMonoOperator.subscribe(InternalMonoOperator.java:75)
api-gateway-1  | 2026-09-23T08:29:07.788488128Z 		at reactor.core.publisher.MonoDefer.subscribe(MonoDefer.java:54)
api-gateway-1  | 2026-09-23T08:29:07.788490773Z 		at reactor.core.publisher.MonoIgnoreThen$ThenIgnoreMain.subscribeNext(MonoIgnoreThen.java:244)
api-gateway-1  | 2026-09-23T08:29:07.788493418Z 		at reactor.core.publisher.MonoIgnoreThen$ThenIgnoreMain.onComplete(MonoIgnoreThen.java:207)
api-gateway-1  | 2026-09-23T08:29:07.788496655Z 		at reactor.core.publisher.MonoFlatMap$FlatMapMain.onComplete(MonoFlatMap.java:190)
api-gateway-1  | 2026-09-23T08:29:07.788499320Z 		at reactor.core.publisher.Operators.complete(Operators.java:137)
api-gateway-1  | 2026-09-23T08:29:07.788501925Z 		at reactor.core.publisher.MonoZip.subscribe(MonoZip.java:121)
api-gateway-1  | 2026-09-23T08:29:07.788504630Z 		at reactor.core.publisher.Mono.subscribe(Mono.java:4569)
api-gateway-1  | 2026-09-23T08:29:07.788507236Z 		at reactor.core.publisher.MonoIgnoreThen$ThenIgnoreMain.subscribeNext(MonoIgnoreThen.java:268)
api-gateway-1  | 2026-09-23T08:29:07.788509901Z 		at reactor.core.publisher.MonoIgnoreThen.subscribe(MonoIgnoreThen.java:51)
api-gateway-1  | 2026-09-23T08:29:07.788512576Z 		at reactor.core.publisher.InternalMonoOperator.subscribe(InternalMonoOperator.java:75)
api-gateway-1  | 2026-09-23T08:29:07.788515211Z 		at reactor.core.publisher.MonoFlatMap$FlatMapMain.onNext(MonoFlatMap.java:166)
api-gateway-1  | 2026-09-23T08:29:07.788522526Z 		at reactor.core.publisher.FluxOnErrorResume$ResumeSubscriber.onNext(FluxOnErrorResume.java:80)
api-gateway-1  | 2026-09-23T08:29:07.788525251Z 		at reactor.core.publisher.FluxSwitchIfEmpty$SwitchIfEmptySubscriber.onNext(FluxSwitchIfEmpty.java:75)
api-gateway-1  | 2026-09-23T08:29:07.788527946Z 		at reactor.core.publisher.MonoNext$NextSubscriber.onNext(MonoNext.java:83)
api-gateway-1  | 2026-09-23T08:29:07.788530602Z 		at reactor.core.publisher.FluxConcatMapNoPrefetch$FluxConcatMapNoPrefetchSubscriber.innerNext(FluxConcatMapNoPrefetch.java:259)
api-gateway-1  | 2026-09-23T08:29:07.788533277Z 		at reactor.core.publisher.FluxConcatMap$ConcatMapInner.onNext(FluxConcatMap.java:870)
api-gateway-1  | 2026-09-23T08:29:07.788535912Z 		at reactor.core.publisher.FluxMapFuseable$MapFuseableSubscriber.onNext(FluxMapFuseable.java:130)
api-gateway-1  | 2026-09-23T08:29:07.788538557Z 		at reactor.core.publisher.MonoPeekTerminal$MonoTerminalPeekSubscriber.onNext(MonoPeekTerminal.java:184)
api-gateway-1  | 2026-09-23T08:29:07.788541213Z 		at reactor.core.publisher.Operators$ScalarSubscription.request(Operators.java:2565)
api-gateway-1  | 2026-09-23T08:29:07.788543878Z 		at reactor.core.publisher.MonoPeekTerminal$MonoTerminalPeekSubscriber.request(MonoPeekTerminal.java:142)
api-gateway-1  | 2026-09-23T08:29:07.788546603Z 		at reactor.core.publisher.FluxMapFuseable$MapFuseableSubscriber.request(FluxMapFuseable.java:172)
api-gateway-1  | 2026-09-23T08:29:07.788549309Z 		at reactor.core.publisher.Operators$MultiSubscriptionSubscriber.request(Operators.java:2325)
api-gateway-1  | 2026-09-23T08:29:07.788551974Z 		at reactor.core.publisher.FluxConcatMapNoPrefetch$FluxConcatMapNoPrefetchSubscriber.request(FluxConcatMapNoPrefetch.java:339)
api-gateway-1  | 2026-09-23T08:29:07.788554669Z 		at reactor.core.publisher.MonoNext$NextSubscriber.request(MonoNext.java:109)
api-gateway-1  | 2026-09-23T08:29:07.788557294Z 		at reactor.core.publisher.Operators$MultiSubscriptionSubscriber.set(Operators.java:2361)
api-gateway-1  | 2026-09-23T08:29:07.788559940Z 		at reactor.core.publisher.Operators$MultiSubscriptionSubscriber.onSubscribe(Operators.java:2235)
api-gateway-1  | 2026-09-23T08:29:07.788563086Z 		at reactor.core.publisher.MonoNext$NextSubscriber.onSubscribe(MonoNext.java:71)
api-gateway-1  | 2026-09-23T08:29:07.788565761Z 		at reactor.core.publisher.FluxConcatMapNoPrefetch$FluxConcatMapNoPrefetchSubscriber.onSubscribe(FluxConcatMapNoPrefetch.java:164)
api-gateway-1  | 2026-09-23T08:29:07.788568466Z 		at reactor.core.publisher.FluxIterable.subscribe(FluxIterable.java:200)
api-gateway-1  | 2026-09-23T08:29:07.788571071Z 		at reactor.core.publisher.FluxIterable.subscribe(FluxIterable.java:82)
api-gateway-1  | 2026-09-23T08:29:07.788573677Z 		at reactor.core.publisher.InternalMonoOperator.subscribe(InternalMonoOperator.java:75)
api-gateway-1  | 2026-09-23T08:29:07.788576292Z 		at reactor.core.publisher.MonoDefer.subscribe(MonoDefer.java:54)
api-gateway-1  | 2026-09-23T08:29:07.788578897Z 		at reactor.core.publisher.InternalMonoOperator.subscribe(InternalMonoOperator.java:75)
api-gateway-1  | 2026-09-23T08:29:07.788581512Z 		at reactor.core.publisher.MonoDefer.subscribe(MonoDefer.java:54)
api-gateway-1  | 2026-09-23T08:29:07.788584117Z 		at reactor.core.publisher.InternalMonoOperator.subscribe(InternalMonoOperator.java:75)
api-gateway-1  | 2026-09-23T08:29:07.788591361Z 		at reactor.core.publisher.MonoTapRestoringThreadLocals.subscribe(MonoTapRestoringThreadLocals.java:78)
api-gateway-1  | 2026-09-23T08:29:07.788594067Z 		at reactor.core.publisher.Mono.subscribe(Mono.java:4569)
api-gateway-1  | 2026-09-23T08:29:07.788596672Z 		at reactor.core.publisher.MonoIgnoreThen$ThenIgnoreMain.subscribeNext(MonoIgnoreThen.java:268)
api-gateway-1  | 2026-09-23T08:29:07.788599317Z 		at reactor.core.publisher.MonoIgnoreThen.subscribe(MonoIgnoreThen.java:51)
api-gateway-1  | 2026-09-23T08:29:07.788601932Z 		at reactor.core.publisher.InternalMonoOperator.subscribe(InternalMonoOperator.java:75)
api-gateway-1  | 2026-09-23T08:29:07.788604578Z 		at reactor.core.publisher.MonoDeferContextual.subscribe(MonoDeferContextual.java:56)
api-gateway-1  | 2026-09-23T08:29:07.788607193Z 		at reactor.netty.http.server.HttpServer$HttpServerHandle.onStateChange(HttpServer.java:1344)
api-gateway-1  | 2026-09-23T08:29:07.788609838Z 		at reactor.netty.ReactorNetty$CompositeConnectionObserver.onStateChange(ReactorNetty.java:730)
api-gateway-1  | 2026-09-23T08:29:07.788612503Z 		at reactor.netty.transport.ServerTransport$ChildObserver.onStateChange(ServerTransport.java:489)
api-gateway-1  | 2026-09-23T08:29:07.788615158Z 		at reactor.netty.http.server.HttpServerOperations.handleDefaultHttpRequest(HttpServerOperations.java:863)
api-gateway-1  | 2026-09-23T08:29:07.788617814Z 		at reactor.netty.http.server.HttpServerOperations.onInboundNext(HttpServerOperations.java:789)
api-gateway-1  | 2026-09-23T08:29:07.788620449Z 		at reactor.netty.channel.ChannelOperationsHandler.channelRead(ChannelOperationsHandler.java:115)
api-gateway-1  | 2026-09-23T08:29:07.788623094Z 		at io.netty.channel.AbstractChannelHandlerContext.fireChannelRead(AbstractChannelHandlerContext.java:356)
api-gateway-1  | 2026-09-23T08:29:07.788626561Z 		at reactor.netty.http.server.HttpTrafficHandler.channelRead(HttpTrafficHandler.java:283)
api-gateway-1  | 2026-09-23T08:29:07.788629236Z 		at io.netty.channel.AbstractChannelHandlerContext.fireChannelRead(AbstractChannelHandlerContext.java:354)
api-gateway-1  | 2026-09-23T08:29:07.788631911Z 		at io.netty.channel.CombinedChannelDuplexHandler$DelegatingChannelHandlerContext.fireChannelRead(CombinedChannelDuplexHandler.java:434)
api-gateway-1  | 2026-09-23T08:29:07.788634627Z 		at io.netty.handler.codec.ByteToMessageDecoder.fireChannelRead(ByteToMessageDecoder.java:361)
api-gateway-1  | 2026-09-23T08:29:07.788637292Z 		at io.netty.handler.codec.ByteToMessageDecoder.channelRead(ByteToMessageDecoder.java:325)
api-gateway-1  | 2026-09-23T08:29:07.788639947Z 		at io.netty.channel.CombinedChannelDuplexHandler.channelRead(CombinedChannelDuplexHandler.java:249)
api-gateway-1  | 2026-09-23T08:29:07.788642602Z 		at io.netty.channel.AbstractChannelHandlerContext.fireChannelRead(AbstractChannelHandlerContext.java:354)
api-gateway-1  | 2026-09-23T08:29:07.788645268Z 		at io.netty.channel.DefaultChannelPipeline$HeadContext.channelRead(DefaultChannelPipeline.java:1429)
api-gateway-1  | 2026-09-23T08:29:07.788647933Z 		at io.netty.channel.DefaultChannelPipeline.fireChannelRead(DefaultChannelPipeline.java:918)
api-gateway-1  | 2026-09-23T08:29:07.788650598Z 		at io.netty.channel.epoll.AbstractEpollStreamChannel$EpollStreamUnsafe.epollInReady(AbstractEpollStreamChannel.java:804)
api-gateway-1  | 2026-09-23T08:29:07.788657913Z 		at io.netty.channel.epoll.AbstractEpollChannel$AbstractEpollUnsafe.handle(AbstractEpollChannel.java:482)
api-gateway-1  | 2026-09-23T08:29:07.788660628Z 		at io.netty.channel.epoll.EpollIoHandler$DefaultEpollIoRegistration.handle(EpollIoHandler.java:317)
api-gateway-1  | 2026-09-23T08:29:07.788663273Z 		at io.netty.channel.epoll.EpollIoHandler.processReady(EpollIoHandler.java:515)
api-gateway-1  | 2026-09-23T08:29:07.788665918Z 		at io.netty.channel.epoll.EpollIoHandler.run(EpollIoHandler.java:460)
api-gateway-1  | 2026-09-23T08:29:07.788668534Z 		at io.netty.channel.SingleThreadIoEventLoop.runIo(SingleThreadIoEventLoop.java:225)
api-gateway-1  | 2026-09-23T08:29:07.788671149Z 		at io.netty.channel.SingleThreadIoEventLoop.run(SingleThreadIoEventLoop.java:196)
api-gateway-1  | 2026-09-23T08:29:07.788673764Z 		at io.netty.util.concurrent.SingleThreadEventExecutor$5.run(SingleThreadEventExecutor.java:1195)
api-gateway-1  | 2026-09-23T08:29:07.788676409Z 		at io.netty.util.internal.ThreadExecutorMap$2.run(ThreadExecutorMap.java:74)
api-gateway-1  | 2026-09-23T08:29:07.788679014Z 		at io.netty.util.concurrent.FastThreadLocalRunnable.run(FastThreadLocalRunnable.java:30)
api-gateway-1  | 2026-09-23T08:29:07.788681669Z 		at java.base/java.lang.Thread.run(Thread.java:840)
api-gateway-1  | 2026-09-23T08:29:07.788684265Z 
api-gateway-1  | 2026-09-23T08:29:07.792379408Z 2026-09-23T08:29:07.791Z  WARN 1 --- [api-gateway] [or-http-epoll-8] [                                                 ] i.m.o.c.ObservationThreadLocalAccessor   : There is no current scope in thread local. This situation should not happen
api-gateway-1  | 2026-09-23T08:29:07.792809376Z 2026-09-23T08:29:07.792Z  WARN 1 --- [api-gateway] [or-http-epoll-8] [                                                 ] i.m.o.c.ObservationThreadLocalAccessor   : Observation <{name=http.server.requests(http get /api/gateway/owners/{ownerId}), error=org.springframework.web.reactive.function.client.WebClientResponseException$ServiceUnavailable: 503 Service Unavailable from UNKNOWN , context=name='http.server.requests', contextualName='http get /api/gateway/owners/{ownerId}', error='org.springframework.web.reactive.function.client.WebClientResponseException$ServiceUnavailable: 503 Service Unavailable from UNKNOWN ', lowCardinalityKeyValues=[exception='ServiceUnavailable', method='GET', outcome='SERVER_ERROR', status='500', uri='/api/gateway/owners/{ownerId}'], highCardinalityKeyValues=[http.url='/api/gateway/owners/6'], map=[class io.micrometer.tracing.handler.TracingObservationHandler$TracingContext='TracingContext{span=6ab38dd364f78fe6e0620c84a9b984a3/e0620c84a9b984a3}', class io.micrometer.core.instrument.LongTaskTimer$Sample='SampleImpl{duration(seconds)=-1.0E-9, duration(nanos)=-1.0, startTimeNanos=1627118055056}', class io.micrometer.core.instrument.Timer$Sample='io.micrometer.core.instrument.Timer$Sample@41fc9155'], parentObservation=null}> to which we're restoring is not the same as the one set as this scope's parent observation <null>. Most likely a manually created Observation has a scope opened that was never closed. This may lead to thread polluting and memory leaks.
api-gateway-1  | 2026-09-23T08:29:10.804384423Z 2026-09-23T08:29:10.803Z  WARN 1 --- [api-gateway] [or-http-epoll-9] [6ab38dd667c8ab9a97e0dc979d3fa18d-97e0dc979d3fa18d] i.m.o.c.ObservationThreadLocalAccessor   : Observation <{name=http.server.requests(null), error=null, context=name='http.server.requests', contextualName='null', error='null', lowCardinalityKeyValues=[exception='none', method='GET', outcome='SUCCESS', status='200', uri='UNKNOWN'], highCardinalityKeyValues=[http.url='/api/gateway/owners/6'], map=[class io.micrometer.tracing.handler.TracingObservationHandler$TracingContext='TracingContext{span=6ab38dd667c8ab9a97e0dc979d3fa18d/97e0dc979d3fa18d}', class io.micrometer.core.instrument.LongTaskTimer$Sample='SampleImpl{duration(seconds)=0.003330704, duration(nanos)=3330704.0, startTimeNanos=1630139094328}', class io.micrometer.core.instrument.Timer$Sample='io.micrometer.core.instrument.Timer$Sample@2e694232'], parentObservation=null}> to which we're restoring is not the same as the one set as this scope's parent observation <null>. Most likely a manually created Observation has a scope opened that was never closed. This may lead to thread polluting and memory leaks.
api-gateway-1  | 2026-09-23T08:29:10.805920669Z 2026-09-23T08:29:10.805Z  WARN 1 --- [api-gateway] [or-http-epoll-9] [                                                 ] o.s.c.l.core.RoundRobinLoadBalancer      : No servers available for service: customers-service
api-gateway-1  | 2026-09-23T08:29:10.806121695Z 2026-09-23T08:29:10.805Z  WARN 1 --- [api-gateway] [or-http-epoll-9] [                                                 ] eactorLoadBalancerExchangeFilterFunction : LoadBalancer does not contain an instance for the service customers-service
api-gateway-1  | 2026-09-23T08:29:10.808792409Z 2026-09-23T08:29:10.807Z ERROR 1 --- [api-gateway] [or-http-epoll-9] [6ab38dd667c8ab9a97e0dc979d3fa18d-97e0dc979d3fa18d] b.w.a.e.AbstractErrorWebExceptionHandler : [3999b616-8]  500 Server Error for HTTP GET "/api/gateway/owners/6"
api-gateway-1  | 2026-09-23T08:29:10.808821095Z 
api-gateway-1  | 2026-09-23T08:29:10.808829742Z org.springframework.web.reactive.function.client.WebClientResponseException$ServiceUnavailable: 503 Service Unavailable from UNKNOWN 
api-gateway-1  | 2026-09-23T08:29:10.808836486Z 	at org.springframework.web.reactive.function.client.WebClientResponseException.create(WebClientResponseException.java:322)
api-gateway-1  | 2026-09-23T08:29:10.808843550Z 	Suppressed: The stacktrace has been enhanced by Reactor, refer to additional information below: 
api-gateway-1  | 2026-09-23T08:29:10.808849261Z Error has been observed at the following site(s):
api-gateway-1  | 2026-09-23T08:29:10.808855223Z 	*__checkpoint ⇢ 503 SERVICE_UNAVAILABLE from GET http://customers-service/owners/6 [DefaultWebClient]
api-gateway-1  | 2026-09-23T08:29:10.808862116Z 	*__checkpoint ⇢ Handler org.springframework.samples.petclinic.api.boundary.web.ApiGatewayController#getOwnerDetails(int) [DispatcherHandler]
api-gateway-1  | 2026-09-23T08:29:10.808868308Z 	*__checkpoint ⇢ org.springframework.cloud.gateway.filter.WeightCalculatorWebFilter@7abcc0da
api-gateway-1  | 2026-09-23T08:29:10.808874511Z 	*__checkpoint ⇢ HTTP GET "/api/gateway/owners/6" [ExceptionHandlingWebHandler]
api-gateway-1  | 2026-09-23T08:29:10.808880553Z Original Stack Trace:
api-gateway-1  | 2026-09-23T08:29:10.808886254Z 		at org.springframework.web.reactive.function.client.WebClientResponseException.create(WebClientResponseException.java:322)
api-gateway-1  | 2026-09-23T08:29:10.808892436Z 		at org.springframework.web.reactive.function.client.DefaultClientResponse.lambda$createException$1(DefaultClientResponse.java:214)
api-gateway-1  | 2026-09-23T08:29:10.808898979Z 		at reactor.core.publisher.FluxMap$MapSubscriber.onNext(FluxMap.java:106)
api-gateway-1  | 2026-09-23T08:29:10.808904931Z 		at reactor.core.publisher.FluxOnErrorReturn$ReturnSubscriber.onNext(FluxOnErrorReturn.java:159)
api-gateway-1  | 2026-09-23T08:29:10.808938246Z 		at reactor.core.publisher.FluxDefaultIfEmpty$DefaultIfEmptySubscriber.onNext(FluxDefaultIfEmpty.java:123)
api-gateway-1  | 2026-09-23T08:29:10.808945130Z 		at reactor.core.publisher.FluxMapFuseable$MapFuseableSubscriber.onNext(FluxMapFuseable.java:130)
api-gateway-1  | 2026-09-23T08:29:10.808950601Z 		at reactor.core.publisher.FluxContextWrite$ContextWriteSubscriber.onNext(FluxContextWrite.java:109)
api-gateway-1  | 2026-09-23T08:29:10.808956342Z 		at reactor.core.publisher.FluxMapFuseable$MapFuseableConditionalSubscriber.onNext(FluxMapFuseable.java:300)
api-gateway-1  | 2026-09-23T08:29:10.808964819Z 		at reactor.core.publisher.FluxFilterFuseable$FilterFuseableConditionalSubscriber.onNext(FluxFilterFuseable.java:338)
api-gateway-1  | 2026-09-23T08:29:10.808971211Z 		at reactor.core.publisher.Operators$BaseFluxToMonoOperator.completePossiblyEmpty(Operators.java:2093)
api-gateway-1  | 2026-09-23T08:29:10.808977193Z 		at reactor.core.publisher.MonoCollect$CollectSubscriber.onComplete(MonoCollect.java:144)
api-gateway-1  | 2026-09-23T08:29:10.808983576Z 		at reactor.core.publisher.FluxMapFuseable$MapFuseableSubscriber.onComplete(FluxMapFuseable.java:153)
api-gateway-1  | 2026-09-23T08:29:10.808989718Z 		at reactor.core.publisher.Operators$ScalarSubscription.request(Operators.java:2567)
api-gateway-1  | 2026-09-23T08:29:10.808996080Z 		at reactor.core.publisher.FluxMapFuseable$MapFuseableSubscriber.request(FluxMapFuseable.java:172)
api-gateway-1  | 2026-09-23T08:29:10.809002333Z 		at reactor.core.publisher.Operators$BaseFluxToMonoOperator.request(Operators.java:2063)
api-gateway-1  | 2026-09-23T08:29:10.809008565Z 		at reactor.core.publisher.FluxFilterFuseable$FilterFuseableConditionalSubscriber.request(FluxFilterFuseable.java:411)
api-gateway-1  | 2026-09-23T08:29:10.809014236Z 		at reactor.core.publisher.FluxMapFuseable$MapFuseableConditionalSubscriber.request(FluxMapFuseable.java:361)
api-gateway-1  | 2026-09-23T08:29:10.809020168Z 		at reactor.core.publisher.FluxContextWrite$ContextWriteSubscriber.request(FluxContextWrite.java:138)
api-gateway-1  | 2026-09-23T08:29:10.809025618Z 		at reactor.core.publisher.FluxMapFuseable$MapFuseableSubscriber.request(FluxMapFuseable.java:172)
api-gateway-1  | 2026-09-23T08:29:10.809031039Z 		at reactor.core.publisher.FluxDefaultIfEmpty$DefaultIfEmptySubscriber.request(FluxDefaultIfEmpty.java:99)
api-gateway-1  | 2026-09-23T08:29:10.809036700Z 		at reactor.core.publisher.FluxOnErrorReturn$ReturnSubscriber.request(FluxOnErrorReturn.java:150)
api-gateway-1  | 2026-09-23T08:29:10.809042482Z 		at reactor.core.publisher.FluxMap$MapSubscriber.request(FluxMap.java:163)
api-gateway-1  | 2026-09-23T08:29:10.809048473Z 		at reactor.core.publisher.MonoFlatMap$FlatMapMain.request(MonoFlatMap.java:195)
api-gateway-1  | 2026-09-23T08:29:10.809055267Z 		at reactor.core.publisher.Operators$MultiSubscriptionSubscriber.set(Operators.java:2361)
api-gateway-1  | 2026-09-23T08:29:10.809061750Z 		at reactor.core.publisher.FluxOnErrorResume$ResumeSubscriber.onSubscribe(FluxOnErrorResume.java:75)
api-gateway-1  | 2026-09-23T08:29:10.809067621Z 		at reactor.core.publisher.MonoFlatMap$FlatMapMain.onSubscribe(MonoFlatMap.java:118)
api-gateway-1  | 2026-09-23T08:29:10.809073533Z 		at reactor.core.publisher.FluxMap$MapSubscriber.onSubscribe(FluxMap.java:92)
api-gateway-1  | 2026-09-23T08:29:10.809092099Z 		at reactor.core.publisher.FluxOnErrorReturn$ReturnSubscriber.onSubscribe(FluxOnErrorReturn.java:92)
api-gateway-1  | 2026-09-23T08:29:10.809100416Z 		at reactor.core.publisher.Operators$BaseFluxToMonoOperator.onSubscribe(Operators.java:2047)
api-gateway-1  | 2026-09-23T08:29:10.809107871Z 		at reactor.core.publisher.FluxMapFuseable$MapFuseableSubscriber.onSubscribe(FluxMapFuseable.java:96)
api-gateway-1  | 2026-09-23T08:29:10.809114824Z 		at reactor.core.publisher.FluxContextWrite$ContextWriteSubscriber.onSubscribe(FluxContextWrite.java:103)
api-gateway-1  | 2026-09-23T08:29:10.809120706Z 		at reactor.core.publisher.FluxMapFuseable$MapFuseableConditionalSubscriber.onSubscribe(FluxMapFuseable.java:265)
api-gateway-1  | 2026-09-23T08:29:10.809126858Z 		at reactor.core.publisher.FluxFilterFuseable$FilterFuseableConditionalSubscriber.onSubscribe(FluxFilterFuseable.java:305)
api-gateway-1  | 2026-09-23T08:29:10.809133992Z 		at reactor.core.publisher.Operators$BaseFluxToMonoOperator.onSubscribe(Operators.java:2047)
api-gateway-1  | 2026-09-23T08:29:10.809140585Z 		at reactor.core.publisher.FluxMapFuseable$MapFuseableSubscriber.onSubscribe(FluxMapFuseable.java:96)
api-gateway-1  | 2026-09-23T08:29:10.809146887Z 		at reactor.core.publisher.FluxJust.subscribe(FluxJust.java:69)
api-gateway-1  | 2026-09-23T08:29:10.809152128Z 		at reactor.core.publisher.InternalMonoOperator.subscribe(InternalMonoOperator.java:75)
api-gateway-1  | 2026-09-23T08:29:10.809158751Z 		at reactor.core.publisher.MonoFlatMap$FlatMapMain.onNext(MonoFlatMap.java:166)
api-gateway-1  | 2026-09-23T08:29:10.809165324Z 		at reactor.core.publisher.MonoContextWriteRestoringThreadLocals$ContextWriteRestoringThreadLocalsSubscriber.onNext(MonoContextWriteRestoringThreadLocals.java:111)
api-gateway-1  | 2026-09-23T08:29:10.809171927Z 		at reactor.core.publisher.FluxDoFinally$DoFinallySubscriber.onNext(FluxDoFinally.java:113)
api-gateway-1  | 2026-09-23T08:29:10.809177798Z 		at reactor.core.publisher.MonoPeekTerminal$MonoTerminalPeekSubscriber.onNext(MonoPeekTerminal.java:184)
api-gateway-1  | 2026-09-23T08:29:10.809183920Z 		at reactor.core.publisher.FluxPeekFuseable$PeekConditionalSubscriber.onNext(FluxPeekFuseable.java:850)
api-gateway-1  | 2026-09-23T08:29:10.809190574Z 		at reactor.core.publisher.FluxSwitchIfEmpty$SwitchIfEmptySubscriber.onNext(FluxSwitchIfEmpty.java:75)
api-gateway-1  | 2026-09-23T08:29:10.809196966Z 		at reactor.core.publisher.MonoFlatMap$FlatMapMain.onNext(MonoFlatMap.java:159)
api-gateway-1  | 2026-09-23T08:29:10.809203409Z 		at reactor.core.publisher.FluxMap$MapSubscriber.onNext(FluxMap.java:122)
api-gateway-1  | 2026-09-23T08:29:10.809209651Z 		at reactor.core.publisher.MonoNext$NextSubscriber.onNext(MonoNext.java:83)
api-gateway-1  | 2026-09-23T08:29:10.809216054Z 		at reactor.core.publisher.FluxDematerialize$DematerializeSubscriber.onNext(FluxDematerialize.java:102)
api-gateway-1  | 2026-09-23T08:29:10.809222026Z 		at reactor.core.publisher.FluxDematerialize$DematerializeSubscriber.onNext(FluxDematerialize.java:44)
api-gateway-1  | 2026-09-23T08:29:10.809228148Z 		at reactor.core.publisher.FluxFlattenIterable$FlattenIterableSubscriber.drainAsync(FluxFlattenIterable.java:455)
api-gateway-1  | 2026-09-23T08:29:10.809234280Z 		at reactor.core.publisher.FluxFlattenIterable$FlattenIterableSubscriber.drain(FluxFlattenIterable.java:726)
api-gateway-1  | 2026-09-23T08:29:10.809444797Z 		at reactor.core.publisher.FluxFlattenIterable$FlattenIterableSubscriber.onNext(FluxFlattenIterable.java:258)
api-gateway-1  | 2026-09-23T08:29:10.809469506Z 		at reactor.core.publisher.FluxSwitchIfEmpty$SwitchIfEmptySubscriber.onNext(FluxSwitchIfEmpty.java:75)
api-gateway-1  | 2026-09-23T08:29:10.809473083Z 		at reactor.core.publisher.MonoFlatMap$FlatMapMain.secondComplete(MonoFlatMap.java:246)
api-gateway-1  | 2026-09-23T08:29:10.809476039Z 		at reactor.core.publisher.MonoFlatMap$FlatMapInner.onNext(MonoFlatMap.java:307)
api-gateway-1  | 2026-09-23T08:29:10.809478754Z 		at reactor.core.publisher.MonoIgnoreThen$ThenIgnoreMain.complete(MonoIgnoreThen.java:297)
api-gateway-1  | 2026-09-23T08:29:10.809481409Z 		at reactor.core.publisher.MonoIgnoreThen$ThenIgnoreMain.onNext(MonoIgnoreThen.java:191)
api-gateway-1  | 2026-09-23T08:29:10.809484115Z 		at reactor.core.publisher.MonoIgnoreThen$ThenIgnoreMain.subscribeNext(MonoIgnoreThen.java:240)
api-gateway-1  | 2026-09-23T08:29:10.809486770Z 		at reactor.core.publisher.MonoIgnoreThen$ThenIgnoreMain.onComplete(MonoIgnoreThen.java:207)
api-gateway-1  | 2026-09-23T08:29:10.809489485Z 		at reactor.core.publisher.MonoIgnoreElements$IgnoreElementsSubscriber.onComplete(MonoIgnoreElements.java:89)
api-gateway-1  | 2026-09-23T08:29:10.809492160Z 		at reactor.core.publisher.FluxPeek$PeekSubscriber.onComplete(FluxPeek.java:263)
api-gateway-1  | 2026-09-23T08:29:10.809494846Z 		at reactor.core.publisher.FluxDematerialize$DematerializeSubscriber.onComplete(FluxDematerialize.java:125)
api-gateway-1  | 2026-09-23T08:29:10.809497521Z 		at reactor.core.publisher.FluxDematerialize$DematerializeSubscriber.onNext(FluxDematerialize.java:91)
api-gateway-1  | 2026-09-23T08:29:10.809500256Z 		at reactor.core.publisher.FluxDematerialize$DematerializeSubscriber.onNext(FluxDematerialize.java:44)
api-gateway-1  | 2026-09-23T08:29:10.809502912Z 		at reactor.core.publisher.FluxIterable$IterableSubscription.fastPath(FluxIterable.java:402)
api-gateway-1  | 2026-09-23T08:29:10.809506539Z 		at reactor.core.publisher.FluxIterable$IterableSubscription.request(FluxIterable.java:291)
api-gateway-1  | 2026-09-23T08:29:10.809511358Z 		at reactor.core.publisher.FluxDematerialize$DematerializeSubscriber.request(FluxDematerialize.java:131)
api-gateway-1  | 2026-09-23T08:29:10.809515286Z 		at reactor.core.publisher.FluxPeek$PeekSubscriber.request(FluxPeek.java:141)
api-gateway-1  | 2026-09-23T08:29:10.809518963Z 		at reactor.core.publisher.MonoIgnoreElements$IgnoreElementsSubscriber.onSubscribe(MonoIgnoreElements.java:72)
api-gateway-1  | 2026-09-23T08:29:10.809522290Z 		at reactor.core.publisher.FluxPeek$PeekSubscriber.onSubscribe(FluxPeek.java:174)
api-gateway-1  | 2026-09-23T08:29:10.809525556Z 		at reactor.core.publisher.FluxDematerialize$DematerializeSubscriber.onSubscribe(FluxDematerialize.java:77)
api-gateway-1  | 2026-09-23T08:29:10.809529554Z 		at reactor.core.publisher.FluxIterable.subscribe(FluxIterable.java:200)
api-gateway-1  | 2026-09-23T08:29:10.809533913Z 		at reactor.core.publisher.FluxIterable.subscribe(FluxIterable.java:82)
api-gateway-1  | 2026-09-23T08:29:10.809537891Z 		at reactor.core.publisher.Mono.subscribe(Mono.java:4569)
api-gateway-1  | 2026-09-23T08:29:10.809552660Z 		at reactor.core.publisher.MonoIgnoreThen$ThenIgnoreMain.subscribeNext(MonoIgnoreThen.java:268)
api-gateway-1  | 2026-09-23T08:29:10.809560355Z 		at reactor.core.publisher.MonoIgnoreThen.subscribe(MonoIgnoreThen.java:51)
api-gateway-1  | 2026-09-23T08:29:10.809565235Z 		at reactor.core.publisher.MonoFlatMap$FlatMapMain.onNext(MonoFlatMap.java:166)
api-gateway-1  | 2026-09-23T08:29:10.809568651Z 		at reactor.core.publisher.Operators$BaseFluxToMonoOperator.completePossiblyEmpty(Operators.java:2093)
api-gateway-1  | 2026-09-23T08:29:10.809572429Z 		at reactor.core.publisher.MonoCollectList$MonoCollectListSubscriber.onComplete(MonoCollectList.java:117)
api-gateway-1  | 2026-09-23T08:29:10.809576857Z 		at reactor.core.publisher.DrainUtils.postCompleteDrain(DrainUtils.java:132)
api-gateway-1  | 2026-09-23T08:29:10.809580465Z 		at reactor.core.publisher.DrainUtils.postComplete(DrainUtils.java:187)
api-gateway-1  | 2026-09-23T08:29:10.809583801Z 		at reactor.core.publisher.FluxMaterialize$MaterializeSubscriber.onComplete(FluxMaterialize.java:141)
api-gateway-1  | 2026-09-23T08:29:10.809587709Z 		at reactor.core.publisher.FluxLimitRequest$FluxLimitRequestSubscriber.onNext(FluxLimitRequest.java:104)
api-gateway-1  | 2026-09-23T08:29:10.809591737Z 		at reactor.core.publisher.FluxOnErrorResume$ResumeSubscriber.onNext(FluxOnErrorResume.java:80)
api-gateway-1  | 2026-09-23T08:29:10.809595604Z 		at reactor.core.publisher.SerializedSubscriber.onNext(SerializedSubscriber.java:100)
api-gateway-1  | 2026-09-23T08:29:10.809619228Z 		at reactor.core.publisher.FluxTimeout$TimeoutMainSubscriber.onNext(FluxTimeout.java:182)
api-gateway-1  | 2026-09-23T08:29:10.809624709Z 		at reactor.core.publisher.Operators$BaseFluxToMonoOperator.completePossiblyEmpty(Operators.java:2093)
api-gateway-1  | 2026-09-23T08:29:10.809628787Z 		at reactor.core.publisher.MonoCollectList$MonoCollectListSubscriber.onComplete(MonoCollectList.java:117)
api-gateway-1  | 2026-09-23T08:29:10.809632444Z 		at reactor.core.publisher.FluxContextWriteRestoringThreadLocals$ContextWriteRestoringThreadLocalsSubscriber.onComplete(FluxContextWriteRestoringThreadLocals.java:150)
api-gateway-1  | 2026-09-23T08:29:10.809636012Z 		at org.springframework.cloud.commons.publisher.FluxFirstNonEmptyEmitting$FirstNonEmptyEmittingSubscriber.onComplete(FluxFirstNonEmptyEmitting.java:325)
api-gateway-1  | 2026-09-23T08:29:10.809639619Z 		at reactor.core.publisher.Operators.complete(Operators.java:137)
api-gateway-1  | 2026-09-23T08:29:10.809643136Z 		at reactor.core.publisher.FluxIterable.subscribe(FluxIterable.java:143)
api-gateway-1  | 2026-09-23T08:29:10.809647544Z 		at reactor.core.publisher.FluxIterable.subscribe(FluxIterable.java:82)
api-gateway-1  | 2026-09-23T08:29:10.809651482Z 		at reactor.core.publisher.Flux.subscribe(Flux.java:8888)
api-gateway-1  | 2026-09-23T08:29:10.809656833Z 		at org.springframework.cloud.commons.publisher.FluxFirstNonEmptyEmitting$RaceCoordinator.subscribe(FluxFirstNonEmptyEmitting.java:203)
api-gateway-1  | 2026-09-23T08:29:10.809661392Z 		at org.springframework.cloud.commons.publisher.FluxFirstNonEmptyEmitting.subscribe(FluxFirstNonEmptyEmitting.java:128)
api-gateway-1  | 2026-09-23T08:29:10.809665069Z 		at reactor.core.publisher.InternalFluxOperator.subscribe(InternalFluxOperator.java:67)
api-gateway-1  | 2026-09-23T08:29:10.809678295Z 		at reactor.core.publisher.FluxDefer.subscribe(FluxDefer.java:55)
api-gateway-1  | 2026-09-23T08:29:10.809681982Z 		at reactor.core.publisher.InternalFluxOperator.subscribe(InternalFluxOperator.java:67)
api-gateway-1  | 2026-09-23T08:29:10.809685289Z 		at reactor.core.publisher.FluxDefer.subscribe(FluxDefer.java:55)
api-gateway-1  | 2026-09-23T08:29:10.809688465Z 		at reactor.core.publisher.Mono.subscribe(Mono.java:4569)
api-gateway-1  | 2026-09-23T08:29:10.809691651Z 		at reactor.core.publisher.FluxSwitchIfEmpty$SwitchIfEmptySubscriber.onComplete(FluxSwitchIfEmpty.java:83)
api-gateway-1  | 2026-09-23T08:29:10.809694858Z 		at reactor.core.publisher.Operators.complete(Operators.java:137)
api-gateway-1  | 2026-09-23T08:29:10.809698204Z 		at reactor.core.publisher.MonoEmpty.subscribe(MonoEmpty.java:46)
api-gateway-1  | 2026-09-23T08:29:10.809701541Z 		at reactor.core.publisher.InternalFluxOperator.subscribe(InternalFluxOperator.java:67)
api-gateway-1  | 2026-09-23T08:29:10.809705498Z 		at reactor.core.publisher.FluxDefer.subscribe(FluxDefer.java:55)
api-gateway-1  | 2026-09-23T08:29:10.809709807Z 		at reactor.core.publisher.InternalMonoOperator.subscribe(InternalMonoOperator.java:75)
api-gateway-1  | 2026-09-23T08:29:10.809713304Z 		at reactor.core.publisher.MonoDefer.subscribe(MonoDefer.java:54)
api-gateway-1  | 2026-09-23T08:29:10.809716771Z 		at reactor.core.publisher.InternalMonoOperator.subscribe(InternalMonoOperator.java:75)
api-gateway-1  | 2026-09-23T08:29:10.809720197Z 		at reactor.core.publisher.MonoContextWriteRestoringThreadLocals.subscribe(MonoContextWriteRestoringThreadLocals.java:44)
api-gateway-1  | 2026-09-23T08:29:10.809723935Z 		at reactor.core.publisher.MonoDeferContextual.subscribe(MonoDeferContextual.java:56)
api-gateway-1  | 2026-09-23T08:29:10.809727762Z 		at reactor.core.publisher.FluxFromMonoOperator.subscribe(FluxFromMonoOperator.java:83)
api-gateway-1  | 2026-09-23T08:29:10.809731410Z 		at reactor.core.publisher.FluxDeferContextual.subscribe(FluxDeferContextual.java:58)
api-gateway-1  | 2026-09-23T08:29:10.809734726Z 		at reactor.core.publisher.InternalMonoOperator.subscribe(InternalMonoOperator.java:75)
api-gateway-1  | 2026-09-23T08:29:10.809738263Z 		at reactor.core.publisher.MonoFlatMap$FlatMapMain.onNext(MonoFlatMap.java:166)
api-gateway-1  | 2026-09-23T08:29:10.809741920Z 		at reactor.core.publisher.FluxOnErrorResume$ResumeSubscriber.onNext(FluxOnErrorResume.java:80)
api-gateway-1  | 2026-09-23T08:29:10.809745537Z 		at reactor.core.publisher.FluxOnErrorResume$ResumeSubscriber.onNext(FluxOnErrorResume.java:80)
api-gateway-1  | 2026-09-23T08:29:10.809749565Z 		at reactor.core.publisher.FluxPeek$PeekSubscriber.onNext(FluxPeek.java:203)
api-gateway-1  | 2026-09-23T08:29:10.809753794Z 		at reactor.core.publisher.MonoIgnoreThen$ThenIgnoreMain.complete(MonoIgnoreThen.java:297)
api-gateway-1  | 2026-09-23T08:29:10.809757481Z 		at reactor.core.publisher.MonoIgnoreThen$ThenIgnoreMain.onNext(MonoIgnoreThen.java:191)
api-gateway-1  | 2026-09-23T08:29:10.809761248Z 		at reactor.core.publisher.MonoFlatMap$FlatMapMain.onNext(MonoFlatMap.java:159)
api-gateway-1  | 2026-09-23T08:29:10.809764886Z 		at reactor.core.publisher.MonoZip$ZipCoordinator.signal(MonoZip.java:296)
api-gateway-1  | 2026-09-23T08:29:10.809768382Z 		at reactor.core.publisher.MonoZip$ZipInner.onNext(MonoZip.java:480)
api-gateway-1  | 2026-09-23T08:29:10.809780436Z 		at reactor.core.publisher.MonoPeekTerminal$MonoTerminalPeekSubscriber.onNext(MonoPeekTerminal.java:184)
api-gateway-1  | 2026-09-23T08:29:10.809784484Z 		at reactor.core.publisher.FluxDefaultIfEmpty$DefaultIfEmptySubscriber.onNext(FluxDefaultIfEmpty.java:123)
api-gateway-1  | 2026-09-23T08:29:10.809787831Z 		at reactor.core.publisher.FluxSwitchIfEmpty$SwitchIfEmptySubscriber.onNext(FluxSwitchIfEmpty.java:75)
api-gateway-1  | 2026-09-23T08:29:10.809791087Z 		at reactor.core.publisher.Operators$ScalarSubscription.request(Operators.java:2565)
api-gateway-1  | 2026-09-23T08:29:10.809794484Z 		at reactor.core.publisher.Operators$MultiSubscriptionSubscriber.set(Operators.java:2361)
api-gateway-1  | 2026-09-23T08:29:10.809797850Z 		at reactor.core.publisher.Operators$MultiSubscriptionSubscriber.onSubscribe(Operators.java:2235)
api-gateway-1  | 2026-09-23T08:29:10.809801237Z 		at reactor.core.publisher.FluxFlatMap.trySubscribeScalarMap(FluxFlatMap.java:193)
api-gateway-1  | 2026-09-23T08:29:10.809804684Z 		at reactor.core.publisher.MonoFlatMap.subscribeOrReturn(MonoFlatMap.java:53)
api-gateway-1  | 2026-09-23T08:29:10.809808271Z 		at reactor.core.publisher.InternalMonoOperator.subscribe(InternalMonoOperator.java:62)
api-gateway-1  | 2026-09-23T08:29:10.809811487Z 		at reactor.core.publisher.MonoZip$ZipCoordinator.request(MonoZip.java:219)
api-gateway-1  | 2026-09-23T08:29:10.809814744Z 		at reactor.core.publisher.MonoFlatMap$FlatMapMain.request(MonoFlatMap.java:195)
api-gateway-1  | 2026-09-23T08:29:10.809818531Z 		at reactor.core.publisher.MonoIgnoreThen$ThenIgnoreMain.onSubscribe(MonoIgnoreThen.java:135)
api-gateway-1  | 2026-09-23T08:29:10.809821898Z 		at reactor.core.publisher.MonoFlatMap$FlatMapMain.onSubscribe(MonoFlatMap.java:118)
api-gateway-1  | 2026-09-23T08:29:10.809825585Z 		at reactor.core.publisher.MonoZip.subscribe(MonoZip.java:129)
api-gateway-1  | 2026-09-23T08:29:10.809829202Z 		at reactor.core.publisher.InternalMonoOperator.subscribe(InternalMonoOperator.java:75)
api-gateway-1  | 2026-09-23T08:29:10.809832749Z 		at reactor.core.publisher.MonoDefer.subscribe(MonoDefer.java:54)
api-gateway-1  | 2026-09-23T08:29:10.809836587Z 		at reactor.core.publisher.MonoIgnoreThen$ThenIgnoreMain.subscribeNext(MonoIgnoreThen.java:244)
api-gateway-1  | 2026-09-23T08:29:10.809840374Z 		at reactor.core.publisher.MonoIgnoreThen$ThenIgnoreMain.onComplete(MonoIgnoreThen.java:207)
api-gateway-1  | 2026-09-23T08:29:10.809846567Z 		at reactor.core.publisher.MonoFlatMap$FlatMapMain.onComplete(MonoFlatMap.java:190)
api-gateway-1  | 2026-09-23T08:29:10.809849963Z 		at reactor.core.publisher.Operators.complete(Operators.java:137)
api-gateway-1  | 2026-09-23T08:29:10.809853109Z 		at reactor.core.publisher.MonoZip.subscribe(MonoZip.java:121)
api-gateway-1  | 2026-09-23T08:29:10.809856195Z 		at reactor.core.publisher.Mono.subscribe(Mono.java:4569)
api-gateway-1  | 2026-09-23T08:29:10.809859292Z 		at reactor.core.publisher.MonoIgnoreThen$ThenIgnoreMain.subscribeNext(MonoIgnoreThen.java:268)
api-gateway-1  | 2026-09-23T08:29:10.809862468Z 		at reactor.core.publisher.MonoIgnoreThen.subscribe(MonoIgnoreThen.java:51)
api-gateway-1  | 2026-09-23T08:29:10.809872277Z 		at reactor.core.publisher.InternalMonoOperator.subscribe(InternalMonoOperator.java:75)
api-gateway-1  | 2026-09-23T08:29:10.809875774Z 		at reactor.core.publisher.MonoFlatMap$FlatMapMain.onNext(MonoFlatMap.java:166)
api-gateway-1  | 2026-09-23T08:29:10.809879371Z 		at reactor.core.publisher.FluxOnErrorResume$ResumeSubscriber.onNext(FluxOnErrorResume.java:80)
api-gateway-1  | 2026-09-23T08:29:10.809882638Z 		at reactor.core.publisher.FluxSwitchIfEmpty$SwitchIfEmptySubscriber.onNext(FluxSwitchIfEmpty.java:75)
api-gateway-1  | 2026-09-23T08:29:10.809885774Z 		at reactor.core.publisher.MonoNext$NextSubscriber.onNext(MonoNext.java:83)
api-gateway-1  | 2026-09-23T08:29:10.809889221Z 		at reactor.core.publisher.FluxConcatMapNoPrefetch$FluxConcatMapNoPrefetchSubscriber.innerNext(FluxConcatMapNoPrefetch.java:259)
api-gateway-1  | 2026-09-23T08:29:10.809892617Z 		at reactor.core.publisher.FluxConcatMap$ConcatMapInner.onNext(FluxConcatMap.java:870)
api-gateway-1  | 2026-09-23T08:29:10.809896074Z 		at reactor.core.publisher.FluxMapFuseable$MapFuseableSubscriber.onNext(FluxMapFuseable.java:130)
api-gateway-1  | 2026-09-23T08:29:10.809899381Z 		at reactor.core.publisher.MonoPeekTerminal$MonoTerminalPeekSubscriber.onNext(MonoPeekTerminal.java:184)
api-gateway-1  | 2026-09-23T08:29:10.809902958Z 		at reactor.core.publisher.Operators$ScalarSubscription.request(Operators.java:2565)
api-gateway-1  | 2026-09-23T08:29:10.809906154Z 		at reactor.core.publisher.MonoPeekTerminal$MonoTerminalPeekSubscriber.request(MonoPeekTerminal.java:142)
api-gateway-1  | 2026-09-23T08:29:10.809909340Z 		at reactor.core.publisher.FluxMapFuseable$MapFuseableSubscriber.request(FluxMapFuseable.java:172)
api-gateway-1  | 2026-09-23T08:29:10.809914721Z 		at reactor.core.publisher.Operators$MultiSubscriptionSubscriber.request(Operators.java:2325)
api-gateway-1  | 2026-09-23T08:29:10.809918248Z 		at reactor.core.publisher.FluxConcatMapNoPrefetch$FluxConcatMapNoPrefetchSubscriber.request(FluxConcatMapNoPrefetch.java:339)
api-gateway-1  | 2026-09-23T08:29:10.809921655Z 		at reactor.core.publisher.MonoNext$NextSubscriber.request(MonoNext.java:109)
api-gateway-1  | 2026-09-23T08:29:10.809924871Z 		at reactor.core.publisher.Operators$MultiSubscriptionSubscriber.set(Operators.java:2361)
api-gateway-1  | 2026-09-23T08:29:10.809928127Z 		at reactor.core.publisher.Operators$MultiSubscriptionSubscriber.onSubscribe(Operators.java:2235)
api-gateway-1  | 2026-09-23T08:29:10.809931945Z 		at reactor.core.publisher.MonoNext$NextSubscriber.onSubscribe(MonoNext.java:71)
api-gateway-1  | 2026-09-23T08:29:10.809935762Z 		at reactor.core.publisher.FluxConcatMapNoPrefetch$FluxConcatMapNoPrefetchSubscriber.onSubscribe(FluxConcatMapNoPrefetch.java:164)
api-gateway-1  | 2026-09-23T08:29:10.809939991Z 		at reactor.core.publisher.FluxIterable.subscribe(FluxIterable.java:200)
api-gateway-1  | 2026-09-23T08:29:10.809943938Z 		at reactor.core.publisher.FluxIterable.subscribe(FluxIterable.java:82)
api-gateway-1  | 2026-09-23T08:29:10.809947495Z 		at reactor.core.publisher.InternalMonoOperator.subscribe(InternalMonoOperator.java:75)
api-gateway-1  | 2026-09-23T08:29:10.809951183Z 		at reactor.core.publisher.MonoDefer.subscribe(MonoDefer.java:54)
api-gateway-1  | 2026-09-23T08:29:10.809954780Z 		at reactor.core.publisher.InternalMonoOperator.subscribe(InternalMonoOperator.java:75)
api-gateway-1  | 2026-09-23T08:29:10.809965701Z 		at reactor.core.publisher.MonoDefer.subscribe(MonoDefer.java:54)
api-gateway-1  | 2026-09-23T08:29:10.809970160Z 		at reactor.core.publisher.InternalMonoOperator.subscribe(InternalMonoOperator.java:75)
api-gateway-1  | 2026-09-23T08:29:10.809974429Z 		at reactor.core.publisher.MonoTapRestoringThreadLocals.subscribe(MonoTapRestoringThreadLocals.java:78)
api-gateway-1  | 2026-09-23T08:29:10.809978446Z 		at reactor.core.publisher.Mono.subscribe(Mono.java:4569)
api-gateway-1  | 2026-09-23T08:29:10.809981813Z 		at reactor.core.publisher.MonoIgnoreThen$ThenIgnoreMain.subscribeNext(MonoIgnoreThen.java:268)
api-gateway-1  | 2026-09-23T08:29:10.809985150Z 		at reactor.core.publisher.MonoIgnoreThen.subscribe(MonoIgnoreThen.java:51)
api-gateway-1  | 2026-09-23T08:29:10.809987835Z 		at reactor.core.publisher.InternalMonoOperator.subscribe(InternalMonoOperator.java:75)
api-gateway-1  | 2026-09-23T08:29:10.809990470Z 		at reactor.core.publisher.MonoDeferContextual.subscribe(MonoDeferContextual.java:56)
api-gateway-1  | 2026-09-23T08:29:10.809993105Z 		at reactor.netty.http.server.HttpServer$HttpServerHandle.onStateChange(HttpServer.java:1344)
api-gateway-1  | 2026-09-23T08:29:10.809995771Z 		at reactor.netty.ReactorNetty$CompositeConnectionObserver.onStateChange(ReactorNetty.java:730)
api-gateway-1  | 2026-09-23T08:29:10.809998426Z 		at reactor.netty.transport.ServerTransport$ChildObserver.onStateChange(ServerTransport.java:489)
api-gateway-1  | 2026-09-23T08:29:10.810001101Z 		at reactor.netty.http.server.HttpServerOperations.handleDefaultHttpRequest(HttpServerOperations.java:863)
api-gateway-1  | 2026-09-23T08:29:10.810003756Z 		at reactor.netty.http.server.HttpServerOperations.onInboundNext(HttpServerOperations.java:789)
api-gateway-1  | 2026-09-23T08:29:10.810006402Z 		at reactor.netty.channel.ChannelOperationsHandler.channelRead(ChannelOperationsHandler.java:115)
api-gateway-1  | 2026-09-23T08:29:10.810009037Z 		at io.netty.channel.AbstractChannelHandlerContext.fireChannelRead(AbstractChannelHandlerContext.java:356)
api-gateway-1  | 2026-09-23T08:29:10.810012403Z 		at reactor.netty.http.server.HttpTrafficHandler.channelRead(HttpTrafficHandler.java:283)
api-gateway-1  | 2026-09-23T08:29:10.810015079Z 		at io.netty.channel.AbstractChannelHandlerContext.fireChannelRead(AbstractChannelHandlerContext.java:354)
api-gateway-1  | 2026-09-23T08:29:10.810017764Z 		at io.netty.channel.CombinedChannelDuplexHandler$DelegatingChannelHandlerContext.fireChannelRead(CombinedChannelDuplexHandler.java:434)
api-gateway-1  | 2026-09-23T08:29:10.810020479Z 		at io.netty.handler.codec.ByteToMessageDecoder.fireChannelRead(ByteToMessageDecoder.java:361)
api-gateway-1  | 2026-09-23T08:29:10.810024477Z 		at io.netty.handler.codec.ByteToMessageDecoder.channelRead(ByteToMessageDecoder.java:325)
api-gateway-1  | 2026-09-23T08:29:10.810028435Z 		at io.netty.channel.CombinedChannelDuplexHandler.channelRead(CombinedChannelDuplexHandler.java:249)
api-gateway-1  | 2026-09-23T08:29:10.810033114Z 		at io.netty.channel.AbstractChannelHandlerContext.fireChannelRead(AbstractChannelHandlerContext.java:354)
api-gateway-1  | 2026-09-23T08:29:10.810037813Z 		at io.netty.channel.DefaultChannelPipeline$HeadContext.channelRead(DefaultChannelPipeline.java:1429)
api-gateway-1  | 2026-09-23T08:29:10.810048705Z 		at io.netty.channel.DefaultChannelPipeline.fireChannelRead(DefaultChannelPipeline.java:918)
api-gateway-1  | 2026-09-23T08:29:10.810052342Z 		at io.netty.channel.epoll.AbstractEpollStreamChannel$EpollStreamUnsafe.epollInReady(AbstractEpollStreamChannel.java:804)
api-gateway-1  | 2026-09-23T08:29:10.810056310Z 		at io.netty.channel.epoll.AbstractEpollChannel$AbstractEpollUnsafe.handle(AbstractEpollChannel.java:482)
api-gateway-1  | 2026-09-23T08:29:10.810060769Z 		at io.netty.channel.epoll.EpollIoHandler$DefaultEpollIoRegistration.handle(EpollIoHandler.java:317)
api-gateway-1  | 2026-09-23T08:29:10.810065248Z 		at io.netty.channel.epoll.EpollIoHandler.processReady(EpollIoHandler.java:515)
api-gateway-1  | 2026-09-23T08:29:10.810068935Z 		at io.netty.channel.epoll.EpollIoHandler.run(EpollIoHandler.java:460)
api-gateway-1  | 2026-09-23T08:29:10.810071580Z 		at io.netty.channel.SingleThreadIoEventLoop.runIo(SingleThreadIoEventLoop.java:225)
api-gateway-1  | 2026-09-23T08:29:10.810074215Z 		at io.netty.channel.SingleThreadIoEventLoop.run(SingleThreadIoEventLoop.java:196)
api-gateway-1  | 2026-09-23T08:29:10.810078253Z 		at io.netty.util.concurrent.SingleThreadEventExecutor$5.run(SingleThreadEventExecutor.java:1195)
api-gateway-1  | 2026-09-23T08:29:10.810082411Z 		at io.netty.util.internal.ThreadExecutorMap$2.run(ThreadExecutorMap.java:74)
api-gateway-1  | 2026-09-23T08:29:10.810085758Z 		at io.netty.util.concurrent.FastThreadLocalRunnable.run(FastThreadLocalRunnable.java:30)
api-gateway-1  | 2026-09-23T08:29:10.810088423Z 		at java.base/java.lang.Thread.run(Thread.java:840)
api-gateway-1  | 2026-09-23T08:29:10.810091028Z 
api-gateway-1  | 2026-09-23T08:29:10.813286801Z 2026-09-23T08:29:10.812Z  WARN 1 --- [api-gateway] [or-http-epoll-9] [                                                 ] i.m.o.c.ObservationThreadLocalAccessor   : There is no current scope in thread local. This situation should not happen
api-gateway-1  | 2026-09-23T08:29:10.813726554Z 2026-09-23T08:29:10.813Z  WARN 1 --- [api-gateway] [or-http-epoll-9] [                                                 ] i.m.o.c.ObservationThreadLocalAccessor   : Observation <{name=http.server.requests(http get /api/gateway/owners/{ownerId}), error=org.springframework.web.reactive.function.client.WebClientResponseException$ServiceUnavailable: 503 Service Unavailable from UNKNOWN , context=name='http.server.requests', contextualName='http get /api/gateway/owners/{ownerId}', error='org.springframework.web.reactive.function.client.WebClientResponseException$ServiceUnavailable: 503 Service Unavailable from UNKNOWN ', lowCardinalityKeyValues=[exception='ServiceUnavailable', method='GET', outcome='SERVER_ERROR', status='500', uri='/api/gateway/owners/{ownerId}'], highCardinalityKeyValues=[http.url='/api/gateway/owners/6'], map=[class io.micrometer.tracing.handler.TracingObservationHandler$TracingContext='TracingContext{span=6ab38dd667c8ab9a97e0dc979d3fa18d/97e0dc979d3fa18d}', class io.micrometer.core.instrument.LongTaskTimer$Sample='SampleImpl{duration(seconds)=-1.0E-9, duration(nanos)=-1.0, startTimeNanos=1630139094328}', class io.micrometer.core.instrument.Timer$Sample='io.micrometer.core.instrument.Timer$Sample@2e694232'], parentObservation=null}> to which we're restoring is not the same as the one set as this scope's parent observation <null>. Most likely a manually created Observation has a scope opened that was never closed. This may lead to thread polluting and memory leaks.
api-gateway-1  | 2026-09-23T08:29:13.831034159Z 2026-09-23T08:29:13.830Z  WARN 1 --- [api-gateway] [r-http-epoll-10] [6ab38dd943750a90654fc915e5ce0c4c-654fc915e5ce0c4c] i.m.o.c.ObservationThreadLocalAccessor   : Observation <{name=http.server.requests(null), error=null, context=name='http.server.requests', contextualName='null', error='null', lowCardinalityKeyValues=[exception='none', method='GET', outcome='SUCCESS', status='200', uri='UNKNOWN'], highCardinalityKeyValues=[http.url='/api/gateway/owners/6'], map=[class io.micrometer.tracing.handler.TracingObservationHandler$TracingContext='TracingContext{span=6ab38dd943750a90654fc915e5ce0c4c/654fc915e5ce0c4c}', class io.micrometer.core.instrument.LongTaskTimer$Sample='SampleImpl{duration(seconds)=0.002302288, duration(nanos)=2302288.0, startTimeNanos=1633166980786}', class io.micrometer.core.instrument.Timer$Sample='io.micrometer.core.instrument.Timer$Sample@11b5d9a8'], parentObservation=null}> to which we're restoring is not the same as the one set as this scope's parent observation <null>. Most likely a manually created Observation has a scope opened that was never closed. This may lead to thread polluting and memory leaks.
api-gateway-1  | 2026-09-23T08:29:13.832484558Z 2026-09-23T08:29:13.832Z  WARN 1 --- [api-gateway] [r-http-epoll-10] [                                                 ] o.s.c.l.core.RoundRobinLoadBalancer      : No servers available for service: customers-service
api-gateway-1  | 2026-09-23T08:29:13.832500499Z 2026-09-23T08:29:13.832Z  WARN 1 --- [api-gateway] [r-http-epoll-10] [                                                 ] eactorLoadBalancerExchangeFilterFunction : LoadBalancer does not contain an instance for the service customers-service
api-gateway-1  | 2026-09-23T08:29:13.835549819Z 2026-09-23T08:29:13.834Z ERROR 1 --- [api-gateway] [r-http-epoll-10] [6ab38dd943750a90654fc915e5ce0c4c-654fc915e5ce0c4c] b.w.a.e.AbstractErrorWebExceptionHandler : [0452e307-9]  500 Server Error for HTTP GET "/api/gateway/owners/6"
api-gateway-1  | 2026-09-23T08:29:13.835581983Z 
api-gateway-1  | 2026-09-23T08:29:13.835585810Z org.springframework.web.reactive.function.client.WebClientResponseException$ServiceUnavailable: 503 Service Unavailable from UNKNOWN 
api-gateway-1  | 2026-09-23T08:29:13.835588826Z 	at org.springframework.web.reactive.function.client.WebClientResponseException.create(WebClientResponseException.java:322)
api-gateway-1  | 2026-09-23T08:29:13.835592203Z 	Suppressed: The stacktrace has been enhanced by Reactor, refer to additional information below: 
api-gateway-1  | 2026-09-23T08:29:13.835594998Z Error has been observed at the following site(s):
api-gateway-1  | 2026-09-23T08:29:13.835600479Z 	*__checkpoint ⇢ 503 SERVICE_UNAVAILABLE from GET http://customers-service/owners/6 [DefaultWebClient]
api-gateway-1  | 2026-09-23T08:29:13.835603976Z 	*__checkpoint ⇢ Handler org.springframework.samples.petclinic.api.boundary.web.ApiGatewayController#getOwnerDetails(int) [DispatcherHandler]
api-gateway-1  | 2026-09-23T08:29:13.835606882Z 	*__checkpoint ⇢ org.springframework.cloud.gateway.filter.WeightCalculatorWebFilter@7abcc0da
api-gateway-1  | 2026-09-23T08:29:13.835609577Z 	*__checkpoint ⇢ HTTP GET "/api/gateway/owners/6" [ExceptionHandlingWebHandler]
api-gateway-1  | 2026-09-23T08:29:13.835612373Z Original Stack Trace:
api-gateway-1  | 2026-09-23T08:29:13.835614958Z 		at org.springframework.web.reactive.function.client.WebClientResponseException.create(WebClientResponseException.java:322)
api-gateway-1  | 2026-09-23T08:29:13.835617763Z 		at org.springframework.web.reactive.function.client.DefaultClientResponse.lambda$createException$1(DefaultClientResponse.java:214)
api-gateway-1  | 2026-09-23T08:29:13.835634767Z 		at reactor.core.publisher.FluxMap$MapSubscriber.onNext(FluxMap.java:106)
api-gateway-1  | 2026-09-23T08:29:13.835637592Z 		at reactor.core.publisher.FluxOnErrorReturn$ReturnSubscriber.onNext(FluxOnErrorReturn.java:159)
api-gateway-1  | 2026-09-23T08:29:13.835640248Z 		at reactor.core.publisher.FluxDefaultIfEmpty$DefaultIfEmptySubscriber.onNext(FluxDefaultIfEmpty.java:123)
api-gateway-1  | 2026-09-23T08:29:13.835642933Z 		at reactor.core.publisher.FluxMapFuseable$MapFuseableSubscriber.onNext(FluxMapFuseable.java:130)
api-gateway-1  | 2026-09-23T08:29:13.835645608Z 		at reactor.core.publisher.FluxContextWrite$ContextWriteSubscriber.onNext(FluxContextWrite.java:109)
api-gateway-1  | 2026-09-23T08:29:13.835648273Z 		at reactor.core.publisher.FluxMapFuseable$MapFuseableConditionalSubscriber.onNext(FluxMapFuseable.java:300)
api-gateway-1  | 2026-09-23T08:29:13.835652141Z 		at reactor.core.publisher.FluxFilterFuseable$FilterFuseableConditionalSubscriber.onNext(FluxFilterFuseable.java:338)
api-gateway-1  | 2026-09-23T08:29:13.835654937Z 		at reactor.core.publisher.Operators$BaseFluxToMonoOperator.completePossiblyEmpty(Operators.java:2093)
api-gateway-1  | 2026-09-23T08:29:13.835657632Z 		at reactor.core.publisher.MonoCollect$CollectSubscriber.onComplete(MonoCollect.java:144)
api-gateway-1  | 2026-09-23T08:29:13.835660337Z 		at reactor.core.publisher.FluxMapFuseable$MapFuseableSubscriber.onComplete(FluxMapFuseable.java:153)
api-gateway-1  | 2026-09-23T08:29:13.835662982Z 		at reactor.core.publisher.Operators$ScalarSubscription.request(Operators.java:2567)
api-gateway-1  | 2026-09-23T08:29:13.835665668Z 		at reactor.core.publisher.FluxMapFuseable$MapFuseableSubscriber.request(FluxMapFuseable.java:172)
api-gateway-1  | 2026-09-23T08:29:13.835668313Z 		at reactor.core.publisher.Operators$BaseFluxToMonoOperator.request(Operators.java:2063)
api-gateway-1  | 2026-09-23T08:29:13.835670928Z 		at reactor.core.publisher.FluxFilterFuseable$FilterFuseableConditionalSubscriber.request(FluxFilterFuseable.java:411)
api-gateway-1  | 2026-09-23T08:29:13.835673583Z 		at reactor.core.publisher.FluxMapFuseable$MapFuseableConditionalSubscriber.request(FluxMapFuseable.java:361)
api-gateway-1  | 2026-09-23T08:29:13.835676229Z 		at reactor.core.publisher.FluxContextWrite$ContextWriteSubscriber.request(FluxContextWrite.java:138)
api-gateway-1  | 2026-09-23T08:29:13.835678874Z 		at reactor.core.publisher.FluxMapFuseable$MapFuseableSubscriber.request(FluxMapFuseable.java:172)
api-gateway-1  | 2026-09-23T08:29:13.835681519Z 		at reactor.core.publisher.FluxDefaultIfEmpty$DefaultIfEmptySubscriber.request(FluxDefaultIfEmpty.java:99)
api-gateway-1  | 2026-09-23T08:29:13.835684164Z 		at reactor.core.publisher.FluxOnErrorReturn$ReturnSubscriber.request(FluxOnErrorReturn.java:150)
api-gateway-1  | 2026-09-23T08:29:13.835686809Z 		at reactor.core.publisher.FluxMap$MapSubscriber.request(FluxMap.java:163)
api-gateway-1  | 2026-09-23T08:29:13.835689425Z 		at reactor.core.publisher.MonoFlatMap$FlatMapMain.request(MonoFlatMap.java:195)
api-gateway-1  | 2026-09-23T08:29:13.835692060Z 		at reactor.core.publisher.Operators$MultiSubscriptionSubscriber.set(Operators.java:2361)
api-gateway-1  | 2026-09-23T08:29:13.835694705Z 		at reactor.core.publisher.FluxOnErrorResume$ResumeSubscriber.onSubscribe(FluxOnErrorResume.java:75)
api-gateway-1  | 2026-09-23T08:29:13.835703402Z 		at reactor.core.publisher.MonoFlatMap$FlatMapMain.onSubscribe(MonoFlatMap.java:118)
api-gateway-1  | 2026-09-23T08:29:13.835706178Z 		at reactor.core.publisher.FluxMap$MapSubscriber.onSubscribe(FluxMap.java:92)
api-gateway-1  | 2026-09-23T08:29:13.835708813Z 		at reactor.core.publisher.FluxOnErrorReturn$ReturnSubscriber.onSubscribe(FluxOnErrorReturn.java:92)
api-gateway-1  | 2026-09-23T08:29:13.835711478Z 		at reactor.core.publisher.Operators$BaseFluxToMonoOperator.onSubscribe(Operators.java:2047)
api-gateway-1  | 2026-09-23T08:29:13.835714173Z 		at reactor.core.publisher.FluxMapFuseable$MapFuseableSubscriber.onSubscribe(FluxMapFuseable.java:96)
api-gateway-1  | 2026-09-23T08:29:13.835717039Z 		at reactor.core.publisher.FluxContextWrite$ContextWriteSubscriber.onSubscribe(FluxContextWrite.java:103)
api-gateway-1  | 2026-09-23T08:29:13.835719724Z 		at reactor.core.publisher.FluxMapFuseable$MapFuseableConditionalSubscriber.onSubscribe(FluxMapFuseable.java:265)
api-gateway-1  | 2026-09-23T08:29:13.835722369Z 		at reactor.core.publisher.FluxFilterFuseable$FilterFuseableConditionalSubscriber.onSubscribe(FluxFilterFuseable.java:305)
api-gateway-1  | 2026-09-23T08:29:13.835725165Z 		at reactor.core.publisher.Operators$BaseFluxToMonoOperator.onSubscribe(Operators.java:2047)
api-gateway-1  | 2026-09-23T08:29:13.835727810Z 		at reactor.core.publisher.FluxMapFuseable$MapFuseableSubscriber.onSubscribe(FluxMapFuseable.java:96)
api-gateway-1  | 2026-09-23T08:29:13.835730526Z 		at reactor.core.publisher.FluxJust.subscribe(FluxJust.java:69)
api-gateway-1  | 2026-09-23T08:29:13.835733151Z 		at reactor.core.publisher.InternalMonoOperator.subscribe(InternalMonoOperator.java:75)
api-gateway-1  | 2026-09-23T08:29:13.835735786Z 		at reactor.core.publisher.MonoFlatMap$FlatMapMain.onNext(MonoFlatMap.java:166)
api-gateway-1  | 2026-09-23T08:29:13.835738451Z 		at reactor.core.publisher.MonoContextWriteRestoringThreadLocals$ContextWriteRestoringThreadLocalsSubscriber.onNext(MonoContextWriteRestoringThreadLocals.java:111)
api-gateway-1  | 2026-09-23T08:29:13.835741197Z 		at reactor.core.publisher.FluxDoFinally$DoFinallySubscriber.onNext(FluxDoFinally.java:113)
api-gateway-1  | 2026-09-23T08:29:13.835743862Z 		at reactor.core.publisher.MonoPeekTerminal$MonoTerminalPeekSubscriber.onNext(MonoPeekTerminal.java:184)
api-gateway-1  | 2026-09-23T08:29:13.835746547Z 		at reactor.core.publisher.FluxPeekFuseable$PeekConditionalSubscriber.onNext(FluxPeekFuseable.java:850)
api-gateway-1  | 2026-09-23T08:29:13.835749232Z 		at reactor.core.publisher.FluxSwitchIfEmpty$SwitchIfEmptySubscriber.onNext(FluxSwitchIfEmpty.java:75)
api-gateway-1  | 2026-09-23T08:29:13.835751918Z 		at reactor.core.publisher.MonoFlatMap$FlatMapMain.onNext(MonoFlatMap.java:159)
api-gateway-1  | 2026-09-23T08:29:13.835754553Z 		at reactor.core.publisher.FluxMap$MapSubscriber.onNext(FluxMap.java:122)
api-gateway-1  | 2026-09-23T08:29:13.835757188Z 		at reactor.core.publisher.MonoNext$NextSubscriber.onNext(MonoNext.java:83)
api-gateway-1  | 2026-09-23T08:29:13.835759823Z 		at reactor.core.publisher.FluxDematerialize$DematerializeSubscriber.onNext(FluxDematerialize.java:102)
api-gateway-1  | 2026-09-23T08:29:13.835762499Z 		at reactor.core.publisher.FluxDematerialize$DematerializeSubscriber.onNext(FluxDematerialize.java:44)
api-gateway-1  | 2026-09-23T08:29:13.839853954Z 		at reactor.core.publisher.FluxFlattenIterable$FlattenIterableSubscriber.drainAsync(FluxFlattenIterable.java:455)
api-gateway-1  | 2026-09-23T08:29:13.839885837Z 		at reactor.core.publisher.FluxFlattenIterable$FlattenIterableSubscriber.drain(FluxFlattenIterable.java:726)
api-gateway-1  | 2026-09-23T08:29:13.839895105Z 		at reactor.core.publisher.FluxFlattenIterable$FlattenIterableSubscriber.onNext(FluxFlattenIterable.java:258)
api-gateway-1  | 2026-09-23T08:29:13.839898933Z 		at reactor.core.publisher.FluxSwitchIfEmpty$SwitchIfEmptySubscriber.onNext(FluxSwitchIfEmpty.java:75)
api-gateway-1  | 2026-09-23T08:29:13.839902640Z 		at reactor.core.publisher.MonoFlatMap$FlatMapMain.secondComplete(MonoFlatMap.java:246)
api-gateway-1  | 2026-09-23T08:29:13.839906768Z 		at reactor.core.publisher.MonoFlatMap$FlatMapInner.onNext(MonoFlatMap.java:307)
api-gateway-1  | 2026-09-23T08:29:13.839911507Z 		at reactor.core.publisher.MonoIgnoreThen$ThenIgnoreMain.complete(MonoIgnoreThen.java:297)
api-gateway-1  | 2026-09-23T08:29:13.839915966Z 		at reactor.core.publisher.MonoIgnoreThen$ThenIgnoreMain.onNext(MonoIgnoreThen.java:191)
api-gateway-1  | 2026-09-23T08:29:13.839919884Z 		at reactor.core.publisher.MonoIgnoreThen$ThenIgnoreMain.subscribeNext(MonoIgnoreThen.java:240)
api-gateway-1  | 2026-09-23T08:29:13.839923992Z 		at reactor.core.publisher.MonoIgnoreThen$ThenIgnoreMain.onComplete(MonoIgnoreThen.java:207)
api-gateway-1  | 2026-09-23T08:29:13.839927830Z 		at reactor.core.publisher.MonoIgnoreElements$IgnoreElementsSubscriber.onComplete(MonoIgnoreElements.java:89)
api-gateway-1  | 2026-09-23T08:29:13.839931687Z 		at reactor.core.publisher.FluxPeek$PeekSubscriber.onComplete(FluxPeek.java:263)
api-gateway-1  | 2026-09-23T08:29:13.839935845Z 		at reactor.core.publisher.FluxDematerialize$DematerializeSubscriber.onComplete(FluxDematerialize.java:125)
api-gateway-1  | 2026-09-23T08:29:13.839940034Z 		at reactor.core.publisher.FluxDematerialize$DematerializeSubscriber.onNext(FluxDematerialize.java:91)
api-gateway-1  | 2026-09-23T08:29:13.839944753Z 		at reactor.core.publisher.FluxDematerialize$DematerializeSubscriber.onNext(FluxDematerialize.java:44)
api-gateway-1  | 2026-09-23T08:29:13.839949122Z 		at reactor.core.publisher.FluxIterable$IterableSubscription.fastPath(FluxIterable.java:402)
api-gateway-1  | 2026-09-23T08:29:13.839952719Z 		at reactor.core.publisher.FluxIterable$IterableSubscription.request(FluxIterable.java:291)
api-gateway-1  | 2026-09-23T08:29:13.839957197Z 		at reactor.core.publisher.FluxDematerialize$DematerializeSubscriber.request(FluxDematerialize.java:131)
api-gateway-1  | 2026-09-23T08:29:13.839961045Z 		at reactor.core.publisher.FluxPeek$PeekSubscriber.request(FluxPeek.java:141)
api-gateway-1  | 2026-09-23T08:29:13.839964452Z 		at reactor.core.publisher.MonoIgnoreElements$IgnoreElementsSubscriber.onSubscribe(MonoIgnoreElements.java:72)
api-gateway-1  | 2026-09-23T08:29:13.839967859Z 		at reactor.core.publisher.FluxPeek$PeekSubscriber.onSubscribe(FluxPeek.java:174)
api-gateway-1  | 2026-09-23T08:29:13.839971135Z 		at reactor.core.publisher.FluxDematerialize$DematerializeSubscriber.onSubscribe(FluxDematerialize.java:77)
api-gateway-1  | 2026-09-23T08:29:13.839974532Z 		at reactor.core.publisher.FluxIterable.subscribe(FluxIterable.java:200)
api-gateway-1  | 2026-09-23T08:29:13.839997186Z 		at reactor.core.publisher.FluxIterable.subscribe(FluxIterable.java:82)
api-gateway-1  | 2026-09-23T08:29:13.840001375Z 		at reactor.core.publisher.Mono.subscribe(Mono.java:4569)
api-gateway-1  | 2026-09-23T08:29:13.840005543Z 		at reactor.core.publisher.MonoIgnoreThen$ThenIgnoreMain.subscribeNext(MonoIgnoreThen.java:268)
api-gateway-1  | 2026-09-23T08:29:13.840009851Z 		at reactor.core.publisher.MonoIgnoreThen.subscribe(MonoIgnoreThen.java:51)
api-gateway-1  | 2026-09-23T08:29:13.840013889Z 		at reactor.core.publisher.MonoFlatMap$FlatMapMain.onNext(MonoFlatMap.java:166)
api-gateway-1  | 2026-09-23T08:29:13.840018258Z 		at reactor.core.publisher.Operators$BaseFluxToMonoOperator.completePossiblyEmpty(Operators.java:2093)
api-gateway-1  | 2026-09-23T08:29:13.840021945Z 		at reactor.core.publisher.MonoCollectList$MonoCollectListSubscriber.onComplete(MonoCollectList.java:117)
api-gateway-1  | 2026-09-23T08:29:13.840025743Z 		at reactor.core.publisher.DrainUtils.postCompleteDrain(DrainUtils.java:132)
api-gateway-1  | 2026-09-23T08:29:13.840029370Z 		at reactor.core.publisher.DrainUtils.postComplete(DrainUtils.java:187)
api-gateway-1  | 2026-09-23T08:29:13.840032917Z 		at reactor.core.publisher.FluxMaterialize$MaterializeSubscriber.onComplete(FluxMaterialize.java:141)
api-gateway-1  | 2026-09-23T08:29:13.840037085Z 		at reactor.core.publisher.FluxLimitRequest$FluxLimitRequestSubscriber.onNext(FluxLimitRequest.java:104)
api-gateway-1  | 2026-09-23T08:29:13.840041223Z 		at reactor.core.publisher.FluxOnErrorResume$ResumeSubscriber.onNext(FluxOnErrorResume.java:80)
api-gateway-1  | 2026-09-23T08:29:13.840045231Z 		at reactor.core.publisher.SerializedSubscriber.onNext(SerializedSubscriber.java:100)
api-gateway-1  | 2026-09-23T08:29:13.840049269Z 		at reactor.core.publisher.FluxTimeout$TimeoutMainSubscriber.onNext(FluxTimeout.java:182)
api-gateway-1  | 2026-09-23T08:29:13.840053317Z 		at reactor.core.publisher.Operators$BaseFluxToMonoOperator.completePossiblyEmpty(Operators.java:2093)
api-gateway-1  | 2026-09-23T08:29:13.840057144Z 		at reactor.core.publisher.MonoCollectList$MonoCollectListSubscriber.onComplete(MonoCollectList.java:117)
api-gateway-1  | 2026-09-23T08:29:13.840061012Z 		at reactor.core.publisher.FluxContextWriteRestoringThreadLocals$ContextWriteRestoringThreadLocalsSubscriber.onComplete(FluxContextWriteRestoringThreadLocals.java:150)
api-gateway-1  | 2026-09-23T08:29:13.840065110Z 		at org.springframework.cloud.commons.publisher.FluxFirstNonEmptyEmitting$FirstNonEmptyEmittingSubscriber.onComplete(FluxFirstNonEmptyEmitting.java:325)
api-gateway-1  | 2026-09-23T08:29:13.840069218Z 		at reactor.core.publisher.Operators.complete(Operators.java:137)
api-gateway-1  | 2026-09-23T08:29:13.840073036Z 		at reactor.core.publisher.FluxIterable.subscribe(FluxIterable.java:143)
api-gateway-1  | 2026-09-23T08:29:13.840076964Z 		at reactor.core.publisher.FluxIterable.subscribe(FluxIterable.java:82)
api-gateway-1  | 2026-09-23T08:29:13.840080681Z 		at reactor.core.publisher.Flux.subscribe(Flux.java:8888)
api-gateway-1  | 2026-09-23T08:29:13.840085210Z 		at org.springframework.cloud.commons.publisher.FluxFirstNonEmptyEmitting$RaceCoordinator.subscribe(FluxFirstNonEmptyEmitting.java:203)
api-gateway-1  | 2026-09-23T08:29:13.840089188Z 		at org.springframework.cloud.commons.publisher.FluxFirstNonEmptyEmitting.subscribe(FluxFirstNonEmptyEmitting.java:128)
api-gateway-1  | 2026-09-23T08:29:13.840101001Z 		at reactor.core.publisher.InternalFluxOperator.subscribe(InternalFluxOperator.java:67)
api-gateway-1  | 2026-09-23T08:29:13.840105199Z 		at reactor.core.publisher.FluxDefer.subscribe(FluxDefer.java:55)
api-gateway-1  | 2026-09-23T08:29:13.840109117Z 		at reactor.core.publisher.InternalFluxOperator.subscribe(InternalFluxOperator.java:67)
api-gateway-1  | 2026-09-23T08:29:13.840113195Z 		at reactor.core.publisher.FluxDefer.subscribe(FluxDefer.java:55)
api-gateway-1  | 2026-09-23T08:29:13.840117012Z 		at reactor.core.publisher.Mono.subscribe(Mono.java:4569)
api-gateway-1  | 2026-09-23T08:29:13.840120950Z 		at reactor.core.publisher.FluxSwitchIfEmpty$SwitchIfEmptySubscriber.onComplete(FluxSwitchIfEmpty.java:83)
api-gateway-1  | 2026-09-23T08:29:13.840124918Z 		at reactor.core.publisher.Operators.complete(Operators.java:137)
api-gateway-1  | 2026-09-23T08:29:13.840128685Z 		at reactor.core.publisher.MonoEmpty.subscribe(MonoEmpty.java:46)
api-gateway-1  | 2026-09-23T08:29:13.840132613Z 		at reactor.core.publisher.InternalFluxOperator.subscribe(InternalFluxOperator.java:67)
api-gateway-1  | 2026-09-23T08:29:13.840136190Z 		at reactor.core.publisher.FluxDefer.subscribe(FluxDefer.java:55)
api-gateway-1  | 2026-09-23T08:29:13.840139687Z 		at reactor.core.publisher.InternalMonoOperator.subscribe(InternalMonoOperator.java:75)
api-gateway-1  | 2026-09-23T08:29:13.840143154Z 		at reactor.core.publisher.MonoDefer.subscribe(MonoDefer.java:54)
api-gateway-1  | 2026-09-23T08:29:13.840146390Z 		at reactor.core.publisher.InternalMonoOperator.subscribe(InternalMonoOperator.java:75)
api-gateway-1  | 2026-09-23T08:29:13.840149957Z 		at reactor.core.publisher.MonoContextWriteRestoringThreadLocals.subscribe(MonoContextWriteRestoringThreadLocals.java:44)
api-gateway-1  | 2026-09-23T08:29:13.840153364Z 		at reactor.core.publisher.MonoDeferContextual.subscribe(MonoDeferContextual.java:56)
api-gateway-1  | 2026-09-23T08:29:13.840156641Z 		at reactor.core.publisher.FluxFromMonoOperator.subscribe(FluxFromMonoOperator.java:83)
api-gateway-1  | 2026-09-23T08:29:13.840160368Z 		at reactor.core.publisher.FluxDeferContextual.subscribe(FluxDeferContextual.java:58)
api-gateway-1  | 2026-09-23T08:29:13.840163855Z 		at reactor.core.publisher.InternalMonoOperator.subscribe(InternalMonoOperator.java:75)
api-gateway-1  | 2026-09-23T08:29:13.840167342Z 		at reactor.core.publisher.MonoFlatMap$FlatMapMain.onNext(MonoFlatMap.java:166)
api-gateway-1  | 2026-09-23T08:29:13.840170829Z 		at reactor.core.publisher.FluxOnErrorResume$ResumeSubscriber.onNext(FluxOnErrorResume.java:80)
api-gateway-1  | 2026-09-23T08:29:13.840174606Z 		at reactor.core.publisher.FluxOnErrorResume$ResumeSubscriber.onNext(FluxOnErrorResume.java:80)
api-gateway-1  | 2026-09-23T08:29:13.840178474Z 		at reactor.core.publisher.FluxPeek$PeekSubscriber.onNext(FluxPeek.java:203)
api-gateway-1  | 2026-09-23T08:29:13.840182451Z 		at reactor.core.publisher.MonoIgnoreThen$ThenIgnoreMain.complete(MonoIgnoreThen.java:297)
api-gateway-1  | 2026-09-23T08:29:13.840185928Z 		at reactor.core.publisher.MonoIgnoreThen$ThenIgnoreMain.onNext(MonoIgnoreThen.java:191)
api-gateway-1  | 2026-09-23T08:29:13.840189135Z 		at reactor.core.publisher.MonoFlatMap$FlatMapMain.onNext(MonoFlatMap.java:159)
api-gateway-1  | 2026-09-23T08:29:13.840198703Z 		at reactor.core.publisher.MonoZip$ZipCoordinator.signal(MonoZip.java:296)
api-gateway-1  | 2026-09-23T08:29:13.840201960Z 		at reactor.core.publisher.MonoZip$ZipInner.onNext(MonoZip.java:480)
api-gateway-1  | 2026-09-23T08:29:13.840205116Z 		at reactor.core.publisher.MonoPeekTerminal$MonoTerminalPeekSubscriber.onNext(MonoPeekTerminal.java:184)
api-gateway-1  | 2026-09-23T08:29:13.840208342Z 		at reactor.core.publisher.FluxDefaultIfEmpty$DefaultIfEmptySubscriber.onNext(FluxDefaultIfEmpty.java:123)
api-gateway-1  | 2026-09-23T08:29:13.840211559Z 		at reactor.core.publisher.FluxSwitchIfEmpty$SwitchIfEmptySubscriber.onNext(FluxSwitchIfEmpty.java:75)
api-gateway-1  | 2026-09-23T08:29:13.840214835Z 		at reactor.core.publisher.Operators$ScalarSubscription.request(Operators.java:2565)
api-gateway-1  | 2026-09-23T08:29:13.840218052Z 		at reactor.core.publisher.Operators$MultiSubscriptionSubscriber.set(Operators.java:2361)
api-gateway-1  | 2026-09-23T08:29:13.840221258Z 		at reactor.core.publisher.Operators$MultiSubscriptionSubscriber.onSubscribe(Operators.java:2235)
api-gateway-1  | 2026-09-23T08:29:13.840224474Z 		at reactor.core.publisher.FluxFlatMap.trySubscribeScalarMap(FluxFlatMap.java:193)
api-gateway-1  | 2026-09-23T08:29:13.840227661Z 		at reactor.core.publisher.MonoFlatMap.subscribeOrReturn(MonoFlatMap.java:53)
api-gateway-1  | 2026-09-23T08:29:13.840230807Z 		at reactor.core.publisher.InternalMonoOperator.subscribe(InternalMonoOperator.java:62)
api-gateway-1  | 2026-09-23T08:29:13.840234053Z 		at reactor.core.publisher.MonoZip$ZipCoordinator.request(MonoZip.java:219)
api-gateway-1  | 2026-09-23T08:29:13.840237290Z 		at reactor.core.publisher.MonoFlatMap$FlatMapMain.request(MonoFlatMap.java:195)
api-gateway-1  | 2026-09-23T08:29:13.840240536Z 		at reactor.core.publisher.MonoIgnoreThen$ThenIgnoreMain.onSubscribe(MonoIgnoreThen.java:135)
api-gateway-1  | 2026-09-23T08:29:13.840243722Z 		at reactor.core.publisher.MonoFlatMap$FlatMapMain.onSubscribe(MonoFlatMap.java:118)
api-gateway-1  | 2026-09-23T08:29:13.840247009Z 		at reactor.core.publisher.MonoZip.subscribe(MonoZip.java:129)
api-gateway-1  | 2026-09-23T08:29:13.840250235Z 		at reactor.core.publisher.InternalMonoOperator.subscribe(InternalMonoOperator.java:75)
api-gateway-1  | 2026-09-23T08:29:13.840253401Z 		at reactor.core.publisher.MonoDefer.subscribe(MonoDefer.java:54)
api-gateway-1  | 2026-09-23T08:29:13.840256778Z 		at reactor.core.publisher.MonoIgnoreThen$ThenIgnoreMain.subscribeNext(MonoIgnoreThen.java:244)
api-gateway-1  | 2026-09-23T08:29:13.840260245Z 		at reactor.core.publisher.MonoIgnoreThen$ThenIgnoreMain.onComplete(MonoIgnoreThen.java:207)
api-gateway-1  | 2026-09-23T08:29:13.840265275Z 		at reactor.core.publisher.MonoFlatMap$FlatMapMain.onComplete(MonoFlatMap.java:190)
api-gateway-1  | 2026-09-23T08:29:13.840268932Z 		at reactor.core.publisher.Operators.complete(Operators.java:137)
api-gateway-1  | 2026-09-23T08:29:13.840272359Z 		at reactor.core.publisher.MonoZip.subscribe(MonoZip.java:121)
api-gateway-1  | 2026-09-23T08:29:13.840275625Z 		at reactor.core.publisher.Mono.subscribe(Mono.java:4569)
api-gateway-1  | 2026-09-23T08:29:13.840279082Z 		at reactor.core.publisher.MonoIgnoreThen$ThenIgnoreMain.subscribeNext(MonoIgnoreThen.java:268)
api-gateway-1  | 2026-09-23T08:29:13.840417213Z 		at reactor.core.publisher.MonoIgnoreThen.subscribe(MonoIgnoreThen.java:51)
api-gateway-1  | 2026-09-23T08:29:13.840426652Z 		at reactor.core.publisher.InternalMonoOperator.subscribe(InternalMonoOperator.java:75)
api-gateway-1  | 2026-09-23T08:29:13.840431331Z 		at reactor.core.publisher.MonoFlatMap$FlatMapMain.onNext(MonoFlatMap.java:166)
api-gateway-1  | 2026-09-23T08:29:13.840435449Z 		at reactor.core.publisher.FluxOnErrorResume$ResumeSubscriber.onNext(FluxOnErrorResume.java:80)
api-gateway-1  | 2026-09-23T08:29:13.840439928Z 		at reactor.core.publisher.FluxSwitchIfEmpty$SwitchIfEmptySubscriber.onNext(FluxSwitchIfEmpty.java:75)
api-gateway-1  | 2026-09-23T08:29:13.840443795Z 		at reactor.core.publisher.MonoNext$NextSubscriber.onNext(MonoNext.java:83)
api-gateway-1  | 2026-09-23T08:29:13.840446521Z 		at reactor.core.publisher.FluxConcatMapNoPrefetch$FluxConcatMapNoPrefetchSubscriber.innerNext(FluxConcatMapNoPrefetch.java:259)
api-gateway-1  | 2026-09-23T08:29:13.840449356Z 		at reactor.core.publisher.FluxConcatMap$ConcatMapInner.onNext(FluxConcatMap.java:870)
api-gateway-1  | 2026-09-23T08:29:13.840452022Z 		at reactor.core.publisher.FluxMapFuseable$MapFuseableSubscriber.onNext(FluxMapFuseable.java:130)
api-gateway-1  | 2026-09-23T08:29:13.840454697Z 		at reactor.core.publisher.MonoPeekTerminal$MonoTerminalPeekSubscriber.onNext(MonoPeekTerminal.java:184)
api-gateway-1  | 2026-09-23T08:29:13.840457352Z 		at reactor.core.publisher.Operators$ScalarSubscription.request(Operators.java:2565)
api-gateway-1  | 2026-09-23T08:29:13.840459977Z 		at reactor.core.publisher.MonoPeekTerminal$MonoTerminalPeekSubscriber.request(MonoPeekTerminal.java:142)
api-gateway-1  | 2026-09-23T08:29:13.840462793Z 		at reactor.core.publisher.FluxMapFuseable$MapFuseableSubscriber.request(FluxMapFuseable.java:172)
api-gateway-1  | 2026-09-23T08:29:13.840465448Z 		at reactor.core.publisher.Operators$MultiSubscriptionSubscriber.request(Operators.java:2325)
api-gateway-1  | 2026-09-23T08:29:13.840468063Z 		at reactor.core.publisher.FluxConcatMapNoPrefetch$FluxConcatMapNoPrefetchSubscriber.request(FluxConcatMapNoPrefetch.java:339)
api-gateway-1  | 2026-09-23T08:29:13.840470738Z 		at reactor.core.publisher.MonoNext$NextSubscriber.request(MonoNext.java:109)
api-gateway-1  | 2026-09-23T08:29:13.840473344Z 		at reactor.core.publisher.Operators$MultiSubscriptionSubscriber.set(Operators.java:2361)
api-gateway-1  | 2026-09-23T08:29:13.840475999Z 		at reactor.core.publisher.Operators$MultiSubscriptionSubscriber.onSubscribe(Operators.java:2235)
api-gateway-1  | 2026-09-23T08:29:13.840479666Z 		at reactor.core.publisher.MonoNext$NextSubscriber.onSubscribe(MonoNext.java:71)
api-gateway-1  | 2026-09-23T08:29:13.840482361Z 		at reactor.core.publisher.FluxConcatMapNoPrefetch$FluxConcatMapNoPrefetchSubscriber.onSubscribe(FluxConcatMapNoPrefetch.java:164)
api-gateway-1  | 2026-09-23T08:29:13.840485077Z 		at reactor.core.publisher.FluxIterable.subscribe(FluxIterable.java:200)
api-gateway-1  | 2026-09-23T08:29:13.840487672Z 		at reactor.core.publisher.FluxIterable.subscribe(FluxIterable.java:82)
api-gateway-1  | 2026-09-23T08:29:13.840490287Z 		at reactor.core.publisher.InternalMonoOperator.subscribe(InternalMonoOperator.java:75)
api-gateway-1  | 2026-09-23T08:29:13.840499565Z 		at reactor.core.publisher.MonoDefer.subscribe(MonoDefer.java:54)
api-gateway-1  | 2026-09-23T08:29:13.840506058Z 		at reactor.core.publisher.InternalMonoOperator.subscribe(InternalMonoOperator.java:75)
api-gateway-1  | 2026-09-23T08:29:13.840508994Z 		at reactor.core.publisher.MonoDefer.subscribe(MonoDefer.java:54)
api-gateway-1  | 2026-09-23T08:29:13.840511699Z 		at reactor.core.publisher.InternalMonoOperator.subscribe(InternalMonoOperator.java:75)
api-gateway-1  | 2026-09-23T08:29:13.840514384Z 		at reactor.core.publisher.MonoTapRestoringThreadLocals.subscribe(MonoTapRestoringThreadLocals.java:78)
api-gateway-1  | 2026-09-23T08:29:13.840517100Z 		at reactor.core.publisher.Mono.subscribe(Mono.java:4569)
api-gateway-1  | 2026-09-23T08:29:13.840519745Z 		at reactor.core.publisher.MonoIgnoreThen$ThenIgnoreMain.subscribeNext(MonoIgnoreThen.java:268)
api-gateway-1  | 2026-09-23T08:29:13.840522410Z 		at reactor.core.publisher.MonoIgnoreThen.subscribe(MonoIgnoreThen.java:51)
api-gateway-1  | 2026-09-23T08:29:13.840525055Z 		at reactor.core.publisher.InternalMonoOperator.subscribe(InternalMonoOperator.java:75)
api-gateway-1  | 2026-09-23T08:29:13.840527691Z 		at reactor.core.publisher.MonoDeferContextual.subscribe(MonoDeferContextual.java:56)
api-gateway-1  | 2026-09-23T08:29:13.840530336Z 		at reactor.netty.http.server.HttpServer$HttpServerHandle.onStateChange(HttpServer.java:1344)
api-gateway-1  | 2026-09-23T08:29:13.840532981Z 		at reactor.netty.ReactorNetty$CompositeConnectionObserver.onStateChange(ReactorNetty.java:730)
api-gateway-1  | 2026-09-23T08:29:13.840535616Z 		at reactor.netty.transport.ServerTransport$ChildObserver.onStateChange(ServerTransport.java:489)
api-gateway-1  | 2026-09-23T08:29:13.840538352Z 		at reactor.netty.http.server.HttpServerOperations.handleDefaultHttpRequest(HttpServerOperations.java:863)
api-gateway-1  | 2026-09-23T08:29:13.840540997Z 		at reactor.netty.http.server.HttpServerOperations.onInboundNext(HttpServerOperations.java:789)
api-gateway-1  | 2026-09-23T08:29:13.840543632Z 		at reactor.netty.channel.ChannelOperationsHandler.channelRead(ChannelOperationsHandler.java:115)
api-gateway-1  | 2026-09-23T08:29:13.840546267Z 		at io.netty.channel.AbstractChannelHandlerContext.fireChannelRead(AbstractChannelHandlerContext.java:356)
api-gateway-1  | 2026-09-23T08:29:13.840549323Z 		at reactor.netty.http.server.HttpTrafficHandler.channelRead(HttpTrafficHandler.java:283)
api-gateway-1  | 2026-09-23T08:29:13.840552029Z 		at io.netty.channel.AbstractChannelHandlerContext.fireChannelRead(AbstractChannelHandlerContext.java:354)
api-gateway-1  | 2026-09-23T08:29:13.840554734Z 		at io.netty.channel.CombinedChannelDuplexHandler$DelegatingChannelHandlerContext.fireChannelRead(CombinedChannelDuplexHandler.java:434)
api-gateway-1  | 2026-09-23T08:29:13.840557489Z 		at io.netty.handler.codec.ByteToMessageDecoder.fireChannelRead(ByteToMessageDecoder.java:361)
api-gateway-1  | 2026-09-23T08:29:13.840560165Z 		at io.netty.handler.codec.ByteToMessageDecoder.channelRead(ByteToMessageDecoder.java:325)
api-gateway-1  | 2026-09-23T08:29:13.840562810Z 		at io.netty.channel.CombinedChannelDuplexHandler.channelRead(CombinedChannelDuplexHandler.java:249)
api-gateway-1  | 2026-09-23T08:29:13.840565475Z 		at io.netty.channel.AbstractChannelHandlerContext.fireChannelRead(AbstractChannelHandlerContext.java:354)
api-gateway-1  | 2026-09-23T08:29:13.840573000Z 		at io.netty.channel.DefaultChannelPipeline$HeadContext.channelRead(DefaultChannelPipeline.java:1429)
api-gateway-1  | 2026-09-23T08:29:13.840575765Z 		at io.netty.channel.DefaultChannelPipeline.fireChannelRead(DefaultChannelPipeline.java:918)
api-gateway-1  | 2026-09-23T08:29:13.840578391Z 		at io.netty.channel.epoll.AbstractEpollStreamChannel$EpollStreamUnsafe.epollInReady(AbstractEpollStreamChannel.java:804)
api-gateway-1  | 2026-09-23T08:29:13.840581056Z 		at io.netty.channel.epoll.AbstractEpollChannel$AbstractEpollUnsafe.handle(AbstractEpollChannel.java:482)
api-gateway-1  | 2026-09-23T08:29:13.840583711Z 		at io.netty.channel.epoll.EpollIoHandler$DefaultEpollIoRegistration.handle(EpollIoHandler.java:317)
api-gateway-1  | 2026-09-23T08:29:13.840586366Z 		at io.netty.channel.epoll.EpollIoHandler.processReady(EpollIoHandler.java:515)
api-gateway-1  | 2026-09-23T08:29:13.840589032Z 		at io.netty.channel.epoll.EpollIoHandler.run(EpollIoHandler.java:460)
api-gateway-1  | 2026-09-23T08:29:13.840591657Z 		at io.netty.channel.SingleThreadIoEventLoop.runIo(SingleThreadIoEventLoop.java:225)
api-gateway-1  | 2026-09-23T08:29:13.840594282Z 		at io.netty.channel.SingleThreadIoEventLoop.run(SingleThreadIoEventLoop.java:196)
api-gateway-1  | 2026-09-23T08:29:13.840596897Z 		at io.netty.util.concurrent.SingleThreadEventExecutor$5.run(SingleThreadEventExecutor.java:1195)
api-gateway-1  | 2026-09-23T08:29:13.840599532Z 		at io.netty.util.internal.ThreadExecutorMap$2.run(ThreadExecutorMap.java:74)
api-gateway-1  | 2026-09-23T08:29:13.840602147Z 		at io.netty.util.concurrent.FastThreadLocalRunnable.run(FastThreadLocalRunnable.java:30)
api-gateway-1  | 2026-09-23T08:29:13.840604923Z 		at java.base/java.lang.Thread.run(Thread.java:840)
api-gateway-1  | 2026-09-23T08:29:13.840607538Z 
api-gateway-1  | 2026-09-23T08:29:13.840611215Z 2026-09-23T08:29:13.838Z  WARN 1 --- [api-gateway] [r-http-epoll-10] [                                                 ] i.m.o.c.ObservationThreadLocalAccessor   : There is no current scope in thread local. This situation should not happen
api-gateway-1  | 2026-09-23T08:29:13.840614542Z 2026-09-23T08:29:13.838Z  WARN 1 --- [api-gateway] [r-http-epoll-10] [                                                 ] i.m.o.c.ObservationThreadLocalAccessor   : Observation <{name=http.server.requests(http get /api/gateway/owners/{ownerId}), error=org.springframework.web.reactive.function.client.WebClientResponseException$ServiceUnavailable: 503 Service Unavailable from UNKNOWN , context=name='http.server.requests', contextualName='http get /api/gateway/owners/{ownerId}', error='org.springframework.web.reactive.function.client.WebClientResponseException$ServiceUnavailable: 503 Service Unavailable from UNKNOWN ', lowCardinalityKeyValues=[exception='ServiceUnavailable', method='GET', outcome='SERVER_ERROR', status='500', uri='/api/gateway/owners/{ownerId}'], highCardinalityKeyValues=[http.url='/api/gateway/owners/6'], map=[class io.micrometer.tracing.handler.TracingObservationHandler$TracingContext='TracingContext{span=6ab38dd943750a90654fc915e5ce0c4c/654fc915e5ce0c4c}', class io.micrometer.core.instrument.LongTaskTimer$Sample='SampleImpl{duration(seconds)=-1.0E-9, duration(nanos)=-1.0, startTimeNanos=1633166980786}', class io.micrometer.core.instrument.Timer$Sample='io.micrometer.core.instrument.Timer$Sample@11b5d9a8'], parentObservation=null}> to which we're restoring is not the same as the one set as this scope's parent observation <null>. Most likely a manually created Observation has a scope opened that was never closed. This may lead to thread polluting and memory leaks.
api-gateway-1  | 2026-09-23T08:29:15.997680691Z 2026-09-23T08:29:15.997Z  INFO 1 --- [api-gateway] [reshExecutor-%d] [                                                 ] com.netflix.discovery.DiscoveryClient    : Disable delta property : false
api-gateway-1  | 2026-09-23T08:29:15.998493773Z 2026-09-23T08:29:15.997Z  INFO 1 --- [api-gateway] [reshExecutor-%d] [                                                 ] com.netflix.discovery.DiscoveryClient    : Single vip registry refresh property : null
api-gateway-1  | 2026-09-23T08:29:15.998499655Z 2026-09-23T08:29:15.997Z  INFO 1 --- [api-gateway] [reshExecutor-%d] [                                                 ] com.netflix.discovery.DiscoveryClient    : Force full registry fetch : false
api-gateway-1  | 2026-09-23T08:29:15.998503803Z 2026-09-23T08:29:15.997Z  INFO 1 --- [api-gateway] [reshExecutor-%d] [                                                 ] com.netflix.discovery.DiscoveryClient    : Application is null : false
api-gateway-1  | 2026-09-23T08:29:15.998507751Z 2026-09-23T08:29:15.997Z  INFO 1 --- [api-gateway] [reshExecutor-%d] [                                                 ] com.netflix.discovery.DiscoveryClient    : Registered Applications size is zero : true
api-gateway-1  | 2026-09-23T08:29:15.998511689Z 2026-09-23T08:29:15.998Z  INFO 1 --- [api-gateway] [reshExecutor-%d] [                                                 ] com.netflix.discovery.DiscoveryClient    : Application version is -1: false
api-gateway-1  | 2026-09-23T08:29:15.998515586Z 2026-09-23T08:29:15.998Z  INFO 1 --- [api-gateway] [reshExecutor-%d] [                                                 ] com.netflix.discovery.DiscoveryClient    : Getting all instance registry info from the eureka server
api-gateway-1  | 2026-09-23T08:29:16.015218316Z 2026-09-23T08:29:16.014Z  INFO 1 --- [api-gateway] [reshExecutor-%d] [                                                 ] com.netflix.discovery.DiscoveryClient    : The response status is 200
api-gateway-1  | 2026-09-23T08:29:16.861890180Z 2026-09-23T08:29:16.861Z  WARN 1 --- [api-gateway] [r-http-epoll-11] [6ab38ddcb1ec4aa4097f8424b090d7aa-097f8424b090d7aa] i.m.o.c.ObservationThreadLocalAccessor   : Observation <{name=http.server.requests(null), error=null, context=name='http.server.requests', contextualName='null', error='null', lowCardinalityKeyValues=[exception='none', method='GET', outcome='SUCCESS', status='200', uri='UNKNOWN'], highCardinalityKeyValues=[http.url='/api/gateway/owners/6'], map=[class io.micrometer.tracing.handler.TracingObservationHandler$TracingContext='TracingContext{span=6ab38ddcb1ec4aa4097f8424b090d7aa/097f8424b090d7aa}', class io.micrometer.core.instrument.LongTaskTimer$Sample='SampleImpl{duration(seconds)=0.00295809, duration(nanos)=2958090.0, startTimeNanos=1636196873603}', class io.micrometer.core.instrument.Timer$Sample='io.micrometer.core.instrument.Timer$Sample@28fa2fab'], parentObservation=null}> to which we're restoring is not the same as the one set as this scope's parent observation <null>. Most likely a manually created Observation has a scope opened that was never closed. This may lead to thread polluting and memory leaks.
api-gateway-1  | 2026-09-23T08:29:16.973209633Z 2026-09-23T08:29:16.972Z  WARN 1 --- [api-gateway] [r-http-epoll-11] [                                                 ] i.m.o.c.ObservationThreadLocalAccessor   : There is no current scope in thread local. This situation should not happen
api-gateway-1  | 2026-09-23T08:29:16.973795570Z 2026-09-23T08:29:16.973Z  WARN 1 --- [api-gateway] [r-http-epoll-11] [                                                 ] i.m.o.c.ObservationThreadLocalAccessor   : Observation <{name=http.server.requests(null), error=null, context=name='http.server.requests', contextualName='null', error='null', lowCardinalityKeyValues=[exception='none', method='GET', outcome='SUCCESS', status='200', uri='UNKNOWN'], highCardinalityKeyValues=[http.url='/api/gateway/owners/6'], map=[class io.micrometer.tracing.handler.TracingObservationHandler$TracingContext='TracingContext{span=6ab38ddcb1ec4aa4097f8424b090d7aa/097f8424b090d7aa}', class io.micrometer.core.instrument.LongTaskTimer$Sample='SampleImpl{duration(seconds)=0.115171271, duration(nanos)=1.15171271E8, startTimeNanos=1636196873603}', class io.micrometer.core.instrument.Timer$Sample='io.micrometer.core.instrument.Timer$Sample@28fa2fab'], parentObservation=null}> to which we're restoring is not the same as the one set as this scope's parent observation <null>. Most likely a manually created Observation has a scope opened that was never closed. This may lead to thread polluting and memory leaks.
api-gateway-1  | 2026-09-23T08:29:17.088019227Z 2026-09-23T08:29:17.087Z  WARN 1 --- [api-gateway] [r-http-epoll-11] [6ab38ddcb1ec4aa4097f8424b090d7aa-097f8424b090d7aa] i.m.o.c.ObservationThreadLocalAccessor   : Observation <{name=http.server.requests(null), error=null, context=name='http.server.requests', contextualName='null', error='null', lowCardinalityKeyValues=[exception='none', method='GET', outcome='SUCCESS', status='200', uri='UNKNOWN'], highCardinalityKeyValues=[http.url='/api/gateway/owners/6'], map=[class io.micrometer.tracing.handler.TracingObservationHandler$TracingContext='TracingContext{span=6ab38ddcb1ec4aa4097f8424b090d7aa/097f8424b090d7aa}', class io.micrometer.core.instrument.LongTaskTimer$Sample='SampleImpl{duration(seconds)=0.229173092, duration(nanos)=2.29173092E8, startTimeNanos=1636196873603}', class io.micrometer.core.instrument.Timer$Sample='io.micrometer.core.instrument.Timer$Sample@28fa2fab'], parentObservation=null}> to which we're restoring is not the same as the one set as this scope's parent observation <null>. Most likely a manually created Observation has a scope opened that was never closed. This may lead to thread polluting and memory leaks.
api-gateway-1  | 2026-09-23T08:29:17.090605670Z 2026-09-23T08:29:17.090Z  WARN 1 --- [api-gateway] [r-http-epoll-11] [                                                 ] i.m.o.c.ObservationThreadLocalAccessor   : There is no current scope in thread local. This situation should not happen
api-gateway-1  | 2026-09-23T08:29:17.090817828Z 2026-09-23T08:29:17.090Z  WARN 1 --- [api-gateway] [r-http-epoll-11] [                                                 ] i.m.o.c.ObservationThreadLocalAccessor   : Observation <{name=http.server.requests(null), error=null, context=name='http.server.requests', contextualName='null', error='null', lowCardinalityKeyValues=[exception='none', method='GET', outcome='SUCCESS', status='200', uri='UNKNOWN'], highCardinalityKeyValues=[http.url='/api/gateway/owners/6'], map=[class io.micrometer.tracing.handler.TracingObservationHandler$TracingContext='TracingContext{span=6ab38ddcb1ec4aa4097f8424b090d7aa/097f8424b090d7aa}', class io.micrometer.core.instrument.LongTaskTimer$Sample='SampleImpl{duration(seconds)=0.232387578, duration(nanos)=2.32387578E8, startTimeNanos=1636196873603}', class io.micrometer.core.instrument.Timer$Sample='io.micrometer.core.instrument.Timer$Sample@28fa2fab'], parentObservation=null}> to which we're restoring is not the same as the one set as this scope's parent observation <null>. Most likely a manually created Observation has a scope opened that was never closed. This may lead to thread polluting and memory leaks.
api-gateway-1  | 2026-09-23T08:29:17.090828639Z 2026-09-23T08:29:17.090Z  WARN 1 --- [api-gateway] [r-http-epoll-11] [                                                 ] i.m.o.c.ObservationThreadLocalAccessor   : There is no current scope in thread local. This situation should not happen
api-gateway-1  | 2026-09-23T08:29:17.091069875Z 2026-09-23T08:29:17.090Z  WARN 1 --- [api-gateway] [r-http-epoll-11] [                                                 ] i.m.o.c.ObservationThreadLocalAccessor   : Observation <{name=http.server.requests(null), error=null, context=name='http.server.requests', contextualName='null', error='null', lowCardinalityKeyValues=[exception='none', method='GET', outcome='SUCCESS', status='200', uri='UNKNOWN'], highCardinalityKeyValues=[http.url='/api/gateway/owners/6'], map=[class io.micrometer.tracing.handler.TracingObservationHandler$TracingContext='TracingContext{span=6ab38ddcb1ec4aa4097f8424b090d7aa/097f8424b090d7aa}', class io.micrometer.core.instrument.LongTaskTimer$Sample='SampleImpl{duration(seconds)=0.232684473, duration(nanos)=2.32684473E8, startTimeNanos=1636196873603}', class io.micrometer.core.instrument.Timer$Sample='io.micrometer.core.instrument.Timer$Sample@28fa2fab'], parentObservation=null}> to which we're restoring is not the same as the one set as this scope's parent observation <null>. Most likely a manually created Observation has a scope opened that was never closed. This may lead to thread polluting and memory leaks.
api-gateway-1  | 2026-09-23T08:29:17.091323024Z 2026-09-23T08:29:17.091Z  WARN 1 --- [api-gateway] [r-http-epoll-11] [                                                 ] i.m.o.c.ObservationThreadLocalAccessor   : There is no current scope in thread local. This situation should not happen
api-gateway-1  | 2026-09-23T08:29:17.091498309Z 2026-09-23T08:29:17.091Z  WARN 1 --- [api-gateway] [r-http-epoll-11] [                                                 ] i.m.o.c.ObservationThreadLocalAccessor   : Observation <{name=http.server.requests(null), error=null, context=name='http.server.requests', contextualName='null', error='null', lowCardinalityKeyValues=[exception='none', method='GET', outcome='SUCCESS', status='200', uri='UNKNOWN'], highCardinalityKeyValues=[http.url='/api/gateway/owners/6'], map=[class io.micrometer.tracing.handler.TracingObservationHandler$TracingContext='TracingContext{span=6ab38ddcb1ec4aa4097f8424b090d7aa/097f8424b090d7aa}', class io.micrometer.core.instrument.LongTaskTimer$Sample='SampleImpl{duration(seconds)=0.233098642, duration(nanos)=2.33098642E8, startTimeNanos=1636196873603}', class io.micrometer.core.instrument.Timer$Sample='io.micrometer.core.instrument.Timer$Sample@28fa2fab'], parentObservation=null}> to which we're restoring is not the same as the one set as this scope's parent observation <null>. Most likely a manually created Observation has a scope opened that was never closed. This may lead to thread polluting and memory leaks.
api-gateway-1  | 2026-09-23T08:29:17.091568145Z 2026-09-23T08:29:17.091Z  WARN 1 --- [api-gateway] [r-http-epoll-11] [                                                 ] i.m.o.c.ObservationThreadLocalAccessor   : There is no current scope in thread local. This situation should not happen
api-gateway-1  | 2026-09-23T08:29:17.091791142Z 2026-09-23T08:29:17.091Z  WARN 1 --- [api-gateway] [r-http-epoll-11] [                                                 ] i.m.o.c.ObservationThreadLocalAccessor   : Observation <{name=http.server.requests(null), error=null, context=name='http.server.requests', contextualName='null', error='null', lowCardinalityKeyValues=[exception='none', method='GET', outcome='SUCCESS', status='200', uri='UNKNOWN'], highCardinalityKeyValues=[http.url='/api/gateway/owners/6'], map=[class io.micrometer.tracing.handler.TracingObservationHandler$TracingContext='TracingContext{span=6ab38ddcb1ec4aa4097f8424b090d7aa/097f8424b090d7aa}', class io.micrometer.core.instrument.LongTaskTimer$Sample='SampleImpl{duration(seconds)=0.233387862, duration(nanos)=2.33387862E8, startTimeNanos=1636196873603}', class io.micrometer.core.instrument.Timer$Sample='io.micrometer.core.instrument.Timer$Sample@28fa2fab'], parentObservation=null}> to which we're restoring is not the same as the one set as this scope's parent observation <null>. Most likely a manually created Observation has a scope opened that was never closed. This may lead to thread polluting and memory leaks.
api-gateway-1  | 2026-09-23T08:29:17.180382441Z 2026-09-23T08:29:17.179Z  WARN 1 --- [api-gateway] [r-http-epoll-16] [6ab38ddd1e90f97a8b333285b7f14fce-8b333285b7f14fce] i.m.o.c.ObservationThreadLocalAccessor   : Observation <{name=http.server.requests(null), error=null, context=name='http.server.requests', contextualName='null', error='null', lowCardinalityKeyValues=[exception='none', method='GET', outcome='SUCCESS', status='200', uri='UNKNOWN'], highCardinalityKeyValues=[http.url='/api/gateway/owners/6'], map=[class io.micrometer.tracing.handler.TracingObservationHandler$TracingContext='TracingContext{span=6ab38ddd1e90f97a8b333285b7f14fce/8b333285b7f14fce}', class io.micrometer.core.instrument.LongTaskTimer$Sample='SampleImpl{duration(seconds)=0.003851802, duration(nanos)=3851802.0, startTimeNanos=1636514595418}', class io.micrometer.core.instrument.Timer$Sample='io.micrometer.core.instrument.Timer$Sample@6f404e70'], parentObservation=null}> to which we're restoring is not the same as the one set as this scope's parent observation <null>. Most likely a manually created Observation has a scope opened that was never closed. This may lead to thread polluting and memory leaks.
api-gateway-1  | 2026-09-23T08:29:17.182396884Z 2026-09-23T08:29:17.182Z  WARN 1 --- [api-gateway] [r-http-epoll-16] [                                                 ] i.m.o.c.ObservationThreadLocalAccessor   : There is no current scope in thread local. This situation should not happen
api-gateway-1  | 2026-09-23T08:29:17.182620103Z 2026-09-23T08:29:17.182Z  WARN 1 --- [api-gateway] [r-http-epoll-16] [                                                 ] i.m.o.c.ObservationThreadLocalAccessor   : Observation <{name=http.server.requests(null), error=null, context=name='http.server.requests', contextualName='null', error='null', lowCardinalityKeyValues=[exception='none', method='GET', outcome='SUCCESS', status='200', uri='UNKNOWN'], highCardinalityKeyValues=[http.url='/api/gateway/owners/6'], map=[class io.micrometer.tracing.handler.TracingObservationHandler$TracingContext='TracingContext{span=6ab38ddd1e90f97a8b333285b7f14fce/8b333285b7f14fce}', class io.micrometer.core.instrument.LongTaskTimer$Sample='SampleImpl{duration(seconds)=0.006457628, duration(nanos)=6457628.0, startTimeNanos=1636514595418}', class io.micrometer.core.instrument.Timer$Sample='io.micrometer.core.instrument.Timer$Sample@6f404e70'], parentObservation=null}> to which we're restoring is not the same as the one set as this scope's parent observation <null>. Most likely a manually created Observation has a scope opened that was never closed. This may lead to thread polluting and memory leaks.
api-gateway-1  | 2026-09-23T08:29:17.199816193Z 2026-09-23T08:29:17.199Z  WARN 1 --- [api-gateway] [r-http-epoll-11] [6ab38ddd1e90f97a8b333285b7f14fce-8b333285b7f14fce] i.m.o.c.ObservationThreadLocalAccessor   : Observation <{name=http.server.requests(null), error=null, context=name='http.server.requests', contextualName='null', error='null', lowCardinalityKeyValues=[exception='none', method='GET', outcome='SUCCESS', status='200', uri='UNKNOWN'], highCardinalityKeyValues=[http.url='/api/gateway/owners/6'], map=[class io.micrometer.tracing.handler.TracingObservationHandler$TracingContext='TracingContext{span=6ab38ddd1e90f97a8b333285b7f14fce/8b333285b7f14fce}', class io.micrometer.core.instrument.LongTaskTimer$Sample='SampleImpl{duration(seconds)=0.023410523, duration(nanos)=2.3410523E7, startTimeNanos=1636514595418}', class io.micrometer.core.instrument.Timer$Sample='io.micrometer.core.instrument.Timer$Sample@6f404e70'], parentObservation=null}> to which we're restoring is not the same as the one set as this scope's parent observation <null>. Most likely a manually created Observation has a scope opened that was never closed. This may lead to thread polluting and memory leaks.
api-gateway-1  | 2026-09-23T08:29:17.200015777Z 2026-09-23T08:29:17.199Z  WARN 1 --- [api-gateway] [r-http-epoll-11] [                                                 ] i.m.o.c.ObservationThreadLocalAccessor   : There is no current scope in thread local. This situation should not happen
api-gateway-1  | 2026-09-23T08:29:17.200224460Z 2026-09-23T08:29:17.200Z  WARN 1 --- [api-gateway] [r-http-epoll-11] [                                                 ] i.m.o.c.ObservationThreadLocalAccessor   : Observation <{name=http.server.requests(null), error=null, context=name='http.server.requests', contextualName='null', error='null', lowCardinalityKeyValues=[exception='none', method='GET', outcome='SUCCESS', status='200', uri='UNKNOWN'], highCardinalityKeyValues=[http.url='/api/gateway/owners/6'], map=[class io.micrometer.tracing.handler.TracingObservationHandler$TracingContext='TracingContext{span=6ab38ddd1e90f97a8b333285b7f14fce/8b333285b7f14fce}', class io.micrometer.core.instrument.LongTaskTimer$Sample='SampleImpl{duration(seconds)=0.024073159, duration(nanos)=2.4073159E7, startTimeNanos=1636514595418}', class io.micrometer.core.instrument.Timer$Sample='io.micrometer.core.instrument.Timer$Sample@6f404e70'], parentObservation=null}> to which we're restoring is not the same as the one set as this scope's parent observation <null>. Most likely a manually created Observation has a scope opened that was never closed. This may lead to thread polluting and memory leaks.
api-gateway-1  | 2026-09-23T08:29:17.200351851Z 2026-09-23T08:29:17.200Z  WARN 1 --- [api-gateway] [r-http-epoll-11] [                                                 ] i.m.o.c.ObservationThreadLocalAccessor   : There is no current scope in thread local. This situation should not happen
api-gateway-1  | 2026-09-23T08:29:17.200592135Z 2026-09-23T08:29:17.200Z  WARN 1 --- [api-gateway] [r-http-epoll-11] [                                                 ] i.m.o.c.ObservationThreadLocalAccessor   : Observation <{name=http.server.requests(null), error=null, context=name='http.server.requests', contextualName='null', error='null', lowCardinalityKeyValues=[exception='none', method='GET', outcome='SUCCESS', status='200', uri='UNKNOWN'], highCardinalityKeyValues=[http.url='/api/gateway/owners/6'], map=[class io.micrometer.tracing.handler.TracingObservationHandler$TracingContext='TracingContext{span=6ab38ddd1e90f97a8b333285b7f14fce/8b333285b7f14fce}', class io.micrometer.core.instrument.LongTaskTimer$Sample='SampleImpl{duration(seconds)=0.024402408, duration(nanos)=2.4402408E7, startTimeNanos=1636514595418}', class io.micrometer.core.instrument.Timer$Sample='io.micrometer.core.instrument.Timer$Sample@6f404e70'], parentObservation=null}> to which we're restoring is not the same as the one set as this scope's parent observation <null>. Most likely a manually created Observation has a scope opened that was never closed. This may lead to thread polluting and memory leaks.
api-gateway-1  | 2026-09-23T08:29:17.201853922Z 2026-09-23T08:29:17.201Z  WARN 1 --- [api-gateway] [r-http-epoll-11] [                                                 ] i.m.o.c.ObservationThreadLocalAccessor   : There is no current scope in thread local. This situation should not happen
api-gateway-1  | 2026-09-23T08:29:17.202170799Z 2026-09-23T08:29:17.201Z  WARN 1 --- [api-gateway] [r-http-epoll-11] [                                                 ] i.m.o.c.ObservationThreadLocalAccessor   : Observation <{name=http.server.requests(null), error=null, context=name='http.server.requests', contextualName='null', error='null', lowCardinalityKeyValues=[exception='none', method='GET', outcome='SUCCESS', status='200', uri='UNKNOWN'], highCardinalityKeyValues=[http.url='/api/gateway/owners/6'], map=[class io.micrometer.tracing.handler.TracingObservationHandler$TracingContext='TracingContext{span=6ab38ddd1e90f97a8b333285b7f14fce/8b333285b7f14fce}', class io.micrometer.core.instrument.LongTaskTimer$Sample='SampleImpl{duration(seconds)=0.026012462, duration(nanos)=2.6012462E7, startTimeNanos=1636514595418}', class io.micrometer.core.instrument.Timer$Sample='io.micrometer.core.instrument.Timer$Sample@6f404e70'], parentObservation=null}> to which we're restoring is not the same as the one set as this scope's parent observation <null>. Most likely a manually created Observation has a scope opened that was never closed. This may lead to thread polluting and memory leaks.
api-gateway-1  | 2026-09-23T08:29:17.202306385Z 2026-09-23T08:29:17.202Z  WARN 1 --- [api-gateway] [r-http-epoll-11] [                                                 ] i.m.o.c.ObservationThreadLocalAccessor   : There is no current scope in thread local. This situation should not happen
api-gateway-1  | 2026-09-23T08:29:17.202895247Z 2026-09-23T08:29:17.202Z  WARN 1 --- [api-gateway] [r-http-epoll-11] [                                                 ] i.m.o.c.ObservationThreadLocalAccessor   : Observation <{name=http.server.requests(null), error=null, context=name='http.server.requests', contextualName='null', error='null', lowCardinalityKeyValues=[exception='none', method='GET', outcome='SUCCESS', status='200', uri='UNKNOWN'], highCardinalityKeyValues=[http.url='/api/gateway/owners/6'], map=[class io.micrometer.tracing.handler.TracingObservationHandler$TracingContext='TracingContext{span=6ab38ddd1e90f97a8b333285b7f14fce/8b333285b7f14fce}', class io.micrometer.core.instrument.LongTaskTimer$Sample='SampleImpl{duration(seconds)=0.026678936, duration(nanos)=2.6678936E7, startTimeNanos=1636514595418}', class io.micrometer.core.instrument.Timer$Sample='io.micrometer.core.instrument.Timer$Sample@6f404e70'], parentObservation=null}> to which we're restoring is not the same as the one set as this scope's parent observation <null>. Most likely a manually created Observation has a scope opened that was never closed. This may lead to thread polluting and memory leaks.
api-gateway-1  | 2026-09-23T08:29:17.203141132Z 2026-09-23T08:29:17.202Z  WARN 1 --- [api-gateway] [r-http-epoll-11] [                                                 ] i.m.o.c.ObservationThreadLocalAccessor   : There is no current scope in thread local. This situation should not happen
api-gateway-1  | 2026-09-23T08:29:17.203688972Z 2026-09-23T08:29:17.203Z  WARN 1 --- [api-gateway] [r-http-epoll-11] [                                                 ] i.m.o.c.ObservationThreadLocalAccessor   : Observation <{name=http.server.requests(null), error=null, context=name='http.server.requests', contextualName='null', error='null', lowCardinalityKeyValues=[exception='none', method='GET', outcome='SUCCESS', status='200', uri='UNKNOWN'], highCardinalityKeyValues=[http.url='/api/gateway/owners/6'], map=[class io.micrometer.tracing.handler.TracingObservationHandler$TracingContext='TracingContext{span=6ab38ddd1e90f97a8b333285b7f14fce/8b333285b7f14fce}', class io.micrometer.core.instrument.LongTaskTimer$Sample='SampleImpl{duration(seconds)=0.02738508, duration(nanos)=2.738508E7, startTimeNanos=1636514595418}', class io.micrometer.core.instrument.Timer$Sample='io.micrometer.core.instrument.Timer$Sample@6f404e70'], parentObservation=null}> to which we're restoring is not the same as the one set as this scope's parent observation <null>. Most likely a manually created Observation has a scope opened that was never closed. This may lead to thread polluting and memory leaks.
api-gateway-1  | 2026-09-23T08:29:17.203875419Z 2026-09-23T08:29:17.203Z  WARN 1 --- [api-gateway] [r-http-epoll-11] [                                                 ] i.m.o.c.ObservationThreadLocalAccessor   : There is no current scope in thread local. This situation should not happen
api-gateway-1  | 2026-09-23T08:29:17.204318480Z 2026-09-23T08:29:17.204Z  WARN 1 --- [api-gateway] [r-http-epoll-11] [                                                 ] i.m.o.c.ObservationThreadLocalAccessor   : Observation <{name=http.server.requests(null), error=null, context=name='http.server.requests', contextualName='null', error='null', lowCardinalityKeyValues=[exception='none', method='GET', outcome='SUCCESS', status='200', uri='UNKNOWN'], highCardinalityKeyValues=[http.url='/api/gateway/owners/6'], map=[class io.micrometer.tracing.handler.TracingObservationHandler$TracingContext='TracingContext{span=6ab38ddd1e90f97a8b333285b7f14fce/8b333285b7f14fce}', class io.micrometer.core.instrument.LongTaskTimer$Sample='SampleImpl{duration(seconds)=0.028025873, duration(nanos)=2.8025873E7, startTimeNanos=1636514595418}', class io.micrometer.core.instrument.Timer$Sample='io.micrometer.core.instrument.Timer$Sample@6f404e70'], parentObservation=null}> to which we're restoring is not the same as the one set as this scope's parent observation <null>. Most likely a manually created Observation has a scope opened that was never closed. This may lead to thread polluting and memory leaks.
api-gateway-1  | 2026-09-23T08:30:00.970165317Z 2026-09-23T08:30:00.969Z  WARN 1 --- [api-gateway] [or-http-epoll-1] [6ab38e08a01cca5a512a040c4c8ffafe-512a040c4c8ffafe] i.m.o.c.ObservationThreadLocalAccessor   : Observation <{name=http.server.requests(null), error=null, context=name='http.server.requests', contextualName='null', error='null', lowCardinalityKeyValues=[exception='none', method='GET', outcome='SUCCESS', status='200', uri='UNKNOWN'], highCardinalityKeyValues=[http.url='/api/gateway/owners/6'], map=[class io.micrometer.tracing.handler.TracingObservationHandler$TracingContext='TracingContext{span=6ab38e08a01cca5a512a040c4c8ffafe/512a040c4c8ffafe}', class io.micrometer.core.instrument.LongTaskTimer$Sample='SampleImpl{duration(seconds)=0.004831383, duration(nanos)=4831383.0, startTimeNanos=1680304855705}', class io.micrometer.core.instrument.Timer$Sample='io.micrometer.core.instrument.Timer$Sample@6fa4a86d'], parentObservation=null}> to which we're restoring is not the same as the one set as this scope's parent observation <null>. Most likely a manually created Observation has a scope opened that was never closed. This may lead to thread polluting and memory leaks.
api-gateway-1  | 2026-09-23T08:30:00.973296793Z 2026-09-23T08:30:00.972Z  WARN 1 --- [api-gateway] [or-http-epoll-1] [                                                 ] i.m.o.c.ObservationThreadLocalAccessor   : There is no current scope in thread local. This situation should not happen
api-gateway-1  | 2026-09-23T08:30:00.973687916Z 2026-09-23T08:30:00.973Z  WARN 1 --- [api-gateway] [or-http-epoll-1] [                                                 ] i.m.o.c.ObservationThreadLocalAccessor   : Observation <{name=http.server.requests(null), error=null, context=name='http.server.requests', contextualName='null', error='null', lowCardinalityKeyValues=[exception='none', method='GET', outcome='SUCCESS', status='200', uri='UNKNOWN'], highCardinalityKeyValues=[http.url='/api/gateway/owners/6'], map=[class io.micrometer.tracing.handler.TracingObservationHandler$TracingContext='TracingContext{span=6ab38e08a01cca5a512a040c4c8ffafe/512a040c4c8ffafe}', class io.micrometer.core.instrument.LongTaskTimer$Sample='SampleImpl{duration(seconds)=0.008981864, duration(nanos)=8981864.0, startTimeNanos=1680304855705}', class io.micrometer.core.instrument.Timer$Sample='io.micrometer.core.instrument.Timer$Sample@6fa4a86d'], parentObservation=null}> to which we're restoring is not the same as the one set as this scope's parent observation <null>. Most likely a manually created Observation has a scope opened that was never closed. This may lead to thread polluting and memory leaks.
api-gateway-1  | 2026-09-23T08:30:01.002488138Z 2026-09-23T08:30:01.002Z  WARN 1 --- [api-gateway] [r-http-epoll-11] [6ab38e08a01cca5a512a040c4c8ffafe-512a040c4c8ffafe] i.m.o.c.ObservationThreadLocalAccessor   : Observation <{name=http.server.requests(null), error=null, context=name='http.server.requests', contextualName='null', error='null', lowCardinalityKeyValues=[exception='none', method='GET', outcome='SUCCESS', status='200', uri='UNKNOWN'], highCardinalityKeyValues=[http.url='/api/gateway/owners/6'], map=[class io.micrometer.tracing.handler.TracingObservationHandler$TracingContext='TracingContext{span=6ab38e08a01cca5a512a040c4c8ffafe/512a040c4c8ffafe}', class io.micrometer.core.instrument.LongTaskTimer$Sample='SampleImpl{duration(seconds)=0.037614476, duration(nanos)=3.7614476E7, startTimeNanos=1680304855705}', class io.micrometer.core.instrument.Timer$Sample='io.micrometer.core.instrument.Timer$Sample@6fa4a86d'], parentObservation=null}> to which we're restoring is not the same as the one set as this scope's parent observation <null>. Most likely a manually created Observation has a scope opened that was never closed. This may lead to thread polluting and memory leaks.
api-gateway-1  | 2026-09-23T08:30:01.002874738Z 2026-09-23T08:30:01.002Z  WARN 1 --- [api-gateway] [r-http-epoll-11] [                                                 ] o.s.c.l.core.RoundRobinLoadBalancer      : No servers available for service: visits-service
api-gateway-1  | 2026-09-23T08:30:01.002888936Z 2026-09-23T08:30:01.002Z  WARN 1 --- [api-gateway] [r-http-epoll-11] [                                                 ] eactorLoadBalancerExchangeFilterFunction : LoadBalancer does not contain an instance for the service visits-service
api-gateway-1  | 2026-09-23T08:30:01.008520074Z 2026-09-23T08:30:01.007Z  WARN 1 --- [api-gateway] [r-http-epoll-11] [                                                 ] i.m.o.c.ObservationThreadLocalAccessor   : There is no current scope in thread local. This situation should not happen
api-gateway-1  | 2026-09-23T08:30:01.009177761Z 2026-09-23T08:30:01.008Z  WARN 1 --- [api-gateway] [r-http-epoll-11] [                                                 ] i.m.o.c.ObservationThreadLocalAccessor   : Observation <{name=http.server.requests(http get /api/gateway/owners/{ownerId}), error=null, context=name='http.server.requests', contextualName='http get /api/gateway/owners/{ownerId}', error='null', lowCardinalityKeyValues=[exception='none', method='GET', outcome='SUCCESS', status='200', uri='/api/gateway/owners/{ownerId}'], highCardinalityKeyValues=[http.url='/api/gateway/owners/6'], map=[class io.micrometer.tracing.handler.TracingObservationHandler$TracingContext='TracingContext{span=6ab38e08a01cca5a512a040c4c8ffafe/512a040c4c8ffafe}', class io.micrometer.core.instrument.LongTaskTimer$Sample='SampleImpl{duration(seconds)=-1.0E-9, duration(nanos)=-1.0, startTimeNanos=1680304855705}', class io.micrometer.core.instrument.Timer$Sample='io.micrometer.core.instrument.Timer$Sample@6fa4a86d'], parentObservation=null}> to which we're restoring is not the same as the one set as this scope's parent observation <null>. Most likely a manually created Observation has a scope opened that was never closed. This may lead to thread polluting and memory leaks.
api-gateway-1  | 2026-09-23T08:30:01.009405271Z 2026-09-23T08:30:01.009Z  WARN 1 --- [api-gateway] [r-http-epoll-11] [                                                 ] i.m.o.c.ObservationThreadLocalAccessor   : There is no current scope in thread local. This situation should not happen
api-gateway-1  | 2026-09-23T08:30:01.009775510Z 2026-09-23T08:30:01.009Z  WARN 1 --- [api-gateway] [r-http-epoll-11] [                                                 ] i.m.o.c.ObservationThreadLocalAccessor   : Observation <{name=http.server.requests(http get /api/gateway/owners/{ownerId}), error=null, context=name='http.server.requests', contextualName='http get /api/gateway/owners/{ownerId}', error='null', lowCardinalityKeyValues=[exception='none', method='GET', outcome='SUCCESS', status='200', uri='/api/gateway/owners/{ownerId}'], highCardinalityKeyValues=[http.url='/api/gateway/owners/6'], map=[class io.micrometer.tracing.handler.TracingObservationHandler$TracingContext='TracingContext{span=6ab38e08a01cca5a512a040c4c8ffafe/512a040c4c8ffafe}', class io.micrometer.core.instrument.LongTaskTimer$Sample='SampleImpl{duration(seconds)=-1.0E-9, duration(nanos)=-1.0, startTimeNanos=1680304855705}', class io.micrometer.core.instrument.Timer$Sample='io.micrometer.core.instrument.Timer$Sample@6fa4a86d'], parentObservation=null}> to which we're restoring is not the same as the one set as this scope's parent observation <null>. Most likely a manually created Observation has a scope opened that was never closed. This may lead to thread polluting and memory leaks.
api-gateway-1  | 2026-09-23T08:30:01.009809047Z 2026-09-23T08:30:01.009Z  WARN 1 --- [api-gateway] [r-http-epoll-11] [                                                 ] i.m.o.c.ObservationThreadLocalAccessor   : There is no current scope in thread local. This situation should not happen
api-gateway-1  | 2026-09-23T08:30:01.010170446Z 2026-09-23T08:30:01.009Z  WARN 1 --- [api-gateway] [r-http-epoll-11] [                                                 ] i.m.o.c.ObservationThreadLocalAccessor   : Observation <{name=http.server.requests(http get /api/gateway/owners/{ownerId}), error=null, context=name='http.server.requests', contextualName='http get /api/gateway/owners/{ownerId}', error='null', lowCardinalityKeyValues=[exception='none', method='GET', outcome='SUCCESS', status='200', uri='/api/gateway/owners/{ownerId}'], highCardinalityKeyValues=[http.url='/api/gateway/owners/6'], map=[class io.micrometer.tracing.handler.TracingObservationHandler$TracingContext='TracingContext{span=6ab38e08a01cca5a512a040c4c8ffafe/512a040c4c8ffafe}', class io.micrometer.core.instrument.LongTaskTimer$Sample='SampleImpl{duration(seconds)=-1.0E-9, duration(nanos)=-1.0, startTimeNanos=1680304855705}', class io.micrometer.core.instrument.Timer$Sample='io.micrometer.core.instrument.Timer$Sample@6fa4a86d'], parentObservation=null}> to which we're restoring is not the same as the one set as this scope's parent observation <null>. Most likely a manually created Observation has a scope opened that was never closed. This may lead to thread polluting and memory leaks.
api-gateway-1  | 2026-09-23T08:30:01.010341684Z 2026-09-23T08:30:01.010Z  WARN 1 --- [api-gateway] [r-http-epoll-11] [                                                 ] i.m.o.c.ObservationThreadLocalAccessor   : There is no current scope in thread local. This situation should not happen
api-gateway-1  | 2026-09-23T08:30:01.010647857Z 2026-09-23T08:30:01.010Z  WARN 1 --- [api-gateway] [r-http-epoll-11] [                                                 ] i.m.o.c.ObservationThreadLocalAccessor   : Observation <{name=http.server.requests(http get /api/gateway/owners/{ownerId}), error=null, context=name='http.server.requests', contextualName='http get /api/gateway/owners/{ownerId}', error='null', lowCardinalityKeyValues=[exception='none', method='GET', outcome='SUCCESS', status='200', uri='/api/gateway/owners/{ownerId}'], highCardinalityKeyValues=[http.url='/api/gateway/owners/6'], map=[class io.micrometer.tracing.handler.TracingObservationHandler$TracingContext='TracingContext{span=6ab38e08a01cca5a512a040c4c8ffafe/512a040c4c8ffafe}', class io.micrometer.core.instrument.LongTaskTimer$Sample='SampleImpl{duration(seconds)=-1.0E-9, duration(nanos)=-1.0, startTimeNanos=1680304855705}', class io.micrometer.core.instrument.Timer$Sample='io.micrometer.core.instrument.Timer$Sample@6fa4a86d'], parentObservation=null}> to which we're restoring is not the same as the one set as this scope's parent observation <null>. Most likely a manually created Observation has a scope opened that was never closed. This may lead to thread polluting and memory leaks.
api-gateway-1  | 2026-09-23T08:30:01.011083706Z 2026-09-23T08:30:01.010Z  WARN 1 --- [api-gateway] [r-http-epoll-11] [                                                 ] i.m.o.c.ObservationThreadLocalAccessor   : There is no current scope in thread local. This situation should not happen
api-gateway-1  | 2026-09-23T08:30:01.011093846Z 2026-09-23T08:30:01.010Z  WARN 1 --- [api-gateway] [r-http-epoll-11] [                                                 ] i.m.o.c.ObservationThreadLocalAccessor   : Observation <{name=http.server.requests(http get /api/gateway/owners/{ownerId}), error=null, context=name='http.server.requests', contextualName='http get /api/gateway/owners/{ownerId}', error='null', lowCardinalityKeyValues=[exception='none', method='GET', outcome='SUCCESS', status='200', uri='/api/gateway/owners/{ownerId}'], highCardinalityKeyValues=[http.url='/api/gateway/owners/6'], map=[class io.micrometer.tracing.handler.TracingObservationHandler$TracingContext='TracingContext{span=6ab38e08a01cca5a512a040c4c8ffafe/512a040c4c8ffafe}', class io.micrometer.core.instrument.LongTaskTimer$Sample='SampleImpl{duration(seconds)=-1.0E-9, duration(nanos)=-1.0, startTimeNanos=1680304855705}', class io.micrometer.core.instrument.Timer$Sample='io.micrometer.core.instrument.Timer$Sample@6fa4a86d'], parentObservation=null}> to which we're restoring is not the same as the one set as this scope's parent observation <null>. Most likely a manually created Observation has a scope opened that was never closed. This may lead to thread polluting and memory leaks.
api-gateway-1  | 2026-09-23T08:30:05.984529399Z 2026-09-23T08:30:05.983Z  WARN 1 --- [api-gateway] [r-http-epoll-12] [6ab38e0db4f4bf8ee2a028eea1f32614-e2a028eea1f32614] i.m.o.c.ObservationThreadLocalAccessor   : Observation <{name=http.server.requests(null), error=null, context=name='http.server.requests', contextualName='null', error='null', lowCardinalityKeyValues=[exception='none', method='GET', outcome='SUCCESS', status='200', uri='UNKNOWN'], highCardinalityKeyValues=[http.url='/api/gateway/owners/6'], map=[class io.micrometer.tracing.handler.TracingObservationHandler$TracingContext='TracingContext{span=6ab38e0db4f4bf8ee2a028eea1f32614/e2a028eea1f32614}', class io.micrometer.core.instrument.LongTaskTimer$Sample='SampleImpl{duration(seconds)=0.002737106, duration(nanos)=2737106.0, startTimeNanos=1685323812402}', class io.micrometer.core.instrument.Timer$Sample='io.micrometer.core.instrument.Timer$Sample@4ccb0600'], parentObservation=null}> to which we're restoring is not the same as the one set as this scope's parent observation <null>. Most likely a manually created Observation has a scope opened that was never closed. This may lead to thread polluting and memory leaks.
api-gateway-1  | 2026-09-23T08:30:05.986149076Z 2026-09-23T08:30:05.985Z  WARN 1 --- [api-gateway] [r-http-epoll-12] [                                                 ] i.m.o.c.ObservationThreadLocalAccessor   : There is no current scope in thread local. This situation should not happen
api-gateway-1  | 2026-09-23T08:30:05.986533197Z 2026-09-23T08:30:05.986Z  WARN 1 --- [api-gateway] [r-http-epoll-12] [                                                 ] i.m.o.c.ObservationThreadLocalAccessor   : Observation <{name=http.server.requests(null), error=null, context=name='http.server.requests', contextualName='null', error='null', lowCardinalityKeyValues=[exception='none', method='GET', outcome='SUCCESS', status='200', uri='UNKNOWN'], highCardinalityKeyValues=[http.url='/api/gateway/owners/6'], map=[class io.micrometer.tracing.handler.TracingObservationHandler$TracingContext='TracingContext{span=6ab38e0db4f4bf8ee2a028eea1f32614/e2a028eea1f32614}', class io.micrometer.core.instrument.LongTaskTimer$Sample='SampleImpl{duration(seconds)=0.005080056, duration(nanos)=5080056.0, startTimeNanos=1685323812402}', class io.micrometer.core.instrument.Timer$Sample='io.micrometer.core.instrument.Timer$Sample@4ccb0600'], parentObservation=null}> to which we're restoring is not the same as the one set as this scope's parent observation <null>. Most likely a manually created Observation has a scope opened that was never closed. This may lead to thread polluting and memory leaks.
api-gateway-1  | 2026-09-23T08:30:06.000646979Z 2026-09-23T08:30:06.000Z  WARN 1 --- [api-gateway] [r-http-epoll-11] [6ab38e0db4f4bf8ee2a028eea1f32614-e2a028eea1f32614] i.m.o.c.ObservationThreadLocalAccessor   : Observation <{name=http.server.requests(null), error=null, context=name='http.server.requests', contextualName='null', error='null', lowCardinalityKeyValues=[exception='none', method='GET', outcome='SUCCESS', status='200', uri='UNKNOWN'], highCardinalityKeyValues=[http.url='/api/gateway/owners/6'], map=[class io.micrometer.tracing.handler.TracingObservationHandler$TracingContext='TracingContext{span=6ab38e0db4f4bf8ee2a028eea1f32614/e2a028eea1f32614}', class io.micrometer.core.instrument.LongTaskTimer$Sample='SampleImpl{duration(seconds)=0.019021369, duration(nanos)=1.9021369E7, startTimeNanos=1685323812402}', class io.micrometer.core.instrument.Timer$Sample='io.micrometer.core.instrument.Timer$Sample@4ccb0600'], parentObservation=null}> to which we're restoring is not the same as the one set as this scope's parent observation <null>. Most likely a manually created Observation has a scope opened that was never closed. This may lead to thread polluting and memory leaks.
api-gateway-1  | 2026-09-23T08:30:06.000960554Z 2026-09-23T08:30:06.000Z  WARN 1 --- [api-gateway] [r-http-epoll-11] [                                                 ] o.s.c.l.core.RoundRobinLoadBalancer      : No servers available for service: visits-service
api-gateway-1  | 2026-09-23T08:30:06.001153283Z 2026-09-23T08:30:06.000Z  WARN 1 --- [api-gateway] [r-http-epoll-11] [                                                 ] eactorLoadBalancerExchangeFilterFunction : LoadBalancer does not contain an instance for the service visits-service
api-gateway-1  | 2026-09-23T08:30:06.004144008Z 2026-09-23T08:30:06.003Z  WARN 1 --- [api-gateway] [r-http-epoll-11] [                                                 ] i.m.o.c.ObservationThreadLocalAccessor   : There is no current scope in thread local. This situation should not happen
api-gateway-1  | 2026-09-23T08:30:06.004339903Z 2026-09-23T08:30:06.004Z  WARN 1 --- [api-gateway] [r-http-epoll-11] [                                                 ] i.m.o.c.ObservationThreadLocalAccessor   : Observation <{name=http.server.requests(http get /api/gateway/owners/{ownerId}), error=null, context=name='http.server.requests', contextualName='http get /api/gateway/owners/{ownerId}', error='null', lowCardinalityKeyValues=[exception='none', method='GET', outcome='SUCCESS', status='200', uri='/api/gateway/owners/{ownerId}'], highCardinalityKeyValues=[http.url='/api/gateway/owners/6'], map=[class io.micrometer.tracing.handler.TracingObservationHandler$TracingContext='TracingContext{span=6ab38e0db4f4bf8ee2a028eea1f32614/e2a028eea1f32614}', class io.micrometer.core.instrument.LongTaskTimer$Sample='SampleImpl{duration(seconds)=-1.0E-9, duration(nanos)=-1.0, startTimeNanos=1685323812402}', class io.micrometer.core.instrument.Timer$Sample='io.micrometer.core.instrument.Timer$Sample@4ccb0600'], parentObservation=null}> to which we're restoring is not the same as the one set as this scope's parent observation <null>. Most likely a manually created Observation has a scope opened that was never closed. This may lead to thread polluting and memory leaks.
api-gateway-1  | 2026-09-23T08:30:06.004573420Z 2026-09-23T08:30:06.004Z  WARN 1 --- [api-gateway] [r-http-epoll-11] [                                                 ] i.m.o.c.ObservationThreadLocalAccessor   : There is no current scope in thread local. This situation should not happen
api-gateway-1  | 2026-09-23T08:30:06.004809578Z 2026-09-23T08:30:06.004Z  WARN 1 --- [api-gateway] [r-http-epoll-11] [                                                 ] i.m.o.c.ObservationThreadLocalAccessor   : Observation <{name=http.server.requests(http get /api/gateway/owners/{ownerId}), error=null, context=name='http.server.requests', contextualName='http get /api/gateway/owners/{ownerId}', error='null', lowCardinalityKeyValues=[exception='none', method='GET', outcome='SUCCESS', status='200', uri='/api/gateway/owners/{ownerId}'], highCardinalityKeyValues=[http.url='/api/gateway/owners/6'], map=[class io.micrometer.tracing.handler.TracingObservationHandler$TracingContext='TracingContext{span=6ab38e0db4f4bf8ee2a028eea1f32614/e2a028eea1f32614}', class io.micrometer.core.instrument.LongTaskTimer$Sample='SampleImpl{duration(seconds)=-1.0E-9, duration(nanos)=-1.0, startTimeNanos=1685323812402}', class io.micrometer.core.instrument.Timer$Sample='io.micrometer.core.instrument.Timer$Sample@4ccb0600'], parentObservation=null}> to which we're restoring is not the same as the one set as this scope's parent observation <null>. Most likely a manually created Observation has a scope opened that was never closed. This may lead to thread polluting and memory leaks.
api-gateway-1  | 2026-09-23T08:30:06.004824888Z 2026-09-23T08:30:06.004Z  WARN 1 --- [api-gateway] [r-http-epoll-11] [                                                 ] i.m.o.c.ObservationThreadLocalAccessor   : There is no current scope in thread local. This situation should not happen
api-gateway-1  | 2026-09-23T08:30:06.005110958Z 2026-09-23T08:30:06.004Z  WARN 1 --- [api-gateway] [r-http-epoll-11] [                                                 ] i.m.o.c.ObservationThreadLocalAccessor   : Observation <{name=http.server.requests(http get /api/gateway/owners/{ownerId}), error=null, context=name='http.server.requests', contextualName='http get /api/gateway/owners/{ownerId}', error='null', lowCardinalityKeyValues=[exception='none', method='GET', outcome='SUCCESS', status='200', uri='/api/gateway/owners/{ownerId}'], highCardinalityKeyValues=[http.url='/api/gateway/owners/6'], map=[class io.micrometer.tracing.handler.TracingObservationHandler$TracingContext='TracingContext{span=6ab38e0db4f4bf8ee2a028eea1f32614/e2a028eea1f32614}', class io.micrometer.core.instrument.LongTaskTimer$Sample='SampleImpl{duration(seconds)=-1.0E-9, duration(nanos)=-1.0, startTimeNanos=1685323812402}', class io.micrometer.core.instrument.Timer$Sample='io.micrometer.core.instrument.Timer$Sample@4ccb0600'], parentObservation=null}> to which we're restoring is not the same as the one set as this scope's parent observation <null>. Most likely a manually created Observation has a scope opened that was never closed. This may lead to thread polluting and memory leaks.
api-gateway-1  | 2026-09-23T08:30:06.005296859Z 2026-09-23T08:30:06.005Z  WARN 1 --- [api-gateway] [r-http-epoll-11] [                                                 ] i.m.o.c.ObservationThreadLocalAccessor   : There is no current scope in thread local. This situation should not happen
api-gateway-1  | 2026-09-23T08:30:06.005562326Z 2026-09-23T08:30:06.005Z  WARN 1 --- [api-gateway] [r-http-epoll-11] [                                                 ] i.m.o.c.ObservationThreadLocalAccessor   : Observation <{name=http.server.requests(http get /api/gateway/owners/{ownerId}), error=null, context=name='http.server.requests', contextualName='http get /api/gateway/owners/{ownerId}', error='null', lowCardinalityKeyValues=[exception='none', method='GET', outcome='SUCCESS', status='200', uri='/api/gateway/owners/{ownerId}'], highCardinalityKeyValues=[http.url='/api/gateway/owners/6'], map=[class io.micrometer.tracing.handler.TracingObservationHandler$TracingContext='TracingContext{span=6ab38e0db4f4bf8ee2a028eea1f32614/e2a028eea1f32614}', class io.micrometer.core.instrument.LongTaskTimer$Sample='SampleImpl{duration(seconds)=-1.0E-9, duration(nanos)=-1.0, startTimeNanos=1685323812402}', class io.micrometer.core.instrument.Timer$Sample='io.micrometer.core.instrument.Timer$Sample@4ccb0600'], parentObservation=null}> to which we're restoring is not the same as the one set as this scope's parent observation <null>. Most likely a manually created Observation has a scope opened that was never closed. This may lead to thread polluting and memory leaks.
api-gateway-1  | 2026-09-23T08:30:06.005802812Z 2026-09-23T08:30:06.005Z  WARN 1 --- [api-gateway] [r-http-epoll-11] [                                                 ] i.m.o.c.ObservationThreadLocalAccessor   : There is no current scope in thread local. This situation should not happen
api-gateway-1  | 2026-09-23T08:30:06.006022617Z 2026-09-23T08:30:06.005Z  WARN 1 --- [api-gateway] [r-http-epoll-11] [                                                 ] i.m.o.c.ObservationThreadLocalAccessor   : Observation <{name=http.server.requests(http get /api/gateway/owners/{ownerId}), error=null, context=name='http.server.requests', contextualName='http get /api/gateway/owners/{ownerId}', error='null', lowCardinalityKeyValues=[exception='none', method='GET', outcome='SUCCESS', status='200', uri='/api/gateway/owners/{ownerId}'], highCardinalityKeyValues=[http.url='/api/gateway/owners/6'], map=[class io.micrometer.tracing.handler.TracingObservationHandler$TracingContext='TracingContext{span=6ab38e0db4f4bf8ee2a028eea1f32614/e2a028eea1f32614}', class io.micrometer.core.instrument.LongTaskTimer$Sample='SampleImpl{duration(seconds)=-1.0E-9, duration(nanos)=-1.0, startTimeNanos=1685323812402}', class io.micrometer.core.instrument.Timer$Sample='io.micrometer.core.instrument.Timer$Sample@4ccb0600'], parentObservation=null}> to which we're restoring is not the same as the one set as this scope's parent observation <null>. Most likely a manually created Observation has a scope opened that was never closed. This may lead to thread polluting and memory leaks.
api-gateway-1  | 2026-09-23T08:30:10.912501099Z 2026-09-23T08:30:10.911Z  WARN 1 --- [api-gateway] [or-http-epoll-2] [6ab38e1246479869512dabacea0c8fd5-512dabacea0c8fd5] i.m.o.c.ObservationThreadLocalAccessor   : Observation <{name=http.server.requests(null), error=null, context=name='http.server.requests', contextualName='null', error='null', lowCardinalityKeyValues=[exception='none', method='GET', outcome='SUCCESS', status='200', uri='UNKNOWN'], highCardinalityKeyValues=[http.url='/api/gateway/owners/6'], map=[class io.micrometer.tracing.handler.TracingObservationHandler$TracingContext='TracingContext{span=6ab38e1246479869512dabacea0c8fd5/512dabacea0c8fd5}', class io.micrometer.core.instrument.LongTaskTimer$Sample='SampleImpl{duration(seconds)=0.004486786, duration(nanos)=4486786.0, startTimeNanos=1690249702764}', class io.micrometer.core.instrument.Timer$Sample='io.micrometer.core.instrument.Timer$Sample@6693d6b7'], parentObservation=null}> to which we're restoring is not the same as the one set as this scope's parent observation <null>. Most likely a manually created Observation has a scope opened that was never closed. This may lead to thread polluting and memory leaks.
api-gateway-1  | 2026-09-23T08:30:10.914105022Z 2026-09-23T08:30:10.913Z  WARN 1 --- [api-gateway] [or-http-epoll-2] [                                                 ] i.m.o.c.ObservationThreadLocalAccessor   : There is no current scope in thread local. This situation should not happen
api-gateway-1  | 2026-09-23T08:30:10.914410957Z 2026-09-23T08:30:10.914Z  WARN 1 --- [api-gateway] [or-http-epoll-2] [                                                 ] i.m.o.c.ObservationThreadLocalAccessor   : Observation <{name=http.server.requests(null), error=null, context=name='http.server.requests', contextualName='null', error='null', lowCardinalityKeyValues=[exception='none', method='GET', outcome='SUCCESS', status='200', uri='UNKNOWN'], highCardinalityKeyValues=[http.url='/api/gateway/owners/6'], map=[class io.micrometer.tracing.handler.TracingObservationHandler$TracingContext='TracingContext{span=6ab38e1246479869512dabacea0c8fd5/512dabacea0c8fd5}', class io.micrometer.core.instrument.LongTaskTimer$Sample='SampleImpl{duration(seconds)=0.007081783, duration(nanos)=7081783.0, startTimeNanos=1690249702764}', class io.micrometer.core.instrument.Timer$Sample='io.micrometer.core.instrument.Timer$Sample@6693d6b7'], parentObservation=null}> to which we're restoring is not the same as the one set as this scope's parent observation <null>. Most likely a manually created Observation has a scope opened that was never closed. This may lead to thread polluting and memory leaks.
api-gateway-1  | 2026-09-23T08:30:10.935998882Z 2026-09-23T08:30:10.935Z  WARN 1 --- [api-gateway] [r-http-epoll-11] [6ab38e1246479869512dabacea0c8fd5-512dabacea0c8fd5] i.m.o.c.ObservationThreadLocalAccessor   : Observation <{name=http.server.requests(null), error=null, context=name='http.server.requests', contextualName='null', error='null', lowCardinalityKeyValues=[exception='none', method='GET', outcome='SUCCESS', status='200', uri='UNKNOWN'], highCardinalityKeyValues=[http.url='/api/gateway/owners/6'], map=[class io.micrometer.tracing.handler.TracingObservationHandler$TracingContext='TracingContext{span=6ab38e1246479869512dabacea0c8fd5/512dabacea0c8fd5}', class io.micrometer.core.instrument.LongTaskTimer$Sample='SampleImpl{duration(seconds)=0.028481745, duration(nanos)=2.8481745E7, startTimeNanos=1690249702764}', class io.micrometer.core.instrument.Timer$Sample='io.micrometer.core.instrument.Timer$Sample@6693d6b7'], parentObservation=null}> to which we're restoring is not the same as the one set as this scope's parent observation <null>. Most likely a manually created Observation has a scope opened that was never closed. This may lead to thread polluting and memory leaks.
api-gateway-1  | 2026-09-23T08:30:10.936550980Z 2026-09-23T08:30:10.936Z  WARN 1 --- [api-gateway] [r-http-epoll-11] [                                                 ] o.s.c.l.core.RoundRobinLoadBalancer      : No servers available for service: visits-service
api-gateway-1  | 2026-09-23T08:30:10.936614355Z 2026-09-23T08:30:10.936Z  WARN 1 --- [api-gateway] [r-http-epoll-11] [                                                 ] eactorLoadBalancerExchangeFilterFunction : LoadBalancer does not contain an instance for the service visits-service
api-gateway-1  | 2026-09-23T08:30:10.939902598Z 2026-09-23T08:30:10.939Z  WARN 1 --- [api-gateway] [r-http-epoll-11] [                                                 ] i.m.o.c.ObservationThreadLocalAccessor   : There is no current scope in thread local. This situation should not happen
api-gateway-1  | 2026-09-23T08:30:10.940202075Z 2026-09-23T08:30:10.939Z  WARN 1 --- [api-gateway] [r-http-epoll-11] [                                                 ] i.m.o.c.ObservationThreadLocalAccessor   : Observation <{name=http.server.requests(http get /api/gateway/owners/{ownerId}), error=null, context=name='http.server.requests', contextualName='http get /api/gateway/owners/{ownerId}', error='null', lowCardinalityKeyValues=[exception='none', method='GET', outcome='SUCCESS', status='200', uri='/api/gateway/owners/{ownerId}'], highCardinalityKeyValues=[http.url='/api/gateway/owners/6'], map=[class io.micrometer.tracing.handler.TracingObservationHandler$TracingContext='TracingContext{span=6ab38e1246479869512dabacea0c8fd5/512dabacea0c8fd5}', class io.micrometer.core.instrument.LongTaskTimer$Sample='SampleImpl{duration(seconds)=-1.0E-9, duration(nanos)=-1.0, startTimeNanos=1690249702764}', class io.micrometer.core.instrument.Timer$Sample='io.micrometer.core.instrument.Timer$Sample@6693d6b7'], parentObservation=null}> to which we're restoring is not the same as the one set as this scope's parent observation <null>. Most likely a manually created Observation has a scope opened that was never closed. This may lead to thread polluting and memory leaks.
api-gateway-1  | 2026-09-23T08:30:10.940274671Z 2026-09-23T08:30:10.940Z  WARN 1 --- [api-gateway] [r-http-epoll-11] [                                                 ] i.m.o.c.ObservationThreadLocalAccessor   : There is no current scope in thread local. This situation should not happen
api-gateway-1  | 2026-09-23T08:30:10.940639115Z 2026-09-23T08:30:10.940Z  WARN 1 --- [api-gateway] [r-http-epoll-11] [                                                 ] i.m.o.c.ObservationThreadLocalAccessor   : Observation <{name=http.server.requests(http get /api/gateway/owners/{ownerId}), error=null, context=name='http.server.requests', contextualName='http get /api/gateway/owners/{ownerId}', error='null', lowCardinalityKeyValues=[exception='none', method='GET', outcome='SUCCESS', status='200', uri='/api/gateway/owners/{ownerId}'], highCardinalityKeyValues=[http.url='/api/gateway/owners/6'], map=[class io.micrometer.tracing.handler.TracingObservationHandler$TracingContext='TracingContext{span=6ab38e1246479869512dabacea0c8fd5/512dabacea0c8fd5}', class io.micrometer.core.instrument.LongTaskTimer$Sample='SampleImpl{duration(seconds)=-1.0E-9, duration(nanos)=-1.0, startTimeNanos=1690249702764}', class io.micrometer.core.instrument.Timer$Sample='io.micrometer.core.instrument.Timer$Sample@6693d6b7'], parentObservation=null}> to which we're restoring is not the same as the one set as this scope's parent observation <null>. Most likely a manually created Observation has a scope opened that was never closed. This may lead to thread polluting and memory leaks.
api-gateway-1  | 2026-09-23T08:30:10.940750426Z 2026-09-23T08:30:10.940Z  WARN 1 --- [api-gateway] [r-http-epoll-11] [                                                 ] i.m.o.c.ObservationThreadLocalAccessor   : There is no current scope in thread local. This situation should not happen
api-gateway-1  | 2026-09-23T08:30:10.941160413Z 2026-09-23T08:30:10.940Z  WARN 1 --- [api-gateway] [r-http-epoll-11] [                                                 ] i.m.o.c.ObservationThreadLocalAccessor   : Observation <{name=http.server.requests(http get /api/gateway/owners/{ownerId}), error=null, context=name='http.server.requests', contextualName='http get /api/gateway/owners/{ownerId}', error='null', lowCardinalityKeyValues=[exception='none', method='GET', outcome='SUCCESS', status='200', uri='/api/gateway/owners/{ownerId}'], highCardinalityKeyValues=[http.url='/api/gateway/owners/6'], map=[class io.micrometer.tracing.handler.TracingObservationHandler$TracingContext='TracingContext{span=6ab38e1246479869512dabacea0c8fd5/512dabacea0c8fd5}', class io.micrometer.core.instrument.LongTaskTimer$Sample='SampleImpl{duration(seconds)=-1.0E-9, duration(nanos)=-1.0, startTimeNanos=1690249702764}', class io.micrometer.core.instrument.Timer$Sample='io.micrometer.core.instrument.Timer$Sample@6693d6b7'], parentObservation=null}> to which we're restoring is not the same as the one set as this scope's parent observation <null>. Most likely a manually created Observation has a scope opened that was never closed. This may lead to thread polluting and memory leaks.
api-gateway-1  | 2026-09-23T08:30:10.941441333Z 2026-09-23T08:30:10.941Z  WARN 1 --- [api-gateway] [r-http-epoll-11] [                                                 ] i.m.o.c.ObservationThreadLocalAccessor   : There is no current scope in thread local. This situation should not happen
api-gateway-1  | 2026-09-23T08:30:10.941868602Z 2026-09-23T08:30:10.941Z  WARN 1 --- [api-gateway] [r-http-epoll-11] [                                                 ] i.m.o.c.ObservationThreadLocalAccessor   : Observation <{name=http.server.requests(http get /api/gateway/owners/{ownerId}), error=null, context=name='http.server.requests', contextualName='http get /api/gateway/owners/{ownerId}', error='null', lowCardinalityKeyValues=[exception='none', method='GET', outcome='SUCCESS', status='200', uri='/api/gateway/owners/{ownerId}'], highCardinalityKeyValues=[http.url='/api/gateway/owners/6'], map=[class io.micrometer.tracing.handler.TracingObservationHandler$TracingContext='TracingContext{span=6ab38e1246479869512dabacea0c8fd5/512dabacea0c8fd5}', class io.micrometer.core.instrument.LongTaskTimer$Sample='SampleImpl{duration(seconds)=-1.0E-9, duration(nanos)=-1.0, startTimeNanos=1690249702764}', class io.micrometer.core.instrument.Timer$Sample='io.micrometer.core.instrument.Timer$Sample@6693d6b7'], parentObservation=null}> to which we're restoring is not the same as the one set as this scope's parent observation <null>. Most likely a manually created Observation has a scope opened that was never closed. This may lead to thread polluting and memory leaks.
api-gateway-1  | 2026-09-23T08:30:10.942282341Z 2026-09-23T08:30:10.942Z  WARN 1 --- [api-gateway] [r-http-epoll-11] [                                                 ] i.m.o.c.ObservationThreadLocalAccessor   : There is no current scope in thread local. This situation should not happen
api-gateway-1  | 2026-09-23T08:30:10.942525898Z 2026-09-23T08:30:10.942Z  WARN 1 --- [api-gateway] [r-http-epoll-11] [                                                 ] i.m.o.c.ObservationThreadLocalAccessor   : Observation <{name=http.server.requests(http get /api/gateway/owners/{ownerId}), error=null, context=name='http.server.requests', contextualName='http get /api/gateway/owners/{ownerId}', error='null', lowCardinalityKeyValues=[exception='none', method='GET', outcome='SUCCESS', status='200', uri='/api/gateway/owners/{ownerId}'], highCardinalityKeyValues=[http.url='/api/gateway/owners/6'], map=[class io.micrometer.tracing.handler.TracingObservationHandler$TracingContext='TracingContext{span=6ab38e1246479869512dabacea0c8fd5/512dabacea0c8fd5}', class io.micrometer.core.instrument.LongTaskTimer$Sample='SampleImpl{duration(seconds)=-1.0E-9, duration(nanos)=-1.0, startTimeNanos=1690249702764}', class io.micrometer.core.instrument.Timer$Sample='io.micrometer.core.instrument.Timer$Sample@6693d6b7'], parentObservation=null}> to which we're restoring is not the same as the one set as this scope's parent observation <null>. Most likely a manually created Observation has a scope opened that was never closed. This may lead to thread polluting and memory leaks.
api-gateway-1  | 2026-09-23T08:30:15.889016333Z 2026-09-23T08:30:15.888Z  WARN 1 --- [api-gateway] [or-http-epoll-3] [6ab38e17069fcf78d031742fe81c2126-d031742fe81c2126] i.m.o.c.ObservationThreadLocalAccessor   : Observation <{name=http.server.requests(null), error=null, context=name='http.server.requests', contextualName='null', error='null', lowCardinalityKeyValues=[exception='none', method='GET', outcome='SUCCESS', status='200', uri='UNKNOWN'], highCardinalityKeyValues=[http.url='/api/gateway/owners/6'], map=[class io.micrometer.tracing.handler.TracingObservationHandler$TracingContext='TracingContext{span=6ab38e17069fcf78d031742fe81c2126/d031742fe81c2126}', class io.micrometer.core.instrument.LongTaskTimer$Sample='SampleImpl{duration(seconds)=0.002763413, duration(nanos)=2763413.0, startTimeNanos=1695228274773}', class io.micrometer.core.instrument.Timer$Sample='io.micrometer.core.instrument.Timer$Sample@1fb31e96'], parentObservation=null}> to which we're restoring is not the same as the one set as this scope's parent observation <null>. Most likely a manually created Observation has a scope opened that was never closed. This may lead to thread polluting and memory leaks.
api-gateway-1  | 2026-09-23T08:30:15.890179009Z 2026-09-23T08:30:15.889Z  WARN 1 --- [api-gateway] [or-http-epoll-3] [                                                 ] i.m.o.c.ObservationThreadLocalAccessor   : There is no current scope in thread local. This situation should not happen
api-gateway-1  | 2026-09-23T08:30:15.890469615Z 2026-09-23T08:30:15.890Z  WARN 1 --- [api-gateway] [or-http-epoll-3] [                                                 ] i.m.o.c.ObservationThreadLocalAccessor   : Observation <{name=http.server.requests(null), error=null, context=name='http.server.requests', contextualName='null', error='null', lowCardinalityKeyValues=[exception='none', method='GET', outcome='SUCCESS', status='200', uri='UNKNOWN'], highCardinalityKeyValues=[http.url='/api/gateway/owners/6'], map=[class io.micrometer.tracing.handler.TracingObservationHandler$TracingContext='TracingContext{span=6ab38e17069fcf78d031742fe81c2126/d031742fe81c2126}', class io.micrometer.core.instrument.LongTaskTimer$Sample='SampleImpl{duration(seconds)=0.004562985, duration(nanos)=4562985.0, startTimeNanos=1695228274773}', class io.micrometer.core.instrument.Timer$Sample='io.micrometer.core.instrument.Timer$Sample@1fb31e96'], parentObservation=null}> to which we're restoring is not the same as the one set as this scope's parent observation <null>. Most likely a manually created Observation has a scope opened that was never closed. This may lead to thread polluting and memory leaks.
api-gateway-1  | 2026-09-23T08:30:15.905399380Z 2026-09-23T08:30:15.904Z  WARN 1 --- [api-gateway] [r-http-epoll-11] [6ab38e17069fcf78d031742fe81c2126-d031742fe81c2126] i.m.o.c.ObservationThreadLocalAccessor   : Observation <{name=http.server.requests(null), error=null, context=name='http.server.requests', contextualName='null', error='null', lowCardinalityKeyValues=[exception='none', method='GET', outcome='SUCCESS', status='200', uri='UNKNOWN'], highCardinalityKeyValues=[http.url='/api/gateway/owners/6'], map=[class io.micrometer.tracing.handler.TracingObservationHandler$TracingContext='TracingContext{span=6ab38e17069fcf78d031742fe81c2126/d031742fe81c2126}', class io.micrometer.core.instrument.LongTaskTimer$Sample='SampleImpl{duration(seconds)=0.018876201, duration(nanos)=1.8876201E7, startTimeNanos=1695228274773}', class io.micrometer.core.instrument.Timer$Sample='io.micrometer.core.instrument.Timer$Sample@1fb31e96'], parentObservation=null}> to which we're restoring is not the same as the one set as this scope's parent observation <null>. Most likely a manually created Observation has a scope opened that was never closed. This may lead to thread polluting and memory leaks.
api-gateway-1  | 2026-09-23T08:30:15.905811614Z 2026-09-23T08:30:15.905Z  WARN 1 --- [api-gateway] [r-http-epoll-11] [                                                 ] o.s.c.l.core.RoundRobinLoadBalancer      : No servers available for service: visits-service
api-gateway-1  | 2026-09-23T08:30:15.906054740Z 2026-09-23T08:30:15.905Z  WARN 1 --- [api-gateway] [r-http-epoll-11] [                                                 ] eactorLoadBalancerExchangeFilterFunction : LoadBalancer does not contain an instance for the service visits-service
api-gateway-1  | 2026-09-23T08:30:15.909198388Z 2026-09-23T08:30:15.908Z  WARN 1 --- [api-gateway] [r-http-epoll-11] [                                                 ] i.m.o.c.ObservationThreadLocalAccessor   : There is no current scope in thread local. This situation should not happen
api-gateway-1  | 2026-09-23T08:30:15.909506416Z 2026-09-23T08:30:15.909Z  WARN 1 --- [api-gateway] [r-http-epoll-11] [                                                 ] i.m.o.c.ObservationThreadLocalAccessor   : Observation <{name=http.server.requests(http get /api/gateway/owners/{ownerId}), error=null, context=name='http.server.requests', contextualName='http get /api/gateway/owners/{ownerId}', error='null', lowCardinalityKeyValues=[exception='none', method='GET', outcome='SUCCESS', status='200', uri='/api/gateway/owners/{ownerId}'], highCardinalityKeyValues=[http.url='/api/gateway/owners/6'], map=[class io.micrometer.tracing.handler.TracingObservationHandler$TracingContext='TracingContext{span=6ab38e17069fcf78d031742fe81c2126/d031742fe81c2126}', class io.micrometer.core.instrument.LongTaskTimer$Sample='SampleImpl{duration(seconds)=-1.0E-9, duration(nanos)=-1.0, startTimeNanos=1695228274773}', class io.micrometer.core.instrument.Timer$Sample='io.micrometer.core.instrument.Timer$Sample@1fb31e96'], parentObservation=null}> to which we're restoring is not the same as the one set as this scope's parent observation <null>. Most likely a manually created Observation has a scope opened that was never closed. This may lead to thread polluting and memory leaks.
api-gateway-1  | 2026-09-23T08:30:15.909672152Z 2026-09-23T08:30:15.909Z  WARN 1 --- [api-gateway] [r-http-epoll-11] [                                                 ] i.m.o.c.ObservationThreadLocalAccessor   : There is no current scope in thread local. This situation should not happen
api-gateway-1  | 2026-09-23T08:30:15.909976349Z 2026-09-23T08:30:15.909Z  WARN 1 --- [api-gateway] [r-http-epoll-11] [                                                 ] i.m.o.c.ObservationThreadLocalAccessor   : Observation <{name=http.server.requests(http get /api/gateway/owners/{ownerId}), error=null, context=name='http.server.requests', contextualName='http get /api/gateway/owners/{ownerId}', error='null', lowCardinalityKeyValues=[exception='none', method='GET', outcome='SUCCESS', status='200', uri='/api/gateway/owners/{ownerId}'], highCardinalityKeyValues=[http.url='/api/gateway/owners/6'], map=[class io.micrometer.tracing.handler.TracingObservationHandler$TracingContext='TracingContext{span=6ab38e17069fcf78d031742fe81c2126/d031742fe81c2126}', class io.micrometer.core.instrument.LongTaskTimer$Sample='SampleImpl{duration(seconds)=-1.0E-9, duration(nanos)=-1.0, startTimeNanos=1695228274773}', class io.micrometer.core.instrument.Timer$Sample='io.micrometer.core.instrument.Timer$Sample@1fb31e96'], parentObservation=null}> to which we're restoring is not the same as the one set as this scope's parent observation <null>. Most likely a manually created Observation has a scope opened that was never closed. This may lead to thread polluting and memory leaks.
api-gateway-1  | 2026-09-23T08:30:15.910079142Z 2026-09-23T08:30:15.909Z  WARN 1 --- [api-gateway] [r-http-epoll-11] [                                                 ] i.m.o.c.ObservationThreadLocalAccessor   : There is no current scope in thread local. This situation should not happen
api-gateway-1  | 2026-09-23T08:30:15.910604194Z 2026-09-23T08:30:15.910Z  WARN 1 --- [api-gateway] [r-http-epoll-11] [                                                 ] i.m.o.c.ObservationThreadLocalAccessor   : Observation <{name=http.server.requests(http get /api/gateway/owners/{ownerId}), error=null, context=name='http.server.requests', contextualName='http get /api/gateway/owners/{ownerId}', error='null', lowCardinalityKeyValues=[exception='none', method='GET', outcome='SUCCESS', status='200', uri='/api/gateway/owners/{ownerId}'], highCardinalityKeyValues=[http.url='/api/gateway/owners/6'], map=[class io.micrometer.tracing.handler.TracingObservationHandler$TracingContext='TracingContext{span=6ab38e17069fcf78d031742fe81c2126/d031742fe81c2126}', class io.micrometer.core.instrument.LongTaskTimer$Sample='SampleImpl{duration(seconds)=-1.0E-9, duration(nanos)=-1.0, startTimeNanos=1695228274773}', class io.micrometer.core.instrument.Timer$Sample='io.micrometer.core.instrument.Timer$Sample@1fb31e96'], parentObservation=null}> to which we're restoring is not the same as the one set as this scope's parent observation <null>. Most likely a manually created Observation has a scope opened that was never closed. This may lead to thread polluting and memory leaks.
api-gateway-1  | 2026-09-23T08:30:15.911003804Z 2026-09-23T08:30:15.910Z  WARN 1 --- [api-gateway] [r-http-epoll-11] [                                                 ] i.m.o.c.ObservationThreadLocalAccessor   : There is no current scope in thread local. This situation should not happen
api-gateway-1  | 2026-09-23T08:30:15.911330094Z 2026-09-23T08:30:15.911Z  WARN 1 --- [api-gateway] [r-http-epoll-11] [                                                 ] i.m.o.c.ObservationThreadLocalAccessor   : Observation <{name=http.server.requests(http get /api/gateway/owners/{ownerId}), error=null, context=name='http.server.requests', contextualName='http get /api/gateway/owners/{ownerId}', error='null', lowCardinalityKeyValues=[exception='none', method='GET', outcome='SUCCESS', status='200', uri='/api/gateway/owners/{ownerId}'], highCardinalityKeyValues=[http.url='/api/gateway/owners/6'], map=[class io.micrometer.tracing.handler.TracingObservationHandler$TracingContext='TracingContext{span=6ab38e17069fcf78d031742fe81c2126/d031742fe81c2126}', class io.micrometer.core.instrument.LongTaskTimer$Sample='SampleImpl{duration(seconds)=-1.0E-9, duration(nanos)=-1.0, startTimeNanos=1695228274773}', class io.micrometer.core.instrument.Timer$Sample='io.micrometer.core.instrument.Timer$Sample@1fb31e96'], parentObservation=null}> to which we're restoring is not the same as the one set as this scope's parent observation <null>. Most likely a manually created Observation has a scope opened that was never closed. This may lead to thread polluting and memory leaks.
api-gateway-1  | 2026-09-23T08:30:15.911523536Z 2026-09-23T08:30:15.911Z  WARN 1 --- [api-gateway] [r-http-epoll-11] [                                                 ] i.m.o.c.ObservationThreadLocalAccessor   : There is no current scope in thread local. This situation should not happen
api-gateway-1  | 2026-09-23T08:30:15.911889256Z 2026-09-23T08:30:15.911Z  WARN 1 --- [api-gateway] [r-http-epoll-11] [                                                 ] i.m.o.c.ObservationThreadLocalAccessor   : Observation <{name=http.server.requests(http get /api/gateway/owners/{ownerId}), error=null, context=name='http.server.requests', contextualName='http get /api/gateway/owners/{ownerId}', error='null', lowCardinalityKeyValues=[exception='none', method='GET', outcome='SUCCESS', status='200', uri='/api/gateway/owners/{ownerId}'], highCardinalityKeyValues=[http.url='/api/gateway/owners/6'], map=[class io.micrometer.tracing.handler.TracingObservationHandler$TracingContext='TracingContext{span=6ab38e17069fcf78d031742fe81c2126/d031742fe81c2126}', class io.micrometer.core.instrument.LongTaskTimer$Sample='SampleImpl{duration(seconds)=-1.0E-9, duration(nanos)=-1.0, startTimeNanos=1695228274773}', class io.micrometer.core.instrument.Timer$Sample='io.micrometer.core.instrument.Timer$Sample@1fb31e96'], parentObservation=null}> to which we're restoring is not the same as the one set as this scope's parent observation <null>. Most likely a manually created Observation has a scope opened that was never closed. This may lead to thread polluting and memory leaks.
api-gateway-1  | 2026-09-23T08:30:20.910135697Z 2026-09-23T08:30:20.909Z  WARN 1 --- [api-gateway] [or-http-epoll-4] [6ab38e1cd27236456692caa3422d5a26-6692caa3422d5a26] i.m.o.c.ObservationThreadLocalAccessor   : Observation <{name=http.server.requests(null), error=null, context=name='http.server.requests', contextualName='null', error='null', lowCardinalityKeyValues=[exception='none', method='GET', outcome='SUCCESS', status='200', uri='UNKNOWN'], highCardinalityKeyValues=[http.url='/api/gateway/owners/6'], map=[class io.micrometer.tracing.handler.TracingObservationHandler$TracingContext='TracingContext{span=6ab38e1cd27236456692caa3422d5a26/6692caa3422d5a26}', class io.micrometer.core.instrument.LongTaskTimer$Sample='SampleImpl{duration(seconds)=0.003109642, duration(nanos)=3109642.0, startTimeNanos=1700249000259}', class io.micrometer.core.instrument.Timer$Sample='io.micrometer.core.instrument.Timer$Sample@6eee2869'], parentObservation=null}> to which we're restoring is not the same as the one set as this scope's parent observation <null>. Most likely a manually created Observation has a scope opened that was never closed. This may lead to thread polluting and memory leaks.
api-gateway-1  | 2026-09-23T08:30:20.912180144Z 2026-09-23T08:30:20.911Z  WARN 1 --- [api-gateway] [or-http-epoll-4] [                                                 ] i.m.o.c.ObservationThreadLocalAccessor   : There is no current scope in thread local. This situation should not happen
api-gateway-1  | 2026-09-23T08:30:20.912551576Z 2026-09-23T08:30:20.912Z  WARN 1 --- [api-gateway] [or-http-epoll-4] [                                                 ] i.m.o.c.ObservationThreadLocalAccessor   : Observation <{name=http.server.requests(null), error=null, context=name='http.server.requests', contextualName='null', error='null', lowCardinalityKeyValues=[exception='none', method='GET', outcome='SUCCESS', status='200', uri='UNKNOWN'], highCardinalityKeyValues=[http.url='/api/gateway/owners/6'], map=[class io.micrometer.tracing.handler.TracingObservationHandler$TracingContext='TracingContext{span=6ab38e1cd27236456692caa3422d5a26/6692caa3422d5a26}', class io.micrometer.core.instrument.LongTaskTimer$Sample='SampleImpl{duration(seconds)=0.005847205, duration(nanos)=5847205.0, startTimeNanos=1700249000259}', class io.micrometer.core.instrument.Timer$Sample='io.micrometer.core.instrument.Timer$Sample@6eee2869'], parentObservation=null}> to which we're restoring is not the same as the one set as this scope's parent observation <null>. Most likely a manually created Observation has a scope opened that was never closed. This may lead to thread polluting and memory leaks.
api-gateway-1  | 2026-09-23T08:30:20.935387885Z 2026-09-23T08:30:20.935Z  WARN 1 --- [api-gateway] [r-http-epoll-11] [6ab38e1cd27236456692caa3422d5a26-6692caa3422d5a26] i.m.o.c.ObservationThreadLocalAccessor   : Observation <{name=http.server.requests(null), error=null, context=name='http.server.requests', contextualName='null', error='null', lowCardinalityKeyValues=[exception='none', method='GET', outcome='SUCCESS', status='200', uri='UNKNOWN'], highCardinalityKeyValues=[http.url='/api/gateway/owners/6'], map=[class io.micrometer.tracing.handler.TracingObservationHandler$TracingContext='TracingContext{span=6ab38e1cd27236456692caa3422d5a26/6692caa3422d5a26}', class io.micrometer.core.instrument.LongTaskTimer$Sample='SampleImpl{duration(seconds)=0.028639149, duration(nanos)=2.8639149E7, startTimeNanos=1700249000259}', class io.micrometer.core.instrument.Timer$Sample='io.micrometer.core.instrument.Timer$Sample@6eee2869'], parentObservation=null}> to which we're restoring is not the same as the one set as this scope's parent observation <null>. Most likely a manually created Observation has a scope opened that was never closed. This may lead to thread polluting and memory leaks.
api-gateway-1  | 2026-09-23T08:30:20.939953359Z 2026-09-23T08:30:20.939Z  WARN 1 --- [api-gateway] [r-http-epoll-11] [                                                 ] i.m.o.c.ObservationThreadLocalAccessor   : There is no current scope in thread local. This situation should not happen
api-gateway-1  | 2026-09-23T08:30:20.940200666Z 2026-09-23T08:30:20.940Z  WARN 1 --- [api-gateway] [r-http-epoll-11] [                                                 ] i.m.o.c.ObservationThreadLocalAccessor   : Observation <{name=http.server.requests(null), error=null, context=name='http.server.requests', contextualName='null', error='null', lowCardinalityKeyValues=[exception='none', method='GET', outcome='SUCCESS', status='200', uri='UNKNOWN'], highCardinalityKeyValues=[http.url='/api/gateway/owners/6'], map=[class io.micrometer.tracing.handler.TracingObservationHandler$TracingContext='TracingContext{span=6ab38e1cd27236456692caa3422d5a26/6692caa3422d5a26}', class io.micrometer.core.instrument.LongTaskTimer$Sample='SampleImpl{duration(seconds)=0.033623133, duration(nanos)=3.3623133E7, startTimeNanos=1700249000259}', class io.micrometer.core.instrument.Timer$Sample='io.micrometer.core.instrument.Timer$Sample@6eee2869'], parentObservation=null}> to which we're restoring is not the same as the one set as this scope's parent observation <null>. Most likely a manually created Observation has a scope opened that was never closed. This may lead to thread polluting and memory leaks.
api-gateway-1  | 2026-09-23T08:30:20.940275664Z 2026-09-23T08:30:20.940Z  WARN 1 --- [api-gateway] [r-http-epoll-11] [                                                 ] i.m.o.c.ObservationThreadLocalAccessor   : There is no current scope in thread local. This situation should not happen
api-gateway-1  | 2026-09-23T08:30:20.940605519Z 2026-09-23T08:30:20.940Z  WARN 1 --- [api-gateway] [r-http-epoll-11] [                                                 ] i.m.o.c.ObservationThreadLocalAccessor   : Observation <{name=http.server.requests(null), error=null, context=name='http.server.requests', contextualName='null', error='null', lowCardinalityKeyValues=[exception='none', method='GET', outcome='SUCCESS', status='200', uri='UNKNOWN'], highCardinalityKeyValues=[http.url='/api/gateway/owners/6'], map=[class io.micrometer.tracing.handler.TracingObservationHandler$TracingContext='TracingContext{span=6ab38e1cd27236456692caa3422d5a26/6692caa3422d5a26}', class io.micrometer.core.instrument.LongTaskTimer$Sample='SampleImpl{duration(seconds)=0.034011338, duration(nanos)=3.4011338E7, startTimeNanos=1700249000259}', class io.micrometer.core.instrument.Timer$Sample='io.micrometer.core.instrument.Timer$Sample@6eee2869'], parentObservation=null}> to which we're restoring is not the same as the one set as this scope's parent observation <null>. Most likely a manually created Observation has a scope opened that was never closed. This may lead to thread polluting and memory leaks.
api-gateway-1  | 2026-09-23T08:30:20.940618765Z 2026-09-23T08:30:20.940Z  WARN 1 --- [api-gateway] [r-http-epoll-11] [                                                 ] i.m.o.c.ObservationThreadLocalAccessor   : There is no current scope in thread local. This situation should not happen
api-gateway-1  | 2026-09-23T08:30:20.940798429Z 2026-09-23T08:30:20.940Z  WARN 1 --- [api-gateway] [r-http-epoll-11] [                                                 ] i.m.o.c.ObservationThreadLocalAccessor   : Observation <{name=http.server.requests(null), error=null, context=name='http.server.requests', contextualName='null', error='null', lowCardinalityKeyValues=[exception='none', method='GET', outcome='SUCCESS', status='200', uri='UNKNOWN'], highCardinalityKeyValues=[http.url='/api/gateway/owners/6'], map=[class io.micrometer.tracing.handler.TracingObservationHandler$TracingContext='TracingContext{span=6ab38e1cd27236456692caa3422d5a26/6692caa3422d5a26}', class io.micrometer.core.instrument.LongTaskTimer$Sample='SampleImpl{duration(seconds)=0.034270619, duration(nanos)=3.4270619E7, startTimeNanos=1700249000259}', class io.micrometer.core.instrument.Timer$Sample='io.micrometer.core.instrument.Timer$Sample@6eee2869'], parentObservation=null}> to which we're restoring is not the same as the one set as this scope's parent observation <null>. Most likely a manually created Observation has a scope opened that was never closed. This may lead to thread polluting and memory leaks.
api-gateway-1  | 2026-09-23T08:30:20.940879599Z 2026-09-23T08:30:20.940Z  WARN 1 --- [api-gateway] [r-http-epoll-11] [                                                 ] i.m.o.c.ObservationThreadLocalAccessor   : There is no current scope in thread local. This situation should not happen
api-gateway-1  | 2026-09-23T08:30:20.941210524Z 2026-09-23T08:30:20.940Z  WARN 1 --- [api-gateway] [r-http-epoll-11] [                                                 ] i.m.o.c.ObservationThreadLocalAccessor   : Observation <{name=http.server.requests(null), error=null, context=name='http.server.requests', contextualName='null', error='null', lowCardinalityKeyValues=[exception='none', method='GET', outcome='SUCCESS', status='200', uri='UNKNOWN'], highCardinalityKeyValues=[http.url='/api/gateway/owners/6'], map=[class io.micrometer.tracing.handler.TracingObservationHandler$TracingContext='TracingContext{span=6ab38e1cd27236456692caa3422d5a26/6692caa3422d5a26}', class io.micrometer.core.instrument.LongTaskTimer$Sample='SampleImpl{duration(seconds)=0.034599597, duration(nanos)=3.4599597E7, startTimeNanos=1700249000259}', class io.micrometer.core.instrument.Timer$Sample='io.micrometer.core.instrument.Timer$Sample@6eee2869'], parentObservation=null}> to which we're restoring is not the same as the one set as this scope's parent observation <null>. Most likely a manually created Observation has a scope opened that was never closed. This may lead to thread polluting and memory leaks.
api-gateway-1  | 2026-09-23T08:30:22.546314125Z 2026-09-23T08:30:22.545Z  WARN 1 --- [api-gateway] [or-http-epoll-6] [6ab38e1eee0d812290a726e840228b60-90a726e840228b60] i.m.o.c.ObservationThreadLocalAccessor   : Observation <{name=http.server.requests(null), error=null, context=name='http.server.requests', contextualName='null', error='null', lowCardinalityKeyValues=[exception='none', method='GET', outcome='SUCCESS', status='200', uri='UNKNOWN'], highCardinalityKeyValues=[http.url='/api/gateway/owners/6'], map=[class io.micrometer.tracing.handler.TracingObservationHandler$TracingContext='TracingContext{span=6ab38e1eee0d812290a726e840228b60/90a726e840228b60}', class io.micrometer.core.instrument.LongTaskTimer$Sample='SampleImpl{duration(seconds)=0.00258758, duration(nanos)=2587580.0, startTimeNanos=1701885923388}', class io.micrometer.core.instrument.Timer$Sample='io.micrometer.core.instrument.Timer$Sample@10b585ff'], parentObservation=null}> to which we're restoring is not the same as the one set as this scope's parent observation <null>. Most likely a manually created Observation has a scope opened that was never closed. This may lead to thread polluting and memory leaks.
api-gateway-1  | 2026-09-23T08:30:22.547305409Z 2026-09-23T08:30:22.546Z  WARN 1 --- [api-gateway] [or-http-epoll-6] [                                                 ] i.m.o.c.ObservationThreadLocalAccessor   : There is no current scope in thread local. This situation should not happen
api-gateway-1  | 2026-09-23T08:30:22.547519411Z 2026-09-23T08:30:22.547Z  WARN 1 --- [api-gateway] [or-http-epoll-6] [                                                 ] i.m.o.c.ObservationThreadLocalAccessor   : Observation <{name=http.server.requests(null), error=null, context=name='http.server.requests', contextualName='null', error='null', lowCardinalityKeyValues=[exception='none', method='GET', outcome='SUCCESS', status='200', uri='UNKNOWN'], highCardinalityKeyValues=[http.url='/api/gateway/owners/6'], map=[class io.micrometer.tracing.handler.TracingObservationHandler$TracingContext='TracingContext{span=6ab38e1eee0d812290a726e840228b60/90a726e840228b60}', class io.micrometer.core.instrument.LongTaskTimer$Sample='SampleImpl{duration(seconds)=0.003928183, duration(nanos)=3928183.0, startTimeNanos=1701885923388}', class io.micrometer.core.instrument.Timer$Sample='io.micrometer.core.instrument.Timer$Sample@10b585ff'], parentObservation=null}> to which we're restoring is not the same as the one set as this scope's parent observation <null>. Most likely a manually created Observation has a scope opened that was never closed. This may lead to thread polluting and memory leaks.
api-gateway-1  | 2026-09-23T08:30:22.563018405Z 2026-09-23T08:30:22.562Z  WARN 1 --- [api-gateway] [r-http-epoll-11] [6ab38e1eee0d812290a726e840228b60-90a726e840228b60] i.m.o.c.ObservationThreadLocalAccessor   : Observation <{name=http.server.requests(null), error=null, context=name='http.server.requests', contextualName='null', error='null', lowCardinalityKeyValues=[exception='none', method='GET', outcome='SUCCESS', status='200', uri='UNKNOWN'], highCardinalityKeyValues=[http.url='/api/gateway/owners/6'], map=[class io.micrometer.tracing.handler.TracingObservationHandler$TracingContext='TracingContext{span=6ab38e1eee0d812290a726e840228b60/90a726e840228b60}', class io.micrometer.core.instrument.LongTaskTimer$Sample='SampleImpl{duration(seconds)=0.019020057, duration(nanos)=1.9020057E7, startTimeNanos=1701885923388}', class io.micrometer.core.instrument.Timer$Sample='io.micrometer.core.instrument.Timer$Sample@10b585ff'], parentObservation=null}> to which we're restoring is not the same as the one set as this scope's parent observation <null>. Most likely a manually created Observation has a scope opened that was never closed. This may lead to thread polluting and memory leaks.
api-gateway-1  | 2026-09-23T08:30:22.563208685Z 2026-09-23T08:30:22.562Z  WARN 1 --- [api-gateway] [r-http-epoll-11] [                                                 ] i.m.o.c.ObservationThreadLocalAccessor   : There is no current scope in thread local. This situation should not happen
api-gateway-1  | 2026-09-23T08:30:22.563618323Z 2026-09-23T08:30:22.563Z  WARN 1 --- [api-gateway] [r-http-epoll-11] [                                                 ] i.m.o.c.ObservationThreadLocalAccessor   : Observation <{name=http.server.requests(null), error=null, context=name='http.server.requests', contextualName='null', error='null', lowCardinalityKeyValues=[exception='none', method='GET', outcome='SUCCESS', status='200', uri='UNKNOWN'], highCardinalityKeyValues=[http.url='/api/gateway/owners/6'], map=[class io.micrometer.tracing.handler.TracingObservationHandler$TracingContext='TracingContext{span=6ab38e1eee0d812290a726e840228b60/90a726e840228b60}', class io.micrometer.core.instrument.LongTaskTimer$Sample='SampleImpl{duration(seconds)=0.020024427, duration(nanos)=2.0024427E7, startTimeNanos=1701885923388}', class io.micrometer.core.instrument.Timer$Sample='io.micrometer.core.instrument.Timer$Sample@10b585ff'], parentObservation=null}> to which we're restoring is not the same as the one set as this scope's parent observation <null>. Most likely a manually created Observation has a scope opened that was never closed. This may lead to thread polluting and memory leaks.
api-gateway-1  | 2026-09-23T08:30:22.563818134Z 2026-09-23T08:30:22.563Z  WARN 1 --- [api-gateway] [r-http-epoll-11] [                                                 ] i.m.o.c.ObservationThreadLocalAccessor   : There is no current scope in thread local. This situation should not happen
api-gateway-1  | 2026-09-23T08:30:22.564045693Z 2026-09-23T08:30:22.563Z  WARN 1 --- [api-gateway] [r-http-epoll-11] [                                                 ] i.m.o.c.ObservationThreadLocalAccessor   : Observation <{name=http.server.requests(null), error=null, context=name='http.server.requests', contextualName='null', error='null', lowCardinalityKeyValues=[exception='none', method='GET', outcome='SUCCESS', status='200', uri='UNKNOWN'], highCardinalityKeyValues=[http.url='/api/gateway/owners/6'], map=[class io.micrometer.tracing.handler.TracingObservationHandler$TracingContext='TracingContext{span=6ab38e1eee0d812290a726e840228b60/90a726e840228b60}', class io.micrometer.core.instrument.LongTaskTimer$Sample='SampleImpl{duration(seconds)=0.020563028, duration(nanos)=2.0563028E7, startTimeNanos=1701885923388}', class io.micrometer.core.instrument.Timer$Sample='io.micrometer.core.instrument.Timer$Sample@10b585ff'], parentObservation=null}> to which we're restoring is not the same as the one set as this scope's parent observation <null>. Most likely a manually created Observation has a scope opened that was never closed. This may lead to thread polluting and memory leaks.
api-gateway-1  | 2026-09-23T08:30:22.565684696Z 2026-09-23T08:30:22.565Z  WARN 1 --- [api-gateway] [r-http-epoll-11] [                                                 ] i.m.o.c.ObservationThreadLocalAccessor   : There is no current scope in thread local. This situation should not happen
api-gateway-1  | 2026-09-23T08:30:22.566165501Z 2026-09-23T08:30:22.565Z  WARN 1 --- [api-gateway] [r-http-epoll-11] [                                                 ] i.m.o.c.ObservationThreadLocalAccessor   : Observation <{name=http.server.requests(null), error=null, context=name='http.server.requests', contextualName='null', error='null', lowCardinalityKeyValues=[exception='none', method='GET', outcome='SUCCESS', status='200', uri='UNKNOWN'], highCardinalityKeyValues=[http.url='/api/gateway/owners/6'], map=[class io.micrometer.tracing.handler.TracingObservationHandler$TracingContext='TracingContext{span=6ab38e1eee0d812290a726e840228b60/90a726e840228b60}', class io.micrometer.core.instrument.LongTaskTimer$Sample='SampleImpl{duration(seconds)=0.022548211, duration(nanos)=2.2548211E7, startTimeNanos=1701885923388}', class io.micrometer.core.instrument.Timer$Sample='io.micrometer.core.instrument.Timer$Sample@10b585ff'], parentObservation=null}> to which we're restoring is not the same as the one set as this scope's parent observation <null>. Most likely a manually created Observation has a scope opened that was never closed. This may lead to thread polluting and memory leaks.
api-gateway-1  | 2026-09-23T08:30:22.566481946Z 2026-09-23T08:30:22.566Z  WARN 1 --- [api-gateway] [r-http-epoll-11] [                                                 ] i.m.o.c.ObservationThreadLocalAccessor   : There is no current scope in thread local. This situation should not happen
api-gateway-1  | 2026-09-23T08:30:22.566867387Z 2026-09-23T08:30:22.566Z  WARN 1 --- [api-gateway] [r-http-epoll-11] [                                                 ] i.m.o.c.ObservationThreadLocalAccessor   : Observation <{name=http.server.requests(null), error=null, context=name='http.server.requests', contextualName='null', error='null', lowCardinalityKeyValues=[exception='none', method='GET', outcome='SUCCESS', status='200', uri='UNKNOWN'], highCardinalityKeyValues=[http.url='/api/gateway/owners/6'], map=[class io.micrometer.tracing.handler.TracingObservationHandler$TracingContext='TracingContext{span=6ab38e1eee0d812290a726e840228b60/90a726e840228b60}', class io.micrometer.core.instrument.LongTaskTimer$Sample='SampleImpl{duration(seconds)=0.023270966, duration(nanos)=2.3270966E7, startTimeNanos=1701885923388}', class io.micrometer.core.instrument.Timer$Sample='io.micrometer.core.instrument.Timer$Sample@10b585ff'], parentObservation=null}> to which we're restoring is not the same as the one set as this scope's parent observation <null>. Most likely a manually created Observation has a scope opened that was never closed. This may lead to thread polluting and memory leaks.
api-gateway-1  | 2026-09-23T08:30:22.566882867Z 2026-09-23T08:30:22.566Z  WARN 1 --- [api-gateway] [r-http-epoll-11] [                                                 ] i.m.o.c.ObservationThreadLocalAccessor   : There is no current scope in thread local. This situation should not happen
api-gateway-1  | 2026-09-23T08:30:22.567314347Z 2026-09-23T08:30:22.567Z  WARN 1 --- [api-gateway] [r-http-epoll-11] [                                                 ] i.m.o.c.ObservationThreadLocalAccessor   : Observation <{name=http.server.requests(null), error=null, context=name='http.server.requests', contextualName='null', error='null', lowCardinalityKeyValues=[exception='none', method='GET', outcome='SUCCESS', status='200', uri='UNKNOWN'], highCardinalityKeyValues=[http.url='/api/gateway/owners/6'], map=[class io.micrometer.tracing.handler.TracingObservationHandler$TracingContext='TracingContext{span=6ab38e1eee0d812290a726e840228b60/90a726e840228b60}', class io.micrometer.core.instrument.LongTaskTimer$Sample='SampleImpl{duration(seconds)=0.02372961, duration(nanos)=2.372961E7, startTimeNanos=1701885923388}', class io.micrometer.core.instrument.Timer$Sample='io.micrometer.core.instrument.Timer$Sample@10b585ff'], parentObservation=null}> to which we're restoring is not the same as the one set as this scope's parent observation <null>. Most likely a manually created Observation has a scope opened that was never closed. This may lead to thread polluting and memory leaks.
api-gateway-1  | 2026-09-23T08:30:22.567522288Z 2026-09-23T08:30:22.567Z  WARN 1 --- [api-gateway] [r-http-epoll-11] [                                                 ] i.m.o.c.ObservationThreadLocalAccessor   : There is no current scope in thread local. This situation should not happen
api-gateway-1  | 2026-09-23T08:30:22.567753424Z 2026-09-23T08:30:22.567Z  WARN 1 --- [api-gateway] [r-http-epoll-11] [                                                 ] i.m.o.c.ObservationThreadLocalAccessor   : Observation <{name=http.server.requests(null), error=null, context=name='http.server.requests', contextualName='null', error='null', lowCardinalityKeyValues=[exception='none', method='GET', outcome='SUCCESS', status='200', uri='UNKNOWN'], highCardinalityKeyValues=[http.url='/api/gateway/owners/6'], map=[class io.micrometer.tracing.handler.TracingObservationHandler$TracingContext='TracingContext{span=6ab38e1eee0d812290a726e840228b60/90a726e840228b60}', class io.micrometer.core.instrument.LongTaskTimer$Sample='SampleImpl{duration(seconds)=0.024272302, duration(nanos)=2.4272302E7, startTimeNanos=1701885923388}', class io.micrometer.core.instrument.Timer$Sample='io.micrometer.core.instrument.Timer$Sample@10b585ff'], parentObservation=null}> to which we're restoring is not the same as the one set as this scope's parent observation <null>. Most likely a manually created Observation has a scope opened that was never closed. This may lead to thread polluting and memory leaks.
