api-gateway-1  | 2026-09-23T08:24:45.740125035Z 08:24:45,738 |-WARN in ch.qos.logback.core.model.processor.ImplicitModelHandler - Ignoring unknown property [jmxConfigurator] in [ch.qos.logback.classic.LoggerContext]
api-gateway-1  | 2026-09-23T08:24:45.844301954Z 
api-gateway-1  | 2026-09-23T08:24:45.844343486Z   .   ____          _            __ _ _
api-gateway-1  | 2026-09-23T08:24:45.844348546Z  /\\ / ___'_ __ _ _(_)_ __  __ _ \ \ \ \
api-gateway-1  | 2026-09-23T08:24:45.844353285Z ( ( )\___ | '_ | '_| | '_ \/ _` | \ \ \ \
api-gateway-1  | 2026-09-23T08:24:45.844357523Z  \\/  ___)| |_)| | | | | || (_| |  ) ) ) )
api-gateway-1  | 2026-09-23T08:24:45.844361511Z   '  |____| .__|_| |_|_| |_\__, | / / / /
api-gateway-1  | 2026-09-23T08:24:45.844365369Z  =========|_|==============|___/=/_/_/_/
api-gateway-1  | 2026-09-23T08:24:45.844369357Z 
api-gateway-1  | 2026-09-23T08:24:45.844752807Z  :: Spring Boot ::                (v4.0.1)
api-gateway-1  | 2026-09-23T08:24:45.844764500Z 
api-gateway-1  | 2026-09-23T08:24:45.954369563Z 2026-09-23T08:24:45.949Z  INFO 1 --- [api-gateway] [           main] [                                                 ] o.s.s.p.api.ApiGatewayApplication        : Starting ApiGatewayApplication v4.0.1 using Java 17.0.20 with PID 1 (/application/BOOT-INF/classes started by root in /application)
api-gateway-1  | 2026-09-23T08:24:45.957721176Z 2026-09-23T08:24:45.957Z  INFO 1 --- [api-gateway] [           main] [                                                 ] o.s.s.p.api.ApiGatewayApplication        : The following 1 profile is active: "docker"
api-gateway-1  | 2026-09-23T08:24:46.023032327Z 2026-09-23T08:24:46.022Z  INFO 1 --- [api-gateway] [           main] [                                                 ] o.s.c.c.c.ConfigServerConfigDataLoader   : Fetching config from server at : http://localhost:8888/
api-gateway-1  | 2026-09-23T08:24:46.023639483Z 2026-09-23T08:24:46.023Z  INFO 1 --- [api-gateway] [           main] [                                                 ] o.s.c.c.c.ConfigServerConfigDataLoader   : Exception on Url - http://localhost:8888/:org.springframework.web.client.ResourceAccessException: I/O error on GET request for "http://localhost:8888/api-gateway/default": Connection refused. Will be trying the next url if available
api-gateway-1  | 2026-09-23T08:24:46.024210755Z 2026-09-23T08:24:46.023Z  WARN 1 --- [api-gateway] [           main] [                                                 ] o.s.c.c.c.ConfigServerConfigDataLoader   : Could not locate PropertySource ([ConfigServerConfigDataResource@3ee39da0 uris = array<String>['http://localhost:8888/'], optional = true, profiles = 'default']): I/O error on GET request for "http://localhost:8888/api-gateway/default": Connection refused
api-gateway-1  | 2026-09-23T08:24:46.026143307Z 2026-09-23T08:24:46.025Z  INFO 1 --- [api-gateway] [           main] [                                                 ] o.s.c.c.c.ConfigServerConfigDataLoader   : Fetching config from server at : http://config-server:8888
api-gateway-1  | 2026-09-23T08:24:46.026640475Z 2026-09-23T08:24:46.026Z  INFO 1 --- [api-gateway] [           main] [                                                 ] o.s.c.c.c.ConfigServerConfigDataLoader   : Located environment: name=api-gateway, profiles=[docker], label=null, version=323993ce2519c6d02df63e08bf4458d123d3b611, state=
api-gateway-1  | 2026-09-23T08:24:46.027544818Z 2026-09-23T08:24:46.026Z  INFO 1 --- [api-gateway] [           main] [                                                 ] o.s.c.c.c.ConfigServerConfigDataLoader   : Fetching config from server at : http://config-server:8888
api-gateway-1  | 2026-09-23T08:24:46.028254648Z 2026-09-23T08:24:46.027Z  INFO 1 --- [api-gateway] [           main] [                                                 ] o.s.c.c.c.ConfigServerConfigDataLoader   : Located environment: name=api-gateway, profiles=[default], label=null, version=323993ce2519c6d02df63e08bf4458d123d3b611, state=
api-gateway-1  | 2026-09-23T08:24:46.029698508Z 2026-09-23T08:24:46.029Z  INFO 1 --- [api-gateway] [           main] [                                                 ] o.s.c.c.c.ConfigServerConfigDataLoader   : Fetching config from server at : http://localhost:8888/
api-gateway-1  | 2026-09-23T08:24:46.030175163Z 2026-09-23T08:24:46.029Z  INFO 1 --- [api-gateway] [           main] [                                                 ] o.s.c.c.c.ConfigServerConfigDataLoader   : Exception on Url - http://localhost:8888/:org.springframework.web.client.ResourceAccessException: I/O error on GET request for "http://localhost:8888/api-gateway/docker": Connection refused. Will be trying the next url if available
api-gateway-1  | 2026-09-23T08:24:46.030584690Z 2026-09-23T08:24:46.030Z  WARN 1 --- [api-gateway] [           main] [                                                 ] o.s.c.c.c.ConfigServerConfigDataLoader   : Could not locate PropertySource ([ConfigServerConfigDataResource@25c5e994 uris = array<String>['http://localhost:8888/'], optional = true, profiles = 'docker']): I/O error on GET request for "http://localhost:8888/api-gateway/docker": Connection refused
api-gateway-1  | 2026-09-23T08:24:46.032267660Z 2026-09-23T08:24:46.031Z  INFO 1 --- [api-gateway] [           main] [                                                 ] o.s.c.c.c.ConfigServerConfigDataLoader   : Fetching config from server at : http://localhost:8888/
api-gateway-1  | 2026-09-23T08:24:46.032932889Z 2026-09-23T08:24:46.032Z  INFO 1 --- [api-gateway] [           main] [                                                 ] o.s.c.c.c.ConfigServerConfigDataLoader   : Exception on Url - http://localhost:8888/:org.springframework.web.client.ResourceAccessException: I/O error on GET request for "http://localhost:8888/api-gateway/default": Connection refused. Will be trying the next url if available
api-gateway-1  | 2026-09-23T08:24:46.034887038Z 2026-09-23T08:24:46.033Z  WARN 1 --- [api-gateway] [           main] [                                                 ] o.s.c.c.c.ConfigServerConfigDataLoader   : Could not locate PropertySource ([ConfigServerConfigDataResource@378bd86d uris = array<String>['http://localhost:8888/'], optional = true, profiles = 'default']): I/O error on GET request for "http://localhost:8888/api-gateway/default": Connection refused
api-gateway-1  | 2026-09-23T08:24:48.503008351Z 2026-09-23T08:24:48.502Z  INFO 1 --- [api-gateway] [           main] [                                                 ] o.s.cloud.context.scope.GenericScope     : BeanFactory id=4e6f2acc-c6f8-3291-a3f9-5cf9a8a06056
api-gateway-1  | 2026-09-23T08:24:50.050139863Z 2026-09-23T08:24:50.049Z  INFO 1 --- [api-gateway] [           main] [                                                 ] o.s.c.g.r.RouteDefinitionRouteLocator    : Loaded RoutePredicateFactory [After]
api-gateway-1  | 2026-09-23T08:24:50.051298623Z 2026-09-23T08:24:50.050Z  INFO 1 --- [api-gateway] [           main] [                                                 ] o.s.c.g.r.RouteDefinitionRouteLocator    : Loaded RoutePredicateFactory [Before]
api-gateway-1  | 2026-09-23T08:24:50.051863874Z 2026-09-23T08:24:50.051Z  INFO 1 --- [api-gateway] [           main] [                                                 ] o.s.c.g.r.RouteDefinitionRouteLocator    : Loaded RoutePredicateFactory [Between]
api-gateway-1  | 2026-09-23T08:24:50.052170492Z 2026-09-23T08:24:50.051Z  INFO 1 --- [api-gateway] [           main] [                                                 ] o.s.c.g.r.RouteDefinitionRouteLocator    : Loaded RoutePredicateFactory [Cookie]
api-gateway-1  | 2026-09-23T08:24:50.052405466Z 2026-09-23T08:24:50.052Z  INFO 1 --- [api-gateway] [           main] [                                                 ] o.s.c.g.r.RouteDefinitionRouteLocator    : Loaded RoutePredicateFactory [Header]
api-gateway-1  | 2026-09-23T08:24:50.052873840Z 2026-09-23T08:24:50.052Z  INFO 1 --- [api-gateway] [           main] [                                                 ] o.s.c.g.r.RouteDefinitionRouteLocator    : Loaded RoutePredicateFactory [Host]
api-gateway-1  | 2026-09-23T08:24:50.053041204Z 2026-09-23T08:24:50.052Z  INFO 1 --- [api-gateway] [           main] [                                                 ] o.s.c.g.r.RouteDefinitionRouteLocator    : Loaded RoutePredicateFactory [Method]
api-gateway-1  | 2026-09-23T08:24:50.053197046Z 2026-09-23T08:24:50.052Z  INFO 1 --- [api-gateway] [           main] [                                                 ] o.s.c.g.r.RouteDefinitionRouteLocator    : Loaded RoutePredicateFactory [Path]
api-gateway-1  | 2026-09-23T08:24:50.053702257Z 2026-09-23T08:24:50.053Z  INFO 1 --- [api-gateway] [           main] [                                                 ] o.s.c.g.r.RouteDefinitionRouteLocator    : Loaded RoutePredicateFactory [Query]
api-gateway-1  | 2026-09-23T08:24:50.054330004Z 2026-09-23T08:24:50.053Z  INFO 1 --- [api-gateway] [           main] [                                                 ] o.s.c.g.r.RouteDefinitionRouteLocator    : Loaded RoutePredicateFactory [ReadBody]
api-gateway-1  | 2026-09-23T08:24:50.054826019Z 2026-09-23T08:24:50.054Z  INFO 1 --- [api-gateway] [           main] [                                                 ] o.s.c.g.r.RouteDefinitionRouteLocator    : Loaded RoutePredicateFactory [RemoteAddr]
api-gateway-1  | 2026-09-23T08:24:50.055152278Z 2026-09-23T08:24:50.054Z  INFO 1 --- [api-gateway] [           main] [                                                 ] o.s.c.g.r.RouteDefinitionRouteLocator    : Loaded RoutePredicateFactory [Version]
api-gateway-1  | 2026-09-23T08:24:50.055575819Z 2026-09-23T08:24:50.055Z  INFO 1 --- [api-gateway] [           main] [                                                 ] o.s.c.g.r.RouteDefinitionRouteLocator    : Loaded RoutePredicateFactory [XForwardedRemoteAddr]
api-gateway-1  | 2026-09-23T08:24:50.055783883Z 2026-09-23T08:24:50.055Z  INFO 1 --- [api-gateway] [           main] [                                                 ] o.s.c.g.r.RouteDefinitionRouteLocator    : Loaded RoutePredicateFactory [Weight]
api-gateway-1  | 2026-09-23T08:24:50.056030566Z 2026-09-23T08:24:50.055Z  INFO 1 --- [api-gateway] [           main] [                                                 ] o.s.c.g.r.RouteDefinitionRouteLocator    : Loaded RoutePredicateFactory [CloudFoundryRouteService]
api-gateway-1  | 2026-09-23T08:24:50.769163232Z 2026-09-23T08:24:50.768Z  INFO 1 --- [api-gateway] [           main] [                                                 ] o.s.b.a.e.web.EndpointLinksResolver      : Exposing 31 endpoints beneath base path '/actuator'
api-gateway-1  | 2026-09-23T08:24:51.290590798Z 2026-09-23T08:24:51.290Z  INFO 1 --- [api-gateway] [           main] [                                                 ] DiscoveryClientOptionalArgsConfiguration : Eureka HTTP Client uses RestClient.
api-gateway-1  | 2026-09-23T08:24:51.445968527Z 2026-09-23T08:24:51.445Z  INFO 1 --- [api-gateway] [           main] [                                                 ] o.s.c.n.eureka.InstanceInfoFactory       : Setting initial instance status as: STARTING
api-gateway-1  | 2026-09-23T08:24:51.475638772Z 2026-09-23T08:24:51.474Z  INFO 1 --- [api-gateway] [           main] [                                                 ] com.netflix.discovery.DiscoveryClient    : Initializing Eureka in region us-east-1
api-gateway-1  | 2026-09-23T08:24:51.480025878Z 2026-09-23T08:24:51.479Z  INFO 1 --- [api-gateway] [           main] [                                                 ] c.n.d.s.r.aws.ConfigClusterResolver      : Resolving eureka endpoints via configuration
api-gateway-1  | 2026-09-23T08:24:51.490850601Z 2026-09-23T08:24:51.490Z  INFO 1 --- [api-gateway] [           main] [                                                 ] com.netflix.discovery.DiscoveryClient    : Disable delta property : false
api-gateway-1  | 2026-09-23T08:24:51.491055510Z 2026-09-23T08:24:51.490Z  INFO 1 --- [api-gateway] [           main] [                                                 ] com.netflix.discovery.DiscoveryClient    : Single vip registry refresh property : null
api-gateway-1  | 2026-09-23T08:24:51.491222724Z 2026-09-23T08:24:51.491Z  INFO 1 --- [api-gateway] [           main] [                                                 ] com.netflix.discovery.DiscoveryClient    : Force full registry fetch : false
api-gateway-1  | 2026-09-23T08:24:51.491394817Z 2026-09-23T08:24:51.491Z  INFO 1 --- [api-gateway] [           main] [                                                 ] com.netflix.discovery.DiscoveryClient    : Application is null : false
api-gateway-1  | 2026-09-23T08:24:51.491563723Z 2026-09-23T08:24:51.491Z  INFO 1 --- [api-gateway] [           main] [                                                 ] com.netflix.discovery.DiscoveryClient    : Registered Applications size is zero : true
api-gateway-1  | 2026-09-23T08:24:51.491676535Z 2026-09-23T08:24:51.491Z  INFO 1 --- [api-gateway] [           main] [                                                 ] com.netflix.discovery.DiscoveryClient    : Application version is -1: true
api-gateway-1  | 2026-09-23T08:24:51.492373977Z 2026-09-23T08:24:51.491Z  INFO 1 --- [api-gateway] [           main] [                                                 ] com.netflix.discovery.DiscoveryClient    : Getting all instance registry info from the eureka server
api-gateway-1  | 2026-09-23T08:24:51.806705999Z 2026-09-23T08:24:51.806Z  INFO 1 --- [api-gateway] [           main] [                                                 ] com.netflix.discovery.DiscoveryClient    : The response status is 200
api-gateway-1  | 2026-09-23T08:24:51.808108339Z 2026-09-23T08:24:51.807Z  INFO 1 --- [api-gateway] [           main] [                                                 ] com.netflix.discovery.DiscoveryClient    : Starting heartbeat executor: renew interval is: 30
api-gateway-1  | 2026-09-23T08:24:51.809782743Z 2026-09-23T08:24:51.809Z  INFO 1 --- [api-gateway] [           main] [                                                 ] c.n.discovery.InstanceInfoReplicator     : InstanceInfoReplicator onDemand update allowed rate per min is 4
api-gateway-1  | 2026-09-23T08:24:51.811526823Z 2026-09-23T08:24:51.811Z  INFO 1 --- [api-gateway] [           main] [                                                 ] com.netflix.discovery.DiscoveryClient    : Discovery Client initialized at timestamp 1790151891810 with initial instances count: 0
api-gateway-1  | 2026-09-23T08:24:51.814746606Z 2026-09-23T08:24:51.814Z  INFO 1 --- [api-gateway] [           main] [                                                 ] o.s.c.n.e.s.EurekaServiceRegistry        : Registering application API-GATEWAY with eureka with status UP
api-gateway-1  | 2026-09-23T08:24:51.815441590Z 2026-09-23T08:24:51.815Z  INFO 1 --- [api-gateway] [           main] [                                                 ] com.netflix.discovery.DiscoveryClient    : Saw local status change event StatusChangeEvent [timestamp=1790151891815, current=UP, previous=STARTING]
api-gateway-1  | 2026-09-23T08:24:51.817999561Z 2026-09-23T08:24:51.817Z  INFO 1 --- [api-gateway] [foReplicator-%d] [                                                 ] com.netflix.discovery.DiscoveryClient    : DiscoveryClient_API-GATEWAY/8d3175be6380:api-gateway:8080: registering service...
api-gateway-1  | 2026-09-23T08:24:51.873699619Z 2026-09-23T08:24:51.873Z  INFO 1 --- [api-gateway] [foReplicator-%d] [                                                 ] com.netflix.discovery.DiscoveryClient    : DiscoveryClient_API-GATEWAY/8d3175be6380:api-gateway:8080 - registration status: 204
api-gateway-1  | 2026-09-23T08:24:52.075842793Z 2026-09-23T08:24:52.075Z  INFO 1 --- [api-gateway] [           main] [                                                 ] o.s.boot.reactor.netty.NettyWebServer    : Netty started on port 8080 (http)
api-gateway-1  | 2026-09-23T08:24:52.078626232Z 2026-09-23T08:24:52.078Z  INFO 1 --- [api-gateway] [           main] [                                                 ] .s.c.n.e.s.EurekaAutoServiceRegistration : Updating port to 8080
api-gateway-1  | 2026-09-23T08:24:52.129984723Z 2026-09-23T08:24:52.129Z  INFO 1 --- [api-gateway] [           main] [                                                 ] o.s.s.p.api.ApiGatewayApplication        : Started ApiGatewayApplication in 9.844 seconds (process running for 10.757)
api-gateway-1  | 2026-09-23T08:24:54.052933984Z 2026-09-23T08:24:54.052Z  WARN 1 --- [api-gateway] [or-http-epoll-2] [6ab38cd5329976a300b576c88c0dcc82-00b576c88c0dcc82] i.m.o.c.ObservationThreadLocalAccessor   : Observation <{name=http.server.requests(null), error=null, context=name='http.server.requests', contextualName='null', error='null', lowCardinalityKeyValues=[exception='none', method='GET', outcome='SUCCESS', status='200', uri='UNKNOWN'], highCardinalityKeyValues=[http.url='/api/gateway/owners/6'], map=[class io.micrometer.tracing.handler.TracingObservationHandler$TracingContext='TracingContext{span=6ab38cd5329976a300b576c88c0dcc82/00b576c88c0dcc82}', class io.micrometer.core.instrument.LongTaskTimer$Sample='SampleImpl{duration(seconds)=0.102119533, duration(nanos)=1.02119533E8, startTimeNanos=1373269161391}', class io.micrometer.core.instrument.Timer$Sample='io.micrometer.core.instrument.Timer$Sample@4d460e6d'], parentObservation=null}> to which we're restoring is not the same as the one set as this scope's parent observation <null>. Most likely a manually created Observation has a scope opened that was never closed. This may lead to thread polluting and memory leaks.
api-gateway-1  | 2026-09-23T08:24:54.158821420Z 2026-09-23T08:24:54.158Z  WARN 1 --- [api-gateway] [or-http-epoll-2] [                                                 ] o.s.c.l.core.RoundRobinLoadBalancer      : No servers available for service: customers-service
api-gateway-1  | 2026-09-23T08:24:54.159982624Z 2026-09-23T08:24:54.159Z  WARN 1 --- [api-gateway] [or-http-epoll-2] [                                                 ] eactorLoadBalancerExchangeFilterFunction : LoadBalancer does not contain an instance for the service customers-service
api-gateway-1  | 2026-09-23T08:24:54.227308106Z 2026-09-23T08:24:54.220Z ERROR 1 --- [api-gateway] [or-http-epoll-2] [6ab38cd5329976a300b576c88c0dcc82-00b576c88c0dcc82] b.w.a.e.AbstractErrorWebExceptionHandler : [9fb91dbd-1]  500 Server Error for HTTP GET "/api/gateway/owners/6"
api-gateway-1  | 2026-09-23T08:24:54.227360060Z 
api-gateway-1  | 2026-09-23T08:24:54.227364799Z org.springframework.web.reactive.function.client.WebClientResponseException$ServiceUnavailable: 503 Service Unavailable from UNKNOWN 
api-gateway-1  | 2026-09-23T08:24:54.227368907Z 	at org.springframework.web.reactive.function.client.WebClientResponseException.create(WebClientResponseException.java:322)
api-gateway-1  | 2026-09-23T08:24:54.227395240Z 	Suppressed: The stacktrace has been enhanced by Reactor, refer to additional information below: 
api-gateway-1  | 2026-09-23T08:24:54.227399889Z Error has been observed at the following site(s):
api-gateway-1  | 2026-09-23T08:24:54.227403296Z 	*__checkpoint ⇢ 503 SERVICE_UNAVAILABLE from GET http://customers-service/owners/6 [DefaultWebClient]
api-gateway-1  | 2026-09-23T08:24:54.227407985Z 	*__checkpoint ⇢ Handler org.springframework.samples.petclinic.api.boundary.web.ApiGatewayController#getOwnerDetails(int) [DispatcherHandler]
api-gateway-1  | 2026-09-23T08:24:54.227411863Z 	*__checkpoint ⇢ org.springframework.cloud.gateway.filter.WeightCalculatorWebFilter@5d94ac8a
api-gateway-1  | 2026-09-23T08:24:54.227416051Z 	*__checkpoint ⇢ HTTP GET "/api/gateway/owners/6" [ExceptionHandlingWebHandler]
api-gateway-1  | 2026-09-23T08:24:54.227419979Z Original Stack Trace:
api-gateway-1  | 2026-09-23T08:24:54.227424037Z 		at org.springframework.web.reactive.function.client.WebClientResponseException.create(WebClientResponseException.java:322)
api-gateway-1  | 2026-09-23T08:24:54.227428676Z 		at org.springframework.web.reactive.function.client.DefaultClientResponse.lambda$createException$1(DefaultClientResponse.java:214)
api-gateway-1  | 2026-09-23T08:24:54.227432554Z 		at reactor.core.publisher.FluxMap$MapSubscriber.onNext(FluxMap.java:106)
api-gateway-1  | 2026-09-23T08:24:54.227436111Z 		at reactor.core.publisher.FluxOnErrorReturn$ReturnSubscriber.onNext(FluxOnErrorReturn.java:159)
api-gateway-1  | 2026-09-23T08:24:54.227439829Z 		at reactor.core.publisher.FluxDefaultIfEmpty$DefaultIfEmptySubscriber.onNext(FluxDefaultIfEmpty.java:123)
api-gateway-1  | 2026-09-23T08:24:54.227443396Z 		at reactor.core.publisher.FluxMapFuseable$MapFuseableSubscriber.onNext(FluxMapFuseable.java:130)
api-gateway-1  | 2026-09-23T08:24:54.227447123Z 		at reactor.core.publisher.FluxContextWrite$ContextWriteSubscriber.onNext(FluxContextWrite.java:109)
api-gateway-1  | 2026-09-23T08:24:54.227451342Z 		at reactor.core.publisher.FluxMapFuseable$MapFuseableConditionalSubscriber.onNext(FluxMapFuseable.java:300)
api-gateway-1  | 2026-09-23T08:24:54.227457193Z 		at reactor.core.publisher.FluxFilterFuseable$FilterFuseableConditionalSubscriber.onNext(FluxFilterFuseable.java:338)
api-gateway-1  | 2026-09-23T08:24:54.227461321Z 		at reactor.core.publisher.Operators$BaseFluxToMonoOperator.completePossiblyEmpty(Operators.java:2093)
api-gateway-1  | 2026-09-23T08:24:54.227465339Z 		at reactor.core.publisher.MonoCollect$CollectSubscriber.onComplete(MonoCollect.java:144)
api-gateway-1  | 2026-09-23T08:24:54.227469578Z 		at reactor.core.publisher.FluxMapFuseable$MapFuseableSubscriber.onComplete(FluxMapFuseable.java:153)
api-gateway-1  | 2026-09-23T08:24:54.227473115Z 		at reactor.core.publisher.Operators$ScalarSubscription.request(Operators.java:2567)
api-gateway-1  | 2026-09-23T08:24:54.227475800Z 		at reactor.core.publisher.FluxMapFuseable$MapFuseableSubscriber.request(FluxMapFuseable.java:172)
api-gateway-1  | 2026-09-23T08:24:54.227478486Z 		at reactor.core.publisher.Operators$BaseFluxToMonoOperator.request(Operators.java:2063)
api-gateway-1  | 2026-09-23T08:24:54.227481101Z 		at reactor.core.publisher.FluxFilterFuseable$FilterFuseableConditionalSubscriber.request(FluxFilterFuseable.java:411)
api-gateway-1  | 2026-09-23T08:24:54.227492123Z 		at reactor.core.publisher.FluxMapFuseable$MapFuseableConditionalSubscriber.request(FluxMapFuseable.java:361)
api-gateway-1  | 2026-09-23T08:24:54.227495189Z 		at reactor.core.publisher.FluxContextWrite$ContextWriteSubscriber.request(FluxContextWrite.java:138)
api-gateway-1  | 2026-09-23T08:24:54.227497814Z 		at reactor.core.publisher.FluxMapFuseable$MapFuseableSubscriber.request(FluxMapFuseable.java:172)
api-gateway-1  | 2026-09-23T08:24:54.227500469Z 		at reactor.core.publisher.FluxDefaultIfEmpty$DefaultIfEmptySubscriber.request(FluxDefaultIfEmpty.java:99)
api-gateway-1  | 2026-09-23T08:24:54.227503095Z 		at reactor.core.publisher.FluxOnErrorReturn$ReturnSubscriber.request(FluxOnErrorReturn.java:150)
api-gateway-1  | 2026-09-23T08:24:54.227505850Z 		at reactor.core.publisher.FluxMap$MapSubscriber.request(FluxMap.java:163)
api-gateway-1  | 2026-09-23T08:24:54.227508505Z 		at reactor.core.publisher.MonoFlatMap$FlatMapMain.request(MonoFlatMap.java:195)
api-gateway-1  | 2026-09-23T08:24:54.227511131Z 		at reactor.core.publisher.Operators$MultiSubscriptionSubscriber.set(Operators.java:2361)
api-gateway-1  | 2026-09-23T08:24:54.227513776Z 		at reactor.core.publisher.FluxOnErrorResume$ResumeSubscriber.onSubscribe(FluxOnErrorResume.java:75)
api-gateway-1  | 2026-09-23T08:24:54.227516431Z 		at reactor.core.publisher.MonoFlatMap$FlatMapMain.onSubscribe(MonoFlatMap.java:118)
api-gateway-1  | 2026-09-23T08:24:54.227519026Z 		at reactor.core.publisher.FluxMap$MapSubscriber.onSubscribe(FluxMap.java:92)
api-gateway-1  | 2026-09-23T08:24:54.227521631Z 		at reactor.core.publisher.FluxOnErrorReturn$ReturnSubscriber.onSubscribe(FluxOnErrorReturn.java:92)
api-gateway-1  | 2026-09-23T08:24:54.227524257Z 		at reactor.core.publisher.Operators$BaseFluxToMonoOperator.onSubscribe(Operators.java:2047)
api-gateway-1  | 2026-09-23T08:24:54.227526932Z 		at reactor.core.publisher.FluxMapFuseable$MapFuseableSubscriber.onSubscribe(FluxMapFuseable.java:96)
api-gateway-1  | 2026-09-23T08:24:54.227530048Z 		at reactor.core.publisher.FluxContextWrite$ContextWriteSubscriber.onSubscribe(FluxContextWrite.java:103)
api-gateway-1  | 2026-09-23T08:24:54.227532724Z 		at reactor.core.publisher.FluxMapFuseable$MapFuseableConditionalSubscriber.onSubscribe(FluxMapFuseable.java:265)
api-gateway-1  | 2026-09-23T08:24:54.227535349Z 		at reactor.core.publisher.FluxFilterFuseable$FilterFuseableConditionalSubscriber.onSubscribe(FluxFilterFuseable.java:305)
api-gateway-1  | 2026-09-23T08:24:54.227537984Z 		at reactor.core.publisher.Operators$BaseFluxToMonoOperator.onSubscribe(Operators.java:2047)
api-gateway-1  | 2026-09-23T08:24:54.227540599Z 		at reactor.core.publisher.FluxMapFuseable$MapFuseableSubscriber.onSubscribe(FluxMapFuseable.java:96)
api-gateway-1  | 2026-09-23T08:24:54.227543234Z 		at reactor.core.publisher.FluxJust.subscribe(FluxJust.java:69)
api-gateway-1  | 2026-09-23T08:24:54.227545830Z 		at reactor.core.publisher.InternalMonoOperator.subscribe(InternalMonoOperator.java:75)
api-gateway-1  | 2026-09-23T08:24:54.227548455Z 		at reactor.core.publisher.MonoFlatMap$FlatMapMain.onNext(MonoFlatMap.java:166)
api-gateway-1  | 2026-09-23T08:24:54.227551090Z 		at reactor.core.publisher.MonoContextWriteRestoringThreadLocals$ContextWriteRestoringThreadLocalsSubscriber.onNext(MonoContextWriteRestoringThreadLocals.java:111)
api-gateway-1  | 2026-09-23T08:24:54.227558866Z 		at reactor.core.publisher.FluxDoFinally$DoFinallySubscriber.onNext(FluxDoFinally.java:113)
api-gateway-1  | 2026-09-23T08:24:54.227561611Z 		at reactor.core.publisher.MonoPeekTerminal$MonoTerminalPeekSubscriber.onNext(MonoPeekTerminal.java:184)
api-gateway-1  | 2026-09-23T08:24:54.227564256Z 		at reactor.core.publisher.FluxPeekFuseable$PeekConditionalSubscriber.onNext(FluxPeekFuseable.java:850)
api-gateway-1  | 2026-09-23T08:24:54.227566872Z 		at reactor.core.publisher.FluxSwitchIfEmpty$SwitchIfEmptySubscriber.onNext(FluxSwitchIfEmpty.java:75)
api-gateway-1  | 2026-09-23T08:24:54.227569507Z 		at reactor.core.publisher.MonoFlatMap$FlatMapMain.onNext(MonoFlatMap.java:159)
api-gateway-1  | 2026-09-23T08:24:54.227572112Z 		at reactor.core.publisher.FluxMap$MapSubscriber.onNext(FluxMap.java:122)
api-gateway-1  | 2026-09-23T08:24:54.227574787Z 		at reactor.core.publisher.MonoNext$NextSubscriber.onNext(MonoNext.java:83)
api-gateway-1  | 2026-09-23T08:24:54.227577392Z 		at reactor.core.publisher.FluxDematerialize$DematerializeSubscriber.onNext(FluxDematerialize.java:102)
api-gateway-1  | 2026-09-23T08:24:54.227580018Z 		at reactor.core.publisher.FluxDematerialize$DematerializeSubscriber.onNext(FluxDematerialize.java:44)
api-gateway-1  | 2026-09-23T08:24:54.227582633Z 		at reactor.core.publisher.FluxFlattenIterable$FlattenIterableSubscriber.drainAsync(FluxFlattenIterable.java:455)
api-gateway-1  | 2026-09-23T08:24:54.227585258Z 		at reactor.core.publisher.FluxFlattenIterable$FlattenIterableSubscriber.drain(FluxFlattenIterable.java:726)
api-gateway-1  | 2026-09-23T08:24:54.227588374Z 		at reactor.core.publisher.FluxFlattenIterable$FlattenIterableSubscriber.onNext(FluxFlattenIterable.java:258)
api-gateway-1  | 2026-09-23T08:24:54.227591040Z 		at reactor.core.publisher.FluxSwitchIfEmpty$SwitchIfEmptySubscriber.onNext(FluxSwitchIfEmpty.java:75)
api-gateway-1  | 2026-09-23T08:24:54.227593705Z 		at reactor.core.publisher.MonoFlatMap$FlatMapMain.secondComplete(MonoFlatMap.java:246)
api-gateway-1  | 2026-09-23T08:24:54.227596320Z 		at reactor.core.publisher.MonoFlatMap$FlatMapInner.onNext(MonoFlatMap.java:307)
api-gateway-1  | 2026-09-23T08:24:54.227598935Z 		at reactor.core.publisher.MonoIgnoreThen$ThenIgnoreMain.complete(MonoIgnoreThen.java:297)
api-gateway-1  | 2026-09-23T08:24:54.227601561Z 		at reactor.core.publisher.MonoIgnoreThen$ThenIgnoreMain.onNext(MonoIgnoreThen.java:191)
api-gateway-1  | 2026-09-23T08:24:54.227604186Z 		at reactor.core.publisher.MonoIgnoreThen$ThenIgnoreMain.subscribeNext(MonoIgnoreThen.java:240)
api-gateway-1  | 2026-09-23T08:24:54.227606811Z 		at reactor.core.publisher.MonoIgnoreThen$ThenIgnoreMain.onComplete(MonoIgnoreThen.java:207)
api-gateway-1  | 2026-09-23T08:24:54.227609446Z 		at reactor.core.publisher.MonoIgnoreElements$IgnoreElementsSubscriber.onComplete(MonoIgnoreElements.java:89)
api-gateway-1  | 2026-09-23T08:24:54.227612142Z 		at reactor.core.publisher.FluxPeek$PeekSubscriber.onComplete(FluxPeek.java:263)
api-gateway-1  | 2026-09-23T08:24:54.227614747Z 		at reactor.core.publisher.FluxDematerialize$DematerializeSubscriber.onComplete(FluxDematerialize.java:125)
api-gateway-1  | 2026-09-23T08:24:54.227617372Z 		at reactor.core.publisher.FluxDematerialize$DematerializeSubscriber.onNext(FluxDematerialize.java:91)
api-gateway-1  | 2026-09-23T08:24:54.227625138Z 		at reactor.core.publisher.FluxDematerialize$DematerializeSubscriber.onNext(FluxDematerialize.java:44)
api-gateway-1  | 2026-09-23T08:24:54.227627953Z 		at reactor.core.publisher.FluxIterable$IterableSubscription.fastPath(FluxIterable.java:402)
api-gateway-1  | 2026-09-23T08:24:54.227630558Z 		at reactor.core.publisher.FluxIterable$IterableSubscription.request(FluxIterable.java:291)
api-gateway-1  | 2026-09-23T08:24:54.227633194Z 		at reactor.core.publisher.FluxDematerialize$DematerializeSubscriber.request(FluxDematerialize.java:131)
api-gateway-1  | 2026-09-23T08:24:54.227635809Z 		at reactor.core.publisher.FluxPeek$PeekSubscriber.request(FluxPeek.java:141)
api-gateway-1  | 2026-09-23T08:24:54.227638404Z 		at reactor.core.publisher.MonoIgnoreElements$IgnoreElementsSubscriber.onSubscribe(MonoIgnoreElements.java:72)
api-gateway-1  | 2026-09-23T08:24:54.227641029Z 		at reactor.core.publisher.FluxPeek$PeekSubscriber.onSubscribe(FluxPeek.java:174)
api-gateway-1  | 2026-09-23T08:24:54.227643695Z 		at reactor.core.publisher.FluxDematerialize$DematerializeSubscriber.onSubscribe(FluxDematerialize.java:77)
api-gateway-1  | 2026-09-23T08:24:54.227646330Z 		at reactor.core.publisher.FluxIterable.subscribe(FluxIterable.java:200)
api-gateway-1  | 2026-09-23T08:24:54.227649466Z 		at reactor.core.publisher.FluxIterable.subscribe(FluxIterable.java:82)
api-gateway-1  | 2026-09-23T08:24:54.227652081Z 		at reactor.core.publisher.Mono.subscribe(Mono.java:4569)
api-gateway-1  | 2026-09-23T08:24:54.227654686Z 		at reactor.core.publisher.MonoIgnoreThen$ThenIgnoreMain.subscribeNext(MonoIgnoreThen.java:268)
api-gateway-1  | 2026-09-23T08:24:54.227657292Z 		at reactor.core.publisher.MonoIgnoreThen.subscribe(MonoIgnoreThen.java:51)
api-gateway-1  | 2026-09-23T08:24:54.227659997Z 		at reactor.core.publisher.MonoFlatMap$FlatMapMain.onNext(MonoFlatMap.java:166)
api-gateway-1  | 2026-09-23T08:24:54.227662612Z 		at reactor.core.publisher.Operators$BaseFluxToMonoOperator.completePossiblyEmpty(Operators.java:2093)
api-gateway-1  | 2026-09-23T08:24:54.227665247Z 		at reactor.core.publisher.MonoCollectList$MonoCollectListSubscriber.onComplete(MonoCollectList.java:117)
api-gateway-1  | 2026-09-23T08:24:54.227667883Z 		at reactor.core.publisher.DrainUtils.postCompleteDrain(DrainUtils.java:132)
api-gateway-1  | 2026-09-23T08:24:54.227670488Z 		at reactor.core.publisher.DrainUtils.postComplete(DrainUtils.java:187)
api-gateway-1  | 2026-09-23T08:24:54.227673173Z 		at reactor.core.publisher.FluxMaterialize$MaterializeSubscriber.onComplete(FluxMaterialize.java:141)
api-gateway-1  | 2026-09-23T08:24:54.227675828Z 		at reactor.core.publisher.FluxLimitRequest$FluxLimitRequestSubscriber.onNext(FluxLimitRequest.java:104)
api-gateway-1  | 2026-09-23T08:24:54.227678454Z 		at reactor.core.publisher.FluxOnErrorResume$ResumeSubscriber.onNext(FluxOnErrorResume.java:80)
api-gateway-1  | 2026-09-23T08:24:54.227681109Z 		at reactor.core.publisher.SerializedSubscriber.onNext(SerializedSubscriber.java:100)
api-gateway-1  | 2026-09-23T08:24:54.227683714Z 		at reactor.core.publisher.FluxTimeout$TimeoutMainSubscriber.onNext(FluxTimeout.java:182)
api-gateway-1  | 2026-09-23T08:24:54.227686349Z 		at reactor.core.publisher.Operators$BaseFluxToMonoOperator.completePossiblyEmpty(Operators.java:2093)
api-gateway-1  | 2026-09-23T08:24:54.227759826Z 		at reactor.core.publisher.MonoCollectList$MonoCollectListSubscriber.onComplete(MonoCollectList.java:117)
api-gateway-1  | 2026-09-23T08:24:54.227762952Z 		at reactor.core.publisher.FluxContextWriteRestoringThreadLocals$ContextWriteRestoringThreadLocalsSubscriber.onComplete(FluxContextWriteRestoringThreadLocals.java:150)
api-gateway-1  | 2026-09-23T08:24:54.227765738Z 		at org.springframework.cloud.commons.publisher.FluxFirstNonEmptyEmitting$FirstNonEmptyEmittingSubscriber.onComplete(FluxFirstNonEmptyEmitting.java:325)
api-gateway-1  | 2026-09-23T08:24:54.227768453Z 		at reactor.core.publisher.Operators.complete(Operators.java:137)
api-gateway-1  | 2026-09-23T08:24:54.227771078Z 		at reactor.core.publisher.FluxIterable.subscribe(FluxIterable.java:143)
api-gateway-1  | 2026-09-23T08:24:54.227773673Z 		at reactor.core.publisher.FluxIterable.subscribe(FluxIterable.java:82)
api-gateway-1  | 2026-09-23T08:24:54.227776289Z 		at reactor.core.publisher.Flux.subscribe(Flux.java:8888)
api-gateway-1  | 2026-09-23T08:24:54.227779315Z 		at org.springframework.cloud.commons.publisher.FluxFirstNonEmptyEmitting$RaceCoordinator.subscribe(FluxFirstNonEmptyEmitting.java:203)
api-gateway-1  | 2026-09-23T08:24:54.227782040Z 		at org.springframework.cloud.commons.publisher.FluxFirstNonEmptyEmitting.subscribe(FluxFirstNonEmptyEmitting.java:128)
api-gateway-1  | 2026-09-23T08:24:54.227784695Z 		at reactor.core.publisher.InternalFluxOperator.subscribe(InternalFluxOperator.java:67)
api-gateway-1  | 2026-09-23T08:24:54.227820156Z 		at reactor.core.publisher.FluxDefer.subscribe(FluxDefer.java:55)
api-gateway-1  | 2026-09-23T08:24:54.227823412Z 		at reactor.core.publisher.InternalFluxOperator.subscribe(InternalFluxOperator.java:67)
api-gateway-1  | 2026-09-23T08:24:54.227826118Z 		at reactor.core.publisher.FluxDefer.subscribe(FluxDefer.java:55)
api-gateway-1  | 2026-09-23T08:24:54.227828743Z 		at reactor.core.publisher.Mono.subscribe(Mono.java:4569)
api-gateway-1  | 2026-09-23T08:24:54.227831388Z 		at reactor.core.publisher.FluxSwitchIfEmpty$SwitchIfEmptySubscriber.onComplete(FluxSwitchIfEmpty.java:83)
api-gateway-1  | 2026-09-23T08:24:54.227834054Z 		at reactor.core.publisher.Operators.complete(Operators.java:137)
api-gateway-1  | 2026-09-23T08:24:54.227836729Z 		at reactor.core.publisher.MonoEmpty.subscribe(MonoEmpty.java:46)
api-gateway-1  | 2026-09-23T08:24:54.227842150Z 		at reactor.core.publisher.InternalFluxOperator.subscribe(InternalFluxOperator.java:67)
api-gateway-1  | 2026-09-23T08:24:54.227844815Z 		at reactor.core.publisher.FluxDefer.subscribe(FluxDefer.java:55)
api-gateway-1  | 2026-09-23T08:24:54.227847470Z 		at reactor.core.publisher.InternalMonoOperator.subscribe(InternalMonoOperator.java:75)
api-gateway-1  | 2026-09-23T08:24:54.227850156Z 		at reactor.core.publisher.MonoDefer.subscribe(MonoDefer.java:54)
api-gateway-1  | 2026-09-23T08:24:54.227852761Z 		at reactor.core.publisher.InternalMonoOperator.subscribe(InternalMonoOperator.java:75)
api-gateway-1  | 2026-09-23T08:24:54.227855456Z 		at reactor.core.publisher.MonoContextWriteRestoringThreadLocals.subscribe(MonoContextWriteRestoringThreadLocals.java:44)
api-gateway-1  | 2026-09-23T08:24:54.227858111Z 		at reactor.core.publisher.MonoDeferContextual.subscribe(MonoDeferContextual.java:56)
api-gateway-1  | 2026-09-23T08:24:54.227866137Z 		at reactor.core.publisher.FluxFromMonoOperator.subscribe(FluxFromMonoOperator.java:83)
api-gateway-1  | 2026-09-23T08:24:54.227868853Z 		at reactor.core.publisher.FluxDeferContextual.subscribe(FluxDeferContextual.java:58)
api-gateway-1  | 2026-09-23T08:24:54.227871568Z 		at reactor.core.publisher.InternalMonoOperator.subscribe(InternalMonoOperator.java:75)
api-gateway-1  | 2026-09-23T08:24:54.227874234Z 		at reactor.core.publisher.MonoFlatMap$FlatMapMain.onNext(MonoFlatMap.java:166)
api-gateway-1  | 2026-09-23T08:24:54.227876999Z 		at reactor.core.publisher.FluxOnErrorResume$ResumeSubscriber.onNext(FluxOnErrorResume.java:80)
api-gateway-1  | 2026-09-23T08:24:54.227879644Z 		at reactor.core.publisher.FluxOnErrorResume$ResumeSubscriber.onNext(FluxOnErrorResume.java:80)
api-gateway-1  | 2026-09-23T08:24:54.227882290Z 		at reactor.core.publisher.FluxPeek$PeekSubscriber.onNext(FluxPeek.java:203)
api-gateway-1  | 2026-09-23T08:24:54.227885205Z 		at reactor.core.publisher.MonoIgnoreThen$ThenIgnoreMain.complete(MonoIgnoreThen.java:297)
api-gateway-1  | 2026-09-23T08:24:54.227887881Z 		at reactor.core.publisher.MonoIgnoreThen$ThenIgnoreMain.onNext(MonoIgnoreThen.java:191)
api-gateway-1  | 2026-09-23T08:24:54.227890496Z 		at reactor.core.publisher.MonoFlatMap$FlatMapMain.onNext(MonoFlatMap.java:159)
api-gateway-1  | 2026-09-23T08:24:54.227893111Z 		at reactor.core.publisher.MonoZip$ZipCoordinator.signal(MonoZip.java:296)
api-gateway-1  | 2026-09-23T08:24:54.227895736Z 		at reactor.core.publisher.MonoZip$ZipInner.onNext(MonoZip.java:480)
api-gateway-1  | 2026-09-23T08:24:54.227898342Z 		at reactor.core.publisher.MonoPeekTerminal$MonoTerminalPeekSubscriber.onNext(MonoPeekTerminal.java:184)
api-gateway-1  | 2026-09-23T08:24:54.227901007Z 		at reactor.core.publisher.FluxDefaultIfEmpty$DefaultIfEmptySubscriber.onNext(FluxDefaultIfEmpty.java:123)
api-gateway-1  | 2026-09-23T08:24:54.227903652Z 		at reactor.core.publisher.FluxSwitchIfEmpty$SwitchIfEmptySubscriber.onNext(FluxSwitchIfEmpty.java:75)
api-gateway-1  | 2026-09-23T08:24:54.227906297Z 		at reactor.core.publisher.Operators$ScalarSubscription.request(Operators.java:2565)
api-gateway-1  | 2026-09-23T08:24:54.227908923Z 		at reactor.core.publisher.Operators$MultiSubscriptionSubscriber.set(Operators.java:2361)
api-gateway-1  | 2026-09-23T08:24:54.227911558Z 		at reactor.core.publisher.Operators$MultiSubscriptionSubscriber.onSubscribe(Operators.java:2235)
api-gateway-1  | 2026-09-23T08:24:54.227914193Z 		at reactor.core.publisher.FluxFlatMap.trySubscribeScalarMap(FluxFlatMap.java:193)
api-gateway-1  | 2026-09-23T08:24:54.227916798Z 		at reactor.core.publisher.MonoFlatMap.subscribeOrReturn(MonoFlatMap.java:53)
api-gateway-1  | 2026-09-23T08:24:54.227919413Z 		at reactor.core.publisher.InternalMonoOperator.subscribe(InternalMonoOperator.java:62)
api-gateway-1  | 2026-09-23T08:24:54.227922129Z 		at reactor.core.publisher.MonoZip$ZipCoordinator.request(MonoZip.java:219)
api-gateway-1  | 2026-09-23T08:24:54.227924754Z 		at reactor.core.publisher.MonoFlatMap$FlatMapMain.request(MonoFlatMap.java:195)
api-gateway-1  | 2026-09-23T08:24:54.227927379Z 		at reactor.core.publisher.MonoIgnoreThen$ThenIgnoreMain.onSubscribe(MonoIgnoreThen.java:135)
api-gateway-1  | 2026-09-23T08:24:54.227934984Z 		at reactor.core.publisher.MonoFlatMap$FlatMapMain.onSubscribe(MonoFlatMap.java:118)
api-gateway-1  | 2026-09-23T08:24:54.227937660Z 		at reactor.core.publisher.MonoZip.subscribe(MonoZip.java:129)
api-gateway-1  | 2026-09-23T08:24:54.227940796Z 		at reactor.core.publisher.InternalMonoOperator.subscribe(InternalMonoOperator.java:75)
api-gateway-1  | 2026-09-23T08:24:54.227945215Z 		at reactor.core.publisher.MonoDefer.subscribe(MonoDefer.java:54)
api-gateway-1  | 2026-09-23T08:24:54.227949063Z 		at reactor.core.publisher.MonoIgnoreThen$ThenIgnoreMain.subscribeNext(MonoIgnoreThen.java:244)
api-gateway-1  | 2026-09-23T08:24:54.227953191Z 		at reactor.core.publisher.MonoIgnoreThen$ThenIgnoreMain.onComplete(MonoIgnoreThen.java:207)
api-gateway-1  | 2026-09-23T08:24:54.227957840Z 		at reactor.core.publisher.MonoFlatMap$FlatMapMain.onComplete(MonoFlatMap.java:190)
api-gateway-1  | 2026-09-23T08:24:54.227961117Z 		at reactor.core.publisher.Operators.complete(Operators.java:137)
api-gateway-1  | 2026-09-23T08:24:54.227964373Z 		at reactor.core.publisher.MonoZip.subscribe(MonoZip.java:121)
api-gateway-1  | 2026-09-23T08:24:54.227967710Z 		at reactor.core.publisher.Mono.subscribe(Mono.java:4569)
api-gateway-1  | 2026-09-23T08:24:54.227970956Z 		at reactor.core.publisher.MonoIgnoreThen$ThenIgnoreMain.subscribeNext(MonoIgnoreThen.java:268)
api-gateway-1  | 2026-09-23T08:24:54.227974463Z 		at reactor.core.publisher.MonoIgnoreThen.subscribe(MonoIgnoreThen.java:51)
api-gateway-1  | 2026-09-23T08:24:54.227977920Z 		at reactor.core.publisher.InternalMonoOperator.subscribe(InternalMonoOperator.java:75)
api-gateway-1  | 2026-09-23T08:24:54.228005565Z 		at reactor.core.publisher.MonoFlatMap$FlatMapMain.onNext(MonoFlatMap.java:166)
api-gateway-1  | 2026-09-23T08:24:54.228009112Z 		at reactor.core.publisher.FluxOnErrorResume$ResumeSubscriber.onNext(FluxOnErrorResume.java:80)
api-gateway-1  | 2026-09-23T08:24:54.228012579Z 		at reactor.core.publisher.FluxSwitchIfEmpty$SwitchIfEmptySubscriber.onNext(FluxSwitchIfEmpty.java:75)
api-gateway-1  | 2026-09-23T08:24:54.228016126Z 		at reactor.core.publisher.MonoNext$NextSubscriber.onNext(MonoNext.java:83)
api-gateway-1  | 2026-09-23T08:24:54.228019703Z 		at reactor.core.publisher.FluxConcatMapNoPrefetch$FluxConcatMapNoPrefetchSubscriber.innerNext(FluxConcatMapNoPrefetch.java:259)
api-gateway-1  | 2026-09-23T08:24:54.228023280Z 		at reactor.core.publisher.FluxConcatMap$ConcatMapInner.onNext(FluxConcatMap.java:870)
api-gateway-1  | 2026-09-23T08:24:54.228026908Z 		at reactor.core.publisher.FluxMapFuseable$MapFuseableSubscriber.onNext(FluxMapFuseable.java:130)
api-gateway-1  | 2026-09-23T08:24:54.228030615Z 		at reactor.core.publisher.MonoPeekTerminal$MonoTerminalPeekSubscriber.onNext(MonoPeekTerminal.java:184)
api-gateway-1  | 2026-09-23T08:24:54.228034553Z 		at reactor.core.publisher.Operators$ScalarSubscription.request(Operators.java:2565)
api-gateway-1  | 2026-09-23T08:24:54.228038060Z 		at reactor.core.publisher.MonoPeekTerminal$MonoTerminalPeekSubscriber.request(MonoPeekTerminal.java:142)
api-gateway-1  | 2026-09-23T08:24:54.228041777Z 		at reactor.core.publisher.FluxMapFuseable$MapFuseableSubscriber.request(FluxMapFuseable.java:172)
api-gateway-1  | 2026-09-23T08:24:54.228045224Z 		at reactor.core.publisher.Operators$MultiSubscriptionSubscriber.request(Operators.java:2325)
api-gateway-1  | 2026-09-23T08:24:54.228056136Z 		at reactor.core.publisher.FluxConcatMapNoPrefetch$FluxConcatMapNoPrefetchSubscriber.request(FluxConcatMapNoPrefetch.java:339)
api-gateway-1  | 2026-09-23T08:24:54.228059953Z 		at reactor.core.publisher.MonoNext$NextSubscriber.request(MonoNext.java:109)
api-gateway-1  | 2026-09-23T08:24:54.228063490Z 		at reactor.core.publisher.Operators$MultiSubscriptionSubscriber.set(Operators.java:2361)
api-gateway-1  | 2026-09-23T08:24:54.228067138Z 		at reactor.core.publisher.Operators$MultiSubscriptionSubscriber.onSubscribe(Operators.java:2235)
api-gateway-1  | 2026-09-23T08:24:54.228071276Z 		at reactor.core.publisher.MonoNext$NextSubscriber.onSubscribe(MonoNext.java:71)
api-gateway-1  | 2026-09-23T08:24:54.228074663Z 		at reactor.core.publisher.FluxConcatMapNoPrefetch$FluxConcatMapNoPrefetchSubscriber.onSubscribe(FluxConcatMapNoPrefetch.java:164)
api-gateway-1  | 2026-09-23T08:24:54.228078119Z 		at reactor.core.publisher.FluxIterable.subscribe(FluxIterable.java:200)
api-gateway-1  | 2026-09-23T08:24:54.228081396Z 		at reactor.core.publisher.FluxIterable.subscribe(FluxIterable.java:82)
api-gateway-1  | 2026-09-23T08:24:54.228084653Z 		at reactor.core.publisher.InternalMonoOperator.subscribe(InternalMonoOperator.java:75)
api-gateway-1  | 2026-09-23T08:24:54.228087849Z 		at reactor.core.publisher.MonoDefer.subscribe(MonoDefer.java:54)
api-gateway-1  | 2026-09-23T08:24:54.228091115Z 		at reactor.core.publisher.InternalMonoOperator.subscribe(InternalMonoOperator.java:75)
api-gateway-1  | 2026-09-23T08:24:54.228094342Z 		at reactor.core.publisher.MonoDefer.subscribe(MonoDefer.java:54)
api-gateway-1  | 2026-09-23T08:24:54.228097538Z 		at reactor.core.publisher.InternalMonoOperator.subscribe(InternalMonoOperator.java:75)
api-gateway-1  | 2026-09-23T08:24:54.228100785Z 		at reactor.core.publisher.MonoTapRestoringThreadLocals.subscribe(MonoTapRestoringThreadLocals.java:78)
api-gateway-1  | 2026-09-23T08:24:54.228104201Z 		at reactor.core.publisher.Mono.subscribe(Mono.java:4569)
api-gateway-1  | 2026-09-23T08:24:54.228107428Z 		at reactor.core.publisher.MonoIgnoreThen$ThenIgnoreMain.subscribeNext(MonoIgnoreThen.java:268)
api-gateway-1  | 2026-09-23T08:24:54.228110795Z 		at reactor.core.publisher.MonoIgnoreThen.subscribe(MonoIgnoreThen.java:51)
api-gateway-1  | 2026-09-23T08:24:54.228113931Z 		at reactor.core.publisher.InternalMonoOperator.subscribe(InternalMonoOperator.java:75)
api-gateway-1  | 2026-09-23T08:24:54.228117298Z 		at reactor.core.publisher.MonoDeferContextual.subscribe(MonoDeferContextual.java:56)
api-gateway-1  | 2026-09-23T08:24:54.228120995Z 		at reactor.netty.http.server.HttpServer$HttpServerHandle.onStateChange(HttpServer.java:1344)
api-gateway-1  | 2026-09-23T08:24:54.228124833Z 		at reactor.netty.ReactorNetty$CompositeConnectionObserver.onStateChange(ReactorNetty.java:730)
api-gateway-1  | 2026-09-23T08:24:54.228128329Z 		at reactor.netty.transport.ServerTransport$ChildObserver.onStateChange(ServerTransport.java:489)
api-gateway-1  | 2026-09-23T08:24:54.228131716Z 		at reactor.netty.http.server.HttpServerOperations.handleDefaultHttpRequest(HttpServerOperations.java:863)
api-gateway-1  | 2026-09-23T08:24:54.228135093Z 		at reactor.netty.http.server.HttpServerOperations.onInboundNext(HttpServerOperations.java:789)
api-gateway-1  | 2026-09-23T08:24:54.228145113Z 		at reactor.netty.channel.ChannelOperationsHandler.channelRead(ChannelOperationsHandler.java:115)
api-gateway-1  | 2026-09-23T08:24:54.228149051Z 		at io.netty.channel.AbstractChannelHandlerContext.fireChannelRead(AbstractChannelHandlerContext.java:356)
api-gateway-1  | 2026-09-23T08:24:54.228153700Z 		at reactor.netty.http.server.HttpTrafficHandler.channelRead(HttpTrafficHandler.java:283)
api-gateway-1  | 2026-09-23T08:24:54.228157137Z 		at io.netty.channel.AbstractChannelHandlerContext.fireChannelRead(AbstractChannelHandlerContext.java:354)
api-gateway-1  | 2026-09-23T08:24:54.228160534Z 		at io.netty.channel.CombinedChannelDuplexHandler$DelegatingChannelHandlerContext.fireChannelRead(CombinedChannelDuplexHandler.java:434)
api-gateway-1  | 2026-09-23T08:24:54.228163920Z 		at io.netty.handler.codec.ByteToMessageDecoder.fireChannelRead(ByteToMessageDecoder.java:361)
api-gateway-1  | 2026-09-23T08:24:54.228167327Z 		at io.netty.handler.codec.ByteToMessageDecoder.channelRead(ByteToMessageDecoder.java:325)
api-gateway-1  | 2026-09-23T08:24:54.228170674Z 		at io.netty.channel.CombinedChannelDuplexHandler.channelRead(CombinedChannelDuplexHandler.java:249)
api-gateway-1  | 2026-09-23T08:24:54.228174030Z 		at io.netty.channel.AbstractChannelHandlerContext.fireChannelRead(AbstractChannelHandlerContext.java:354)
api-gateway-1  | 2026-09-23T08:24:54.228177437Z 		at io.netty.channel.DefaultChannelPipeline$HeadContext.channelRead(DefaultChannelPipeline.java:1429)
api-gateway-1  | 2026-09-23T08:24:54.228180834Z 		at io.netty.channel.DefaultChannelPipeline.fireChannelRead(DefaultChannelPipeline.java:918)
api-gateway-1  | 2026-09-23T08:24:54.228184191Z 		at io.netty.channel.epoll.AbstractEpollStreamChannel$EpollStreamUnsafe.epollInReady(AbstractEpollStreamChannel.java:804)
api-gateway-1  | 2026-09-23T08:24:54.228187557Z 		at io.netty.channel.epoll.AbstractEpollChannel$AbstractEpollUnsafe.handle(AbstractEpollChannel.java:482)
api-gateway-1  | 2026-09-23T08:24:54.228190934Z 		at io.netty.channel.epoll.EpollIoHandler$DefaultEpollIoRegistration.handle(EpollIoHandler.java:317)
api-gateway-1  | 2026-09-23T08:24:54.228194281Z 		at io.netty.channel.epoll.EpollIoHandler.processReady(EpollIoHandler.java:515)
api-gateway-1  | 2026-09-23T08:24:54.228197567Z 		at io.netty.channel.epoll.EpollIoHandler.run(EpollIoHandler.java:460)
api-gateway-1  | 2026-09-23T08:24:54.228200824Z 		at io.netty.channel.SingleThreadIoEventLoop.runIo(SingleThreadIoEventLoop.java:225)
api-gateway-1  | 2026-09-23T08:24:54.228204130Z 		at io.netty.channel.SingleThreadIoEventLoop.run(SingleThreadIoEventLoop.java:196)
api-gateway-1  | 2026-09-23T08:24:54.228207537Z 		at io.netty.util.concurrent.SingleThreadEventExecutor$5.run(SingleThreadEventExecutor.java:1195)
api-gateway-1  | 2026-09-23T08:24:54.228210864Z 		at io.netty.util.internal.ThreadExecutorMap$2.run(ThreadExecutorMap.java:74)
api-gateway-1  | 2026-09-23T08:24:54.228214110Z 		at io.netty.util.concurrent.FastThreadLocalRunnable.run(FastThreadLocalRunnable.java:30)
api-gateway-1  | 2026-09-23T08:24:54.228217397Z 		at java.base/java.lang.Thread.run(Thread.java:840)
api-gateway-1  | 2026-09-23T08:24:54.228220703Z 
api-gateway-1  | 2026-09-23T08:24:54.294003454Z 2026-09-23T08:24:54.293Z  WARN 1 --- [api-gateway] [or-http-epoll-2] [                                                 ] i.m.o.c.ObservationThreadLocalAccessor   : There is no current scope in thread local. This situation should not happen
api-gateway-1  | 2026-09-23T08:24:54.294951960Z 2026-09-23T08:24:54.294Z  WARN 1 --- [api-gateway] [or-http-epoll-2] [                                                 ] i.m.o.c.ObservationThreadLocalAccessor   : Observation <{name=http.server.requests(http get /api/gateway/owners/{ownerId}), error=org.springframework.web.reactive.function.client.WebClientResponseException$ServiceUnavailable: 503 Service Unavailable from UNKNOWN , context=name='http.server.requests', contextualName='http get /api/gateway/owners/{ownerId}', error='org.springframework.web.reactive.function.client.WebClientResponseException$ServiceUnavailable: 503 Service Unavailable from UNKNOWN ', lowCardinalityKeyValues=[exception='ServiceUnavailable', method='GET', outcome='SERVER_ERROR', status='500', uri='/api/gateway/owners/{ownerId}'], highCardinalityKeyValues=[http.url='/api/gateway/owners/6'], map=[class io.micrometer.tracing.handler.TracingObservationHandler$TracingContext='TracingContext{span=6ab38cd5329976a300b576c88c0dcc82/00b576c88c0dcc82}', class io.micrometer.core.instrument.LongTaskTimer$Sample='SampleImpl{duration(seconds)=-1.0E-9, duration(nanos)=-1.0, startTimeNanos=1373269161391}', class io.micrometer.core.instrument.Timer$Sample='io.micrometer.core.instrument.Timer$Sample@4d460e6d'], parentObservation=null}> to which we're restoring is not the same as the one set as this scope's parent observation <null>. Most likely a manually created Observation has a scope opened that was never closed. This may lead to thread polluting and memory leaks.
api-gateway-1  | 2026-09-23T08:24:57.295442716Z 2026-09-23T08:24:57.294Z  WARN 1 --- [api-gateway] [or-http-epoll-3] [6ab38cd9ed48705f0144dc7f65ede878-0144dc7f65ede878] i.m.o.c.ObservationThreadLocalAccessor   : Observation <{name=http.server.requests(null), error=null, context=name='http.server.requests', contextualName='null', error='null', lowCardinalityKeyValues=[exception='none', method='GET', outcome='SUCCESS', status='200', uri='UNKNOWN'], highCardinalityKeyValues=[http.url='/api/gateway/owners/6'], map=[class io.micrometer.tracing.handler.TracingObservationHandler$TracingContext='TracingContext{span=6ab38cd9ed48705f0144dc7f65ede878/0144dc7f65ede878}', class io.micrometer.core.instrument.LongTaskTimer$Sample='SampleImpl{duration(seconds)=0.003821859, duration(nanos)=3821859.0, startTimeNanos=1376610674000}', class io.micrometer.core.instrument.Timer$Sample='io.micrometer.core.instrument.Timer$Sample@747b262b'], parentObservation=null}> to which we're restoring is not the same as the one set as this scope's parent observation <null>. Most likely a manually created Observation has a scope opened that was never closed. This may lead to thread polluting and memory leaks.
api-gateway-1  | 2026-09-23T08:24:57.301532764Z 2026-09-23T08:24:57.300Z  WARN 1 --- [api-gateway] [or-http-epoll-3] [                                                 ] o.s.c.l.core.RoundRobinLoadBalancer      : No servers available for service: customers-service
api-gateway-1  | 2026-09-23T08:24:57.302095553Z 2026-09-23T08:24:57.301Z  WARN 1 --- [api-gateway] [or-http-epoll-3] [                                                 ] eactorLoadBalancerExchangeFilterFunction : LoadBalancer does not contain an instance for the service customers-service
api-gateway-1  | 2026-09-23T08:24:57.306312031Z 2026-09-23T08:24:57.304Z ERROR 1 --- [api-gateway] [or-http-epoll-3] [6ab38cd9ed48705f0144dc7f65ede878-0144dc7f65ede878] b.w.a.e.AbstractErrorWebExceptionHandler : [9e9cd78a-2]  500 Server Error for HTTP GET "/api/gateway/owners/6"
api-gateway-1  | 2026-09-23T08:24:57.306355437Z 
api-gateway-1  | 2026-09-23T08:24:57.306362542Z org.springframework.web.reactive.function.client.WebClientResponseException$ServiceUnavailable: 503 Service Unavailable from UNKNOWN 
api-gateway-1  | 2026-09-23T08:24:57.306391088Z 	at org.springframework.web.reactive.function.client.WebClientResponseException.create(WebClientResponseException.java:322)
api-gateway-1  | 2026-09-23T08:24:57.306396349Z 	Suppressed: The stacktrace has been enhanced by Reactor, refer to additional information below: 
api-gateway-1  | 2026-09-23T08:24:57.306399996Z Error has been observed at the following site(s):
api-gateway-1  | 2026-09-23T08:24:57.306403513Z 	*__checkpoint ⇢ 503 SERVICE_UNAVAILABLE from GET http://customers-service/owners/6 [DefaultWebClient]
api-gateway-1  | 2026-09-23T08:24:57.306407521Z 	*__checkpoint ⇢ Handler org.springframework.samples.petclinic.api.boundary.web.ApiGatewayController#getOwnerDetails(int) [DispatcherHandler]
api-gateway-1  | 2026-09-23T08:24:57.306411319Z 	*__checkpoint ⇢ org.springframework.cloud.gateway.filter.WeightCalculatorWebFilter@5d94ac8a
api-gateway-1  | 2026-09-23T08:24:57.306414796Z 	*__checkpoint ⇢ HTTP GET "/api/gateway/owners/6" [ExceptionHandlingWebHandler]
api-gateway-1  | 2026-09-23T08:24:57.306418423Z Original Stack Trace:
api-gateway-1  | 2026-09-23T08:24:57.306422050Z 		at org.springframework.web.reactive.function.client.WebClientResponseException.create(WebClientResponseException.java:322)
api-gateway-1  | 2026-09-23T08:24:57.306426429Z 		at org.springframework.web.reactive.function.client.DefaultClientResponse.lambda$createException$1(DefaultClientResponse.java:214)
api-gateway-1  | 2026-09-23T08:24:57.306430637Z 		at reactor.core.publisher.FluxMap$MapSubscriber.onNext(FluxMap.java:106)
api-gateway-1  | 2026-09-23T08:24:57.306434575Z 		at reactor.core.publisher.FluxOnErrorReturn$ReturnSubscriber.onNext(FluxOnErrorReturn.java:159)
api-gateway-1  | 2026-09-23T08:24:57.306438673Z 		at reactor.core.publisher.FluxDefaultIfEmpty$DefaultIfEmptySubscriber.onNext(FluxDefaultIfEmpty.java:123)
api-gateway-1  | 2026-09-23T08:24:57.306442661Z 		at reactor.core.publisher.FluxMapFuseable$MapFuseableSubscriber.onNext(FluxMapFuseable.java:130)
api-gateway-1  | 2026-09-23T08:24:57.306446669Z 		at reactor.core.publisher.FluxContextWrite$ContextWriteSubscriber.onNext(FluxContextWrite.java:109)
api-gateway-1  | 2026-09-23T08:24:57.306450376Z 		at reactor.core.publisher.FluxMapFuseable$MapFuseableConditionalSubscriber.onNext(FluxMapFuseable.java:300)
api-gateway-1  | 2026-09-23T08:24:57.306456038Z 		at reactor.core.publisher.FluxFilterFuseable$FilterFuseableConditionalSubscriber.onNext(FluxFilterFuseable.java:338)
api-gateway-1  | 2026-09-23T08:24:57.306460777Z 		at reactor.core.publisher.Operators$BaseFluxToMonoOperator.completePossiblyEmpty(Operators.java:2093)
api-gateway-1  | 2026-09-23T08:24:57.306464424Z 		at reactor.core.publisher.MonoCollect$CollectSubscriber.onComplete(MonoCollect.java:144)
api-gateway-1  | 2026-09-23T08:24:57.306467911Z 		at reactor.core.publisher.FluxMapFuseable$MapFuseableSubscriber.onComplete(FluxMapFuseable.java:153)
api-gateway-1  | 2026-09-23T08:24:57.306471078Z 		at reactor.core.publisher.Operators$ScalarSubscription.request(Operators.java:2567)
api-gateway-1  | 2026-09-23T08:24:57.306473813Z 		at reactor.core.publisher.FluxMapFuseable$MapFuseableSubscriber.request(FluxMapFuseable.java:172)
api-gateway-1  | 2026-09-23T08:24:57.306476468Z 		at reactor.core.publisher.Operators$BaseFluxToMonoOperator.request(Operators.java:2063)
api-gateway-1  | 2026-09-23T08:24:57.306486198Z 		at reactor.core.publisher.FluxFilterFuseable$FilterFuseableConditionalSubscriber.request(FluxFilterFuseable.java:411)
api-gateway-1  | 2026-09-23T08:24:57.306488973Z 		at reactor.core.publisher.FluxMapFuseable$MapFuseableConditionalSubscriber.request(FluxMapFuseable.java:361)
api-gateway-1  | 2026-09-23T08:24:57.306491619Z 		at reactor.core.publisher.FluxContextWrite$ContextWriteSubscriber.request(FluxContextWrite.java:138)
api-gateway-1  | 2026-09-23T08:24:57.306494274Z 		at reactor.core.publisher.FluxMapFuseable$MapFuseableSubscriber.request(FluxMapFuseable.java:172)
api-gateway-1  | 2026-09-23T08:24:57.306496919Z 		at reactor.core.publisher.FluxDefaultIfEmpty$DefaultIfEmptySubscriber.request(FluxDefaultIfEmpty.java:99)
api-gateway-1  | 2026-09-23T08:24:57.306499775Z 		at reactor.core.publisher.FluxOnErrorReturn$ReturnSubscriber.request(FluxOnErrorReturn.java:150)
api-gateway-1  | 2026-09-23T08:24:57.306502570Z 		at reactor.core.publisher.FluxMap$MapSubscriber.request(FluxMap.java:163)
api-gateway-1  | 2026-09-23T08:24:57.306505346Z 		at reactor.core.publisher.MonoFlatMap$FlatMapMain.request(MonoFlatMap.java:195)
api-gateway-1  | 2026-09-23T08:24:57.306508021Z 		at reactor.core.publisher.Operators$MultiSubscriptionSubscriber.set(Operators.java:2361)
api-gateway-1  | 2026-09-23T08:24:57.306510697Z 		at reactor.core.publisher.FluxOnErrorResume$ResumeSubscriber.onSubscribe(FluxOnErrorResume.java:75)
api-gateway-1  | 2026-09-23T08:24:57.306513352Z 		at reactor.core.publisher.MonoFlatMap$FlatMapMain.onSubscribe(MonoFlatMap.java:118)
api-gateway-1  | 2026-09-23T08:24:57.306516027Z 		at reactor.core.publisher.FluxMap$MapSubscriber.onSubscribe(FluxMap.java:92)
api-gateway-1  | 2026-09-23T08:24:57.306518652Z 		at reactor.core.publisher.FluxOnErrorReturn$ReturnSubscriber.onSubscribe(FluxOnErrorReturn.java:92)
api-gateway-1  | 2026-09-23T08:24:57.306521308Z 		at reactor.core.publisher.Operators$BaseFluxToMonoOperator.onSubscribe(Operators.java:2047)
api-gateway-1  | 2026-09-23T08:24:57.306523963Z 		at reactor.core.publisher.FluxMapFuseable$MapFuseableSubscriber.onSubscribe(FluxMapFuseable.java:96)
api-gateway-1  | 2026-09-23T08:24:57.306526879Z 		at reactor.core.publisher.FluxContextWrite$ContextWriteSubscriber.onSubscribe(FluxContextWrite.java:103)
api-gateway-1  | 2026-09-23T08:24:57.306529564Z 		at reactor.core.publisher.FluxMapFuseable$MapFuseableConditionalSubscriber.onSubscribe(FluxMapFuseable.java:265)
api-gateway-1  | 2026-09-23T08:24:57.306532229Z 		at reactor.core.publisher.FluxFilterFuseable$FilterFuseableConditionalSubscriber.onSubscribe(FluxFilterFuseable.java:305)
api-gateway-1  | 2026-09-23T08:24:57.306534925Z 		at reactor.core.publisher.Operators$BaseFluxToMonoOperator.onSubscribe(Operators.java:2047)
api-gateway-1  | 2026-09-23T08:24:57.306537560Z 		at reactor.core.publisher.FluxMapFuseable$MapFuseableSubscriber.onSubscribe(FluxMapFuseable.java:96)
api-gateway-1  | 2026-09-23T08:24:57.306540245Z 		at reactor.core.publisher.FluxJust.subscribe(FluxJust.java:69)
api-gateway-1  | 2026-09-23T08:24:57.306542851Z 		at reactor.core.publisher.InternalMonoOperator.subscribe(InternalMonoOperator.java:75)
api-gateway-1  | 2026-09-23T08:24:57.306545486Z 		at reactor.core.publisher.MonoFlatMap$FlatMapMain.onNext(MonoFlatMap.java:166)
api-gateway-1  | 2026-09-23T08:24:57.306553111Z 		at reactor.core.publisher.MonoContextWriteRestoringThreadLocals$ContextWriteRestoringThreadLocalsSubscriber.onNext(MonoContextWriteRestoringThreadLocals.java:111)
api-gateway-1  | 2026-09-23T08:24:57.306555927Z 		at reactor.core.publisher.FluxDoFinally$DoFinallySubscriber.onNext(FluxDoFinally.java:113)
api-gateway-1  | 2026-09-23T08:24:57.306558582Z 		at reactor.core.publisher.MonoPeekTerminal$MonoTerminalPeekSubscriber.onNext(MonoPeekTerminal.java:184)
api-gateway-1  | 2026-09-23T08:24:57.306561247Z 		at reactor.core.publisher.FluxPeekFuseable$PeekConditionalSubscriber.onNext(FluxPeekFuseable.java:850)
api-gateway-1  | 2026-09-23T08:24:57.306563893Z 		at reactor.core.publisher.FluxSwitchIfEmpty$SwitchIfEmptySubscriber.onNext(FluxSwitchIfEmpty.java:75)
api-gateway-1  | 2026-09-23T08:24:57.306566548Z 		at reactor.core.publisher.MonoFlatMap$FlatMapMain.onNext(MonoFlatMap.java:159)
api-gateway-1  | 2026-09-23T08:24:57.306569173Z 		at reactor.core.publisher.FluxMap$MapSubscriber.onNext(FluxMap.java:122)
api-gateway-1  | 2026-09-23T08:24:57.306571778Z 		at reactor.core.publisher.MonoNext$NextSubscriber.onNext(MonoNext.java:83)
api-gateway-1  | 2026-09-23T08:24:57.306574393Z 		at reactor.core.publisher.FluxDematerialize$DematerializeSubscriber.onNext(FluxDematerialize.java:102)
api-gateway-1  | 2026-09-23T08:24:57.306577059Z 		at reactor.core.publisher.FluxDematerialize$DematerializeSubscriber.onNext(FluxDematerialize.java:44)
api-gateway-1  | 2026-09-23T08:24:57.306579704Z 		at reactor.core.publisher.FluxFlattenIterable$FlattenIterableSubscriber.drainAsync(FluxFlattenIterable.java:455)
api-gateway-1  | 2026-09-23T08:24:57.306582369Z 		at reactor.core.publisher.FluxFlattenIterable$FlattenIterableSubscriber.drain(FluxFlattenIterable.java:726)
api-gateway-1  | 2026-09-23T08:24:57.306585365Z 		at reactor.core.publisher.FluxFlattenIterable$FlattenIterableSubscriber.onNext(FluxFlattenIterable.java:258)
api-gateway-1  | 2026-09-23T08:24:57.306588071Z 		at reactor.core.publisher.FluxSwitchIfEmpty$SwitchIfEmptySubscriber.onNext(FluxSwitchIfEmpty.java:75)
api-gateway-1  | 2026-09-23T08:24:57.306590746Z 		at reactor.core.publisher.MonoFlatMap$FlatMapMain.secondComplete(MonoFlatMap.java:246)
api-gateway-1  | 2026-09-23T08:24:57.306593381Z 		at reactor.core.publisher.MonoFlatMap$FlatMapInner.onNext(MonoFlatMap.java:307)
api-gateway-1  | 2026-09-23T08:24:57.306596006Z 		at reactor.core.publisher.MonoIgnoreThen$ThenIgnoreMain.complete(MonoIgnoreThen.java:297)
api-gateway-1  | 2026-09-23T08:24:57.306598612Z 		at reactor.core.publisher.MonoIgnoreThen$ThenIgnoreMain.onNext(MonoIgnoreThen.java:191)
api-gateway-1  | 2026-09-23T08:24:57.306601247Z 		at reactor.core.publisher.MonoIgnoreThen$ThenIgnoreMain.subscribeNext(MonoIgnoreThen.java:240)
api-gateway-1  | 2026-09-23T08:24:57.306603932Z 		at reactor.core.publisher.MonoIgnoreThen$ThenIgnoreMain.onComplete(MonoIgnoreThen.java:207)
api-gateway-1  | 2026-09-23T08:24:57.306606628Z 		at reactor.core.publisher.MonoIgnoreElements$IgnoreElementsSubscriber.onComplete(MonoIgnoreElements.java:89)
api-gateway-1  | 2026-09-23T08:24:57.306609273Z 		at reactor.core.publisher.FluxPeek$PeekSubscriber.onComplete(FluxPeek.java:263)
api-gateway-1  | 2026-09-23T08:24:57.306611908Z 		at reactor.core.publisher.FluxDematerialize$DematerializeSubscriber.onComplete(FluxDematerialize.java:125)
api-gateway-1  | 2026-09-23T08:24:57.306619954Z 		at reactor.core.publisher.FluxDematerialize$DematerializeSubscriber.onNext(FluxDematerialize.java:91)
api-gateway-1  | 2026-09-23T08:24:57.306622690Z 		at reactor.core.publisher.FluxDematerialize$DematerializeSubscriber.onNext(FluxDematerialize.java:44)
api-gateway-1  | 2026-09-23T08:24:57.306625365Z 		at reactor.core.publisher.FluxIterable$IterableSubscription.fastPath(FluxIterable.java:402)
api-gateway-1  | 2026-09-23T08:24:57.306628010Z 		at reactor.core.publisher.FluxIterable$IterableSubscription.request(FluxIterable.java:291)
api-gateway-1  | 2026-09-23T08:24:57.306630635Z 		at reactor.core.publisher.FluxDematerialize$DematerializeSubscriber.request(FluxDematerialize.java:131)
api-gateway-1  | 2026-09-23T08:24:57.306633361Z 		at reactor.core.publisher.FluxPeek$PeekSubscriber.request(FluxPeek.java:141)
api-gateway-1  | 2026-09-23T08:24:57.306636016Z 		at reactor.core.publisher.MonoIgnoreElements$IgnoreElementsSubscriber.onSubscribe(MonoIgnoreElements.java:72)
api-gateway-1  | 2026-09-23T08:24:57.306638671Z 		at reactor.core.publisher.FluxPeek$PeekSubscriber.onSubscribe(FluxPeek.java:174)
api-gateway-1  | 2026-09-23T08:24:57.306641297Z 		at reactor.core.publisher.FluxDematerialize$DematerializeSubscriber.onSubscribe(FluxDematerialize.java:77)
api-gateway-1  | 2026-09-23T08:24:57.306643952Z 		at reactor.core.publisher.FluxIterable.subscribe(FluxIterable.java:200)
api-gateway-1  | 2026-09-23T08:24:57.306646888Z 		at reactor.core.publisher.FluxIterable.subscribe(FluxIterable.java:82)
api-gateway-1  | 2026-09-23T08:24:57.306649543Z 		at reactor.core.publisher.Mono.subscribe(Mono.java:4569)
api-gateway-1  | 2026-09-23T08:24:57.306652168Z 		at reactor.core.publisher.MonoIgnoreThen$ThenIgnoreMain.subscribeNext(MonoIgnoreThen.java:268)
api-gateway-1  | 2026-09-23T08:24:57.306654804Z 		at reactor.core.publisher.MonoIgnoreThen.subscribe(MonoIgnoreThen.java:51)
api-gateway-1  | 2026-09-23T08:24:57.306657409Z 		at reactor.core.publisher.MonoFlatMap$FlatMapMain.onNext(MonoFlatMap.java:166)
api-gateway-1  | 2026-09-23T08:24:57.306660034Z 		at reactor.core.publisher.Operators$BaseFluxToMonoOperator.completePossiblyEmpty(Operators.java:2093)
api-gateway-1  | 2026-09-23T08:24:57.306662679Z 		at reactor.core.publisher.MonoCollectList$MonoCollectListSubscriber.onComplete(MonoCollectList.java:117)
api-gateway-1  | 2026-09-23T08:24:57.306665304Z 		at reactor.core.publisher.DrainUtils.postCompleteDrain(DrainUtils.java:132)
api-gateway-1  | 2026-09-23T08:24:57.306667950Z 		at reactor.core.publisher.DrainUtils.postComplete(DrainUtils.java:187)
api-gateway-1  | 2026-09-23T08:24:57.306670555Z 		at reactor.core.publisher.FluxMaterialize$MaterializeSubscriber.onComplete(FluxMaterialize.java:141)
api-gateway-1  | 2026-09-23T08:24:57.306673190Z 		at reactor.core.publisher.FluxLimitRequest$FluxLimitRequestSubscriber.onNext(FluxLimitRequest.java:104)
api-gateway-1  | 2026-09-23T08:24:57.306675845Z 		at reactor.core.publisher.FluxOnErrorResume$ResumeSubscriber.onNext(FluxOnErrorResume.java:80)
api-gateway-1  | 2026-09-23T08:24:57.306678451Z 		at reactor.core.publisher.SerializedSubscriber.onNext(SerializedSubscriber.java:100)
api-gateway-1  | 2026-09-23T08:24:57.306681076Z 		at reactor.core.publisher.FluxTimeout$TimeoutMainSubscriber.onNext(FluxTimeout.java:182)
api-gateway-1  | 2026-09-23T08:24:57.306689623Z 		at reactor.core.publisher.Operators$BaseFluxToMonoOperator.completePossiblyEmpty(Operators.java:2093)
api-gateway-1  | 2026-09-23T08:24:57.306693270Z 		at reactor.core.publisher.MonoCollectList$MonoCollectListSubscriber.onComplete(MonoCollectList.java:117)
api-gateway-1  | 2026-09-23T08:24:57.306698010Z 		at reactor.core.publisher.FluxContextWriteRestoringThreadLocals$ContextWriteRestoringThreadLocalsSubscriber.onComplete(FluxContextWriteRestoringThreadLocals.java:150)
api-gateway-1  | 2026-09-23T08:24:57.306703180Z 		at org.springframework.cloud.commons.publisher.FluxFirstNonEmptyEmitting$FirstNonEmptyEmittingSubscriber.onComplete(FluxFirstNonEmptyEmitting.java:325)
api-gateway-1  | 2026-09-23T08:24:57.306707238Z 		at reactor.core.publisher.Operators.complete(Operators.java:137)
api-gateway-1  | 2026-09-23T08:24:57.306711597Z 		at reactor.core.publisher.FluxIterable.subscribe(FluxIterable.java:143)
api-gateway-1  | 2026-09-23T08:24:57.306715875Z 		at reactor.core.publisher.FluxIterable.subscribe(FluxIterable.java:82)
api-gateway-1  | 2026-09-23T08:24:57.306719813Z 		at reactor.core.publisher.Flux.subscribe(Flux.java:8888)
api-gateway-1  | 2026-09-23T08:24:57.306724502Z 		at org.springframework.cloud.commons.publisher.FluxFirstNonEmptyEmitting$RaceCoordinator.subscribe(FluxFirstNonEmptyEmitting.java:203)
api-gateway-1  | 2026-09-23T08:24:57.306728931Z 		at org.springframework.cloud.commons.publisher.FluxFirstNonEmptyEmitting.subscribe(FluxFirstNonEmptyEmitting.java:128)
api-gateway-1  | 2026-09-23T08:24:57.306733671Z 		at reactor.core.publisher.InternalFluxOperator.subscribe(InternalFluxOperator.java:67)
api-gateway-1  | 2026-09-23T08:24:57.306737969Z 		at reactor.core.publisher.FluxDefer.subscribe(FluxDefer.java:55)
api-gateway-1  | 2026-09-23T08:24:57.306741676Z 		at reactor.core.publisher.InternalFluxOperator.subscribe(InternalFluxOperator.java:67)
api-gateway-1  | 2026-09-23T08:24:57.306745043Z 		at reactor.core.publisher.FluxDefer.subscribe(FluxDefer.java:55)
api-gateway-1  | 2026-09-23T08:24:57.306748390Z 		at reactor.core.publisher.Mono.subscribe(Mono.java:4569)
api-gateway-1  | 2026-09-23T08:24:57.306751626Z 		at reactor.core.publisher.FluxSwitchIfEmpty$SwitchIfEmptySubscriber.onComplete(FluxSwitchIfEmpty.java:83)
api-gateway-1  | 2026-09-23T08:24:57.306754272Z 		at reactor.core.publisher.Operators.complete(Operators.java:137)
api-gateway-1  | 2026-09-23T08:24:57.306756887Z 		at reactor.core.publisher.MonoEmpty.subscribe(MonoEmpty.java:46)
api-gateway-1  | 2026-09-23T08:24:57.306759522Z 		at reactor.core.publisher.InternalFluxOperator.subscribe(InternalFluxOperator.java:67)
api-gateway-1  | 2026-09-23T08:24:57.306762187Z 		at reactor.core.publisher.FluxDefer.subscribe(FluxDefer.java:55)
api-gateway-1  | 2026-09-23T08:24:57.306764782Z 		at reactor.core.publisher.InternalMonoOperator.subscribe(InternalMonoOperator.java:75)
api-gateway-1  | 2026-09-23T08:24:57.306767418Z 		at reactor.core.publisher.MonoDefer.subscribe(MonoDefer.java:54)
api-gateway-1  | 2026-09-23T08:24:57.306770063Z 		at reactor.core.publisher.InternalMonoOperator.subscribe(InternalMonoOperator.java:75)
api-gateway-1  | 2026-09-23T08:24:57.306772698Z 		at reactor.core.publisher.MonoContextWriteRestoringThreadLocals.subscribe(MonoContextWriteRestoringThreadLocals.java:44)
api-gateway-1  | 2026-09-23T08:24:57.306781386Z 		at reactor.core.publisher.MonoDeferContextual.subscribe(MonoDeferContextual.java:56)
api-gateway-1  | 2026-09-23T08:24:57.306784131Z 		at reactor.core.publisher.FluxFromMonoOperator.subscribe(FluxFromMonoOperator.java:83)
api-gateway-1  | 2026-09-23T08:24:57.306786756Z 		at reactor.core.publisher.FluxDeferContextual.subscribe(FluxDeferContextual.java:58)
api-gateway-1  | 2026-09-23T08:24:57.306792638Z 		at reactor.core.publisher.InternalMonoOperator.subscribe(InternalMonoOperator.java:75)
api-gateway-1  | 2026-09-23T08:24:57.306797257Z 		at reactor.core.publisher.MonoFlatMap$FlatMapMain.onNext(MonoFlatMap.java:166)
api-gateway-1  | 2026-09-23T08:24:57.306801516Z 		at reactor.core.publisher.FluxOnErrorResume$ResumeSubscriber.onNext(FluxOnErrorResume.java:80)
api-gateway-1  | 2026-09-23T08:24:57.306805774Z 		at reactor.core.publisher.FluxOnErrorResume$ResumeSubscriber.onNext(FluxOnErrorResume.java:80)
api-gateway-1  | 2026-09-23T08:24:57.306810353Z 		at reactor.core.publisher.FluxPeek$PeekSubscriber.onNext(FluxPeek.java:203)
api-gateway-1  | 2026-09-23T08:24:57.306815293Z 		at reactor.core.publisher.MonoIgnoreThen$ThenIgnoreMain.complete(MonoIgnoreThen.java:297)
api-gateway-1  | 2026-09-23T08:24:57.306819662Z 		at reactor.core.publisher.MonoIgnoreThen$ThenIgnoreMain.onNext(MonoIgnoreThen.java:191)
api-gateway-1  | 2026-09-23T08:24:57.306823680Z 		at reactor.core.publisher.MonoFlatMap$FlatMapMain.onNext(MonoFlatMap.java:159)
api-gateway-1  | 2026-09-23T08:24:57.306827608Z 		at reactor.core.publisher.MonoZip$ZipCoordinator.signal(MonoZip.java:296)
api-gateway-1  | 2026-09-23T08:24:57.306832287Z 		at reactor.core.publisher.MonoZip$ZipInner.onNext(MonoZip.java:480)
api-gateway-1  | 2026-09-23T08:24:57.306836375Z 		at reactor.core.publisher.MonoPeekTerminal$MonoTerminalPeekSubscriber.onNext(MonoPeekTerminal.java:184)
api-gateway-1  | 2026-09-23T08:24:57.306840563Z 		at reactor.core.publisher.FluxDefaultIfEmpty$DefaultIfEmptySubscriber.onNext(FluxDefaultIfEmpty.java:123)
api-gateway-1  | 2026-09-23T08:24:57.306843870Z 		at reactor.core.publisher.FluxSwitchIfEmpty$SwitchIfEmptySubscriber.onNext(FluxSwitchIfEmpty.java:75)
api-gateway-1  | 2026-09-23T08:24:57.306846535Z 		at reactor.core.publisher.Operators$ScalarSubscription.request(Operators.java:2565)
api-gateway-1  | 2026-09-23T08:24:57.306849130Z 		at reactor.core.publisher.Operators$MultiSubscriptionSubscriber.set(Operators.java:2361)
api-gateway-1  | 2026-09-23T08:24:57.306851796Z 		at reactor.core.publisher.Operators$MultiSubscriptionSubscriber.onSubscribe(Operators.java:2235)
api-gateway-1  | 2026-09-23T08:24:57.306854501Z 		at reactor.core.publisher.FluxFlatMap.trySubscribeScalarMap(FluxFlatMap.java:193)
api-gateway-1  | 2026-09-23T08:24:57.306857116Z 		at reactor.core.publisher.MonoFlatMap.subscribeOrReturn(MonoFlatMap.java:53)
api-gateway-1  | 2026-09-23T08:24:57.306859752Z 		at reactor.core.publisher.InternalMonoOperator.subscribe(InternalMonoOperator.java:62)
api-gateway-1  | 2026-09-23T08:24:57.306862397Z 		at reactor.core.publisher.MonoZip$ZipCoordinator.request(MonoZip.java:219)
api-gateway-1  | 2026-09-23T08:24:57.306865072Z 		at reactor.core.publisher.MonoFlatMap$FlatMapMain.request(MonoFlatMap.java:195)
api-gateway-1  | 2026-09-23T08:24:57.306873870Z 		at reactor.core.publisher.MonoIgnoreThen$ThenIgnoreMain.onSubscribe(MonoIgnoreThen.java:135)
api-gateway-1  | 2026-09-23T08:24:57.306876595Z 		at reactor.core.publisher.MonoFlatMap$FlatMapMain.onSubscribe(MonoFlatMap.java:118)
api-gateway-1  | 2026-09-23T08:24:57.306879220Z 		at reactor.core.publisher.MonoZip.subscribe(MonoZip.java:129)
api-gateway-1  | 2026-09-23T08:24:57.306881816Z 		at reactor.core.publisher.InternalMonoOperator.subscribe(InternalMonoOperator.java:75)
api-gateway-1  | 2026-09-23T08:24:57.306884441Z 		at reactor.core.publisher.MonoDefer.subscribe(MonoDefer.java:54)
api-gateway-1  | 2026-09-23T08:24:57.306887096Z 		at reactor.core.publisher.MonoIgnoreThen$ThenIgnoreMain.subscribeNext(MonoIgnoreThen.java:244)
api-gateway-1  | 2026-09-23T08:24:57.306889731Z 		at reactor.core.publisher.MonoIgnoreThen$ThenIgnoreMain.onComplete(MonoIgnoreThen.java:207)
api-gateway-1  | 2026-09-23T08:24:57.306893499Z 		at reactor.core.publisher.MonoFlatMap$FlatMapMain.onComplete(MonoFlatMap.java:190)
api-gateway-1  | 2026-09-23T08:24:57.306897677Z 		at reactor.core.publisher.Operators.complete(Operators.java:137)
api-gateway-1  | 2026-09-23T08:24:57.306901936Z 		at reactor.core.publisher.MonoZip.subscribe(MonoZip.java:121)
api-gateway-1  | 2026-09-23T08:24:57.306906274Z 		at reactor.core.publisher.Mono.subscribe(Mono.java:4569)
api-gateway-1  | 2026-09-23T08:24:57.306909741Z 		at reactor.core.publisher.MonoIgnoreThen$ThenIgnoreMain.subscribeNext(MonoIgnoreThen.java:268)
api-gateway-1  | 2026-09-23T08:24:57.306913008Z 		at reactor.core.publisher.MonoIgnoreThen.subscribe(MonoIgnoreThen.java:51)
api-gateway-1  | 2026-09-23T08:24:57.306916715Z 		at reactor.core.publisher.InternalMonoOperator.subscribe(InternalMonoOperator.java:75)
api-gateway-1  | 2026-09-23T08:24:57.306920062Z 		at reactor.core.publisher.MonoFlatMap$FlatMapMain.onNext(MonoFlatMap.java:166)
api-gateway-1  | 2026-09-23T08:24:57.306923418Z 		at reactor.core.publisher.FluxOnErrorResume$ResumeSubscriber.onNext(FluxOnErrorResume.java:80)
api-gateway-1  | 2026-09-23T08:24:57.306926935Z 		at reactor.core.publisher.FluxSwitchIfEmpty$SwitchIfEmptySubscriber.onNext(FluxSwitchIfEmpty.java:75)
api-gateway-1  | 2026-09-23T08:24:57.306931074Z 		at reactor.core.publisher.MonoNext$NextSubscriber.onNext(MonoNext.java:83)
api-gateway-1  | 2026-09-23T08:24:57.306934691Z 		at reactor.core.publisher.FluxConcatMapNoPrefetch$FluxConcatMapNoPrefetchSubscriber.innerNext(FluxConcatMapNoPrefetch.java:259)
api-gateway-1  | 2026-09-23T08:24:57.306938228Z 		at reactor.core.publisher.FluxConcatMap$ConcatMapInner.onNext(FluxConcatMap.java:870)
api-gateway-1  | 2026-09-23T08:24:57.306941755Z 		at reactor.core.publisher.FluxMapFuseable$MapFuseableSubscriber.onNext(FluxMapFuseable.java:130)
api-gateway-1  | 2026-09-23T08:24:57.306945352Z 		at reactor.core.publisher.MonoPeekTerminal$MonoTerminalPeekSubscriber.onNext(MonoPeekTerminal.java:184)
api-gateway-1  | 2026-09-23T08:24:57.306948749Z 		at reactor.core.publisher.Operators$ScalarSubscription.request(Operators.java:2565)
api-gateway-1  | 2026-09-23T08:24:57.306952707Z 		at reactor.core.publisher.MonoPeekTerminal$MonoTerminalPeekSubscriber.request(MonoPeekTerminal.java:142)
api-gateway-1  | 2026-09-23T08:24:57.306963248Z 		at reactor.core.publisher.FluxMapFuseable$MapFuseableSubscriber.request(FluxMapFuseable.java:172)
api-gateway-1  | 2026-09-23T08:24:57.306967105Z 		at reactor.core.publisher.Operators$MultiSubscriptionSubscriber.request(Operators.java:2325)
api-gateway-1  | 2026-09-23T08:24:57.306970813Z 		at reactor.core.publisher.FluxConcatMapNoPrefetch$FluxConcatMapNoPrefetchSubscriber.request(FluxConcatMapNoPrefetch.java:339)
api-gateway-1  | 2026-09-23T08:24:57.306974841Z 		at reactor.core.publisher.MonoNext$NextSubscriber.request(MonoNext.java:109)
api-gateway-1  | 2026-09-23T08:24:57.306978438Z 		at reactor.core.publisher.Operators$MultiSubscriptionSubscriber.set(Operators.java:2361)
api-gateway-1  | 2026-09-23T08:24:57.306982015Z 		at reactor.core.publisher.Operators$MultiSubscriptionSubscriber.onSubscribe(Operators.java:2235)
api-gateway-1  | 2026-09-23T08:24:57.306986173Z 		at reactor.core.publisher.MonoNext$NextSubscriber.onSubscribe(MonoNext.java:71)
api-gateway-1  | 2026-09-23T08:24:57.306990171Z 		at reactor.core.publisher.FluxConcatMapNoPrefetch$FluxConcatMapNoPrefetchSubscriber.onSubscribe(FluxConcatMapNoPrefetch.java:164)
api-gateway-1  | 2026-09-23T08:24:57.306993909Z 		at reactor.core.publisher.FluxIterable.subscribe(FluxIterable.java:200)
api-gateway-1  | 2026-09-23T08:24:57.306997366Z 		at reactor.core.publisher.FluxIterable.subscribe(FluxIterable.java:82)
api-gateway-1  | 2026-09-23T08:24:57.307001093Z 		at reactor.core.publisher.InternalMonoOperator.subscribe(InternalMonoOperator.java:75)
api-gateway-1  | 2026-09-23T08:24:57.307004670Z 		at reactor.core.publisher.MonoDefer.subscribe(MonoDefer.java:54)
api-gateway-1  | 2026-09-23T08:24:57.307008347Z 		at reactor.core.publisher.InternalMonoOperator.subscribe(InternalMonoOperator.java:75)
api-gateway-1  | 2026-09-23T08:24:57.307011975Z 		at reactor.core.publisher.MonoDefer.subscribe(MonoDefer.java:54)
api-gateway-1  | 2026-09-23T08:24:57.307015903Z 		at reactor.core.publisher.InternalMonoOperator.subscribe(InternalMonoOperator.java:75)
api-gateway-1  | 2026-09-23T08:24:57.307019700Z 		at reactor.core.publisher.MonoTapRestoringThreadLocals.subscribe(MonoTapRestoringThreadLocals.java:78)
api-gateway-1  | 2026-09-23T08:24:57.307023297Z 		at reactor.core.publisher.Mono.subscribe(Mono.java:4569)
api-gateway-1  | 2026-09-23T08:24:57.307026834Z 		at reactor.core.publisher.MonoIgnoreThen$ThenIgnoreMain.subscribeNext(MonoIgnoreThen.java:268)
api-gateway-1  | 2026-09-23T08:24:57.307030482Z 		at reactor.core.publisher.MonoIgnoreThen.subscribe(MonoIgnoreThen.java:51)
api-gateway-1  | 2026-09-23T08:24:57.307034319Z 		at reactor.core.publisher.InternalMonoOperator.subscribe(InternalMonoOperator.java:75)
api-gateway-1  | 2026-09-23T08:24:57.307038027Z 		at reactor.core.publisher.MonoDeferContextual.subscribe(MonoDeferContextual.java:56)
api-gateway-1  | 2026-09-23T08:24:57.307042095Z 		at reactor.netty.http.server.HttpServer$HttpServerHandle.onStateChange(HttpServer.java:1344)
api-gateway-1  | 2026-09-23T08:24:57.307045562Z 		at reactor.netty.ReactorNetty$CompositeConnectionObserver.onStateChange(ReactorNetty.java:730)
api-gateway-1  | 2026-09-23T08:24:57.307048918Z 		at reactor.netty.transport.ServerTransport$ChildObserver.onStateChange(ServerTransport.java:489)
api-gateway-1  | 2026-09-23T08:24:57.307060251Z 		at reactor.netty.http.server.HttpServerOperations.handleDefaultHttpRequest(HttpServerOperations.java:863)
api-gateway-1  | 2026-09-23T08:24:57.307065251Z 		at reactor.netty.http.server.HttpServerOperations.onInboundNext(HttpServerOperations.java:789)
api-gateway-1  | 2026-09-23T08:24:57.307069780Z 		at reactor.netty.channel.ChannelOperationsHandler.channelRead(ChannelOperationsHandler.java:115)
api-gateway-1  | 2026-09-23T08:24:57.307073437Z 		at io.netty.channel.AbstractChannelHandlerContext.fireChannelRead(AbstractChannelHandlerContext.java:356)
api-gateway-1  | 2026-09-23T08:24:57.307078277Z 		at reactor.netty.http.server.HttpTrafficHandler.channelRead(HttpTrafficHandler.java:283)
api-gateway-1  | 2026-09-23T08:24:57.307082235Z 		at io.netty.channel.AbstractChannelHandlerContext.fireChannelRead(AbstractChannelHandlerContext.java:354)
api-gateway-1  | 2026-09-23T08:24:57.307087144Z 		at io.netty.channel.CombinedChannelDuplexHandler$DelegatingChannelHandlerContext.fireChannelRead(CombinedChannelDuplexHandler.java:434)
api-gateway-1  | 2026-09-23T08:24:57.307092325Z 		at io.netty.handler.codec.ByteToMessageDecoder.fireChannelRead(ByteToMessageDecoder.java:361)
api-gateway-1  | 2026-09-23T08:24:57.307096433Z 		at io.netty.handler.codec.ByteToMessageDecoder.channelRead(ByteToMessageDecoder.java:325)
api-gateway-1  | 2026-09-23T08:24:57.307100190Z 		at io.netty.channel.CombinedChannelDuplexHandler.channelRead(CombinedChannelDuplexHandler.java:249)
api-gateway-1  | 2026-09-23T08:24:57.307104148Z 		at io.netty.channel.AbstractChannelHandlerContext.fireChannelRead(AbstractChannelHandlerContext.java:354)
api-gateway-1  | 2026-09-23T08:24:57.307108898Z 		at io.netty.channel.DefaultChannelPipeline$HeadContext.channelRead(DefaultChannelPipeline.java:1429)
api-gateway-1  | 2026-09-23T08:24:57.307113166Z 		at io.netty.channel.DefaultChannelPipeline.fireChannelRead(DefaultChannelPipeline.java:918)
api-gateway-1  | 2026-09-23T08:24:57.307117595Z 		at io.netty.channel.epoll.AbstractEpollStreamChannel$EpollStreamUnsafe.epollInReady(AbstractEpollStreamChannel.java:804)
api-gateway-1  | 2026-09-23T08:24:57.307121934Z 		at io.netty.channel.epoll.AbstractEpollChannel$AbstractEpollUnsafe.handle(AbstractEpollChannel.java:482)
api-gateway-1  | 2026-09-23T08:24:57.307126302Z 		at io.netty.channel.epoll.EpollIoHandler$DefaultEpollIoRegistration.handle(EpollIoHandler.java:317)
api-gateway-1  | 2026-09-23T08:24:57.307130200Z 		at io.netty.channel.epoll.EpollIoHandler.processReady(EpollIoHandler.java:515)
api-gateway-1  | 2026-09-23T08:24:57.307134078Z 		at io.netty.channel.epoll.EpollIoHandler.run(EpollIoHandler.java:460)
api-gateway-1  | 2026-09-23T08:24:57.307137505Z 		at io.netty.channel.SingleThreadIoEventLoop.runIo(SingleThreadIoEventLoop.java:225)
api-gateway-1  | 2026-09-23T08:24:57.307140811Z 		at io.netty.channel.SingleThreadIoEventLoop.run(SingleThreadIoEventLoop.java:196)
api-gateway-1  | 2026-09-23T08:24:57.307144458Z 		at io.netty.util.concurrent.SingleThreadEventExecutor$5.run(SingleThreadEventExecutor.java:1195)
api-gateway-1  | 2026-09-23T08:24:57.307148126Z 		at io.netty.util.internal.ThreadExecutorMap$2.run(ThreadExecutorMap.java:74)
api-gateway-1  | 2026-09-23T08:24:57.307151913Z 		at io.netty.util.concurrent.FastThreadLocalRunnable.run(FastThreadLocalRunnable.java:30)
api-gateway-1  | 2026-09-23T08:24:57.307164719Z 		at java.base/java.lang.Thread.run(Thread.java:840)
api-gateway-1  | 2026-09-23T08:24:57.307169418Z 
api-gateway-1  | 2026-09-23T08:24:57.312589778Z 2026-09-23T08:24:57.312Z  WARN 1 --- [api-gateway] [or-http-epoll-3] [                                                 ] i.m.o.c.ObservationThreadLocalAccessor   : There is no current scope in thread local. This situation should not happen
api-gateway-1  | 2026-09-23T08:24:57.313275331Z 2026-09-23T08:24:57.312Z  WARN 1 --- [api-gateway] [or-http-epoll-3] [                                                 ] i.m.o.c.ObservationThreadLocalAccessor   : Observation <{name=http.server.requests(http get /api/gateway/owners/{ownerId}), error=org.springframework.web.reactive.function.client.WebClientResponseException$ServiceUnavailable: 503 Service Unavailable from UNKNOWN , context=name='http.server.requests', contextualName='http get /api/gateway/owners/{ownerId}', error='org.springframework.web.reactive.function.client.WebClientResponseException$ServiceUnavailable: 503 Service Unavailable from UNKNOWN ', lowCardinalityKeyValues=[exception='ServiceUnavailable', method='GET', outcome='SERVER_ERROR', status='500', uri='/api/gateway/owners/{ownerId}'], highCardinalityKeyValues=[http.url='/api/gateway/owners/6'], map=[class io.micrometer.tracing.handler.TracingObservationHandler$TracingContext='TracingContext{span=6ab38cd9ed48705f0144dc7f65ede878/0144dc7f65ede878}', class io.micrometer.core.instrument.LongTaskTimer$Sample='SampleImpl{duration(seconds)=-1.0E-9, duration(nanos)=-1.0, startTimeNanos=1376610674000}', class io.micrometer.core.instrument.Timer$Sample='io.micrometer.core.instrument.Timer$Sample@747b262b'], parentObservation=null}> to which we're restoring is not the same as the one set as this scope's parent observation <null>. Most likely a manually created Observation has a scope opened that was never closed. This may lead to thread polluting and memory leaks.
api-gateway-1  | 2026-09-23T08:24:59.337285469Z 2026-09-23T08:24:59.336Z  WARN 1 --- [api-gateway] [/api/v2/spans}}] [                                                 ] z.r.i.AsyncReporter$BoundedAsyncReporter : Spans were dropped due to exceptions. All subsequent errors will be logged at FINE level.
api-gateway-1  | 2026-09-23T08:24:59.337984039Z 2026-09-23T08:24:59.337Z  WARN 1 --- [api-gateway] [/api/v2/spans}}] [                                                 ] z.r.i.AsyncReporter$BoundedAsyncReporter : Dropped 1 spans due to ConnectException()
api-gateway-1  | 2026-09-23T08:24:59.337994410Z 
api-gateway-1  | 2026-09-23T08:24:59.337998538Z java.net.ConnectException
api-gateway-1  | 2026-09-23T08:24:59.338002245Z 	at java.net.http/jdk.internal.net.http.HttpClientImpl.send(HttpClientImpl.java:900)
api-gateway-1  | 2026-09-23T08:24:59.338006825Z 	at java.net.http/jdk.internal.net.http.HttpClientFacade.send(HttpClientFacade.java:133)
api-gateway-1  | 2026-09-23T08:24:59.338010392Z 	at org.springframework.boot.zipkin.autoconfigure.ZipkinHttpClientSender.postSpans(ZipkinHttpClientSender.java:59)
api-gateway-1  | 2026-09-23T08:24:59.338014079Z 	at org.springframework.boot.zipkin.autoconfigure.HttpSender.postSpans(HttpSender.java:69)
api-gateway-1  | 2026-09-23T08:24:59.338017696Z 	at org.springframework.boot.zipkin.autoconfigure.HttpSender.postSpans(HttpSender.java:41)
api-gateway-1  | 2026-09-23T08:24:59.338021263Z 	at zipkin2.reporter.BaseHttpSender.send(BaseHttpSender.java:123)
api-gateway-1  | 2026-09-23T08:24:59.338024730Z 	at zipkin2.reporter.internal.AsyncReporter$BoundedAsyncReporter.flush(AsyncReporter.java:266)
api-gateway-1  | 2026-09-23T08:24:59.338028297Z 	at zipkin2.reporter.internal.AsyncReporter$Flusher.run(AsyncReporter.java:352)
api-gateway-1  | 2026-09-23T08:24:59.338043989Z 	at java.base/java.lang.Thread.run(Thread.java:840)
api-gateway-1  | 2026-09-23T08:24:59.338047666Z Caused by: java.net.ConnectException
api-gateway-1  | 2026-09-23T08:24:59.338051083Z 	at java.net.http/jdk.internal.net.http.common.Utils.toConnectException(Utils.java:1107)
api-gateway-1  | 2026-09-23T08:24:59.338054630Z 	at java.net.http/jdk.internal.net.http.PlainHttpConnection.connectAsync(PlainHttpConnection.java:203)
api-gateway-1  | 2026-09-23T08:24:59.338058257Z 	at java.net.http/jdk.internal.net.http.Http1Exchange.sendHeadersAsync(Http1Exchange.java:308)
api-gateway-1  | 2026-09-23T08:24:59.338061974Z 	at java.net.http/jdk.internal.net.http.Exchange.lambda$responseAsyncImpl0$8(Exchange.java:564)
api-gateway-1  | 2026-09-23T08:24:59.338065792Z 	at java.net.http/jdk.internal.net.http.Exchange.checkFor407(Exchange.java:435)
api-gateway-1  | 2026-09-23T08:24:59.338069459Z 	at java.net.http/jdk.internal.net.http.Exchange.lambda$responseAsyncImpl0$9(Exchange.java:568)
api-gateway-1  | 2026-09-23T08:24:59.338073227Z 	at java.base/java.util.concurrent.CompletableFuture.uniHandle(CompletableFuture.java:934)
api-gateway-1  | 2026-09-23T08:24:59.338076914Z 	at java.base/java.util.concurrent.CompletableFuture.uniHandleStage(CompletableFuture.java:950)
api-gateway-1  | 2026-09-23T08:24:59.338080531Z 	at java.base/java.util.concurrent.CompletableFuture.handle(CompletableFuture.java:2340)
api-gateway-1  | 2026-09-23T08:24:59.338084138Z 	at java.net.http/jdk.internal.net.http.Exchange.responseAsyncImpl0(Exchange.java:568)
api-gateway-1  | 2026-09-23T08:24:59.338087706Z 	at java.net.http/jdk.internal.net.http.Exchange.responseAsyncImpl(Exchange.java:411)
api-gateway-1  | 2026-09-23T08:24:59.338092044Z 	at java.net.http/jdk.internal.net.http.Exchange.responseAsync(Exchange.java:403)
api-gateway-1  | 2026-09-23T08:24:59.338095641Z 	at java.net.http/jdk.internal.net.http.MultiExchange.responseAsyncImpl(MultiExchange.java:430)
api-gateway-1  | 2026-09-23T08:24:59.338099218Z 	at java.net.http/jdk.internal.net.http.MultiExchange.lambda$responseAsyncImpl$7(MultiExchange.java:471)
api-gateway-1  | 2026-09-23T08:24:59.338102806Z 	at java.base/java.util.concurrent.CompletableFuture.uniHandle(CompletableFuture.java:934)
api-gateway-1  | 2026-09-23T08:24:59.338106503Z 	at java.base/java.util.concurrent.CompletableFuture.uniHandleStage(CompletableFuture.java:950)
api-gateway-1  | 2026-09-23T08:24:59.338110321Z 	at java.base/java.util.concurrent.CompletableFuture.handle(CompletableFuture.java:2340)
api-gateway-1  | 2026-09-23T08:24:59.338113978Z 	at java.net.http/jdk.internal.net.http.MultiExchange.responseAsyncImpl(MultiExchange.java:461)
api-gateway-1  | 2026-09-23T08:24:59.338117555Z 	at java.net.http/jdk.internal.net.http.MultiExchange.lambda$responseAsync0$2(MultiExchange.java:350)
api-gateway-1  | 2026-09-23T08:24:59.338121322Z 	at java.base/java.util.concurrent.CompletableFuture$UniCompose.tryFire(CompletableFuture.java:1150)
api-gateway-1  | 2026-09-23T08:24:59.338124990Z 	at java.base/java.util.concurrent.CompletableFuture.postComplete(CompletableFuture.java:510)
api-gateway-1  | 2026-09-23T08:24:59.338128537Z 	at java.base/java.util.concurrent.CompletableFuture$AsyncSupply.run(CompletableFuture.java:1773)
api-gateway-1  | 2026-09-23T08:24:59.338132024Z 	at java.net.http/jdk.internal.net.http.HttpClientImpl$DelegatingExecutor.execute(HttpClientImpl.java:174)
api-gateway-1  | 2026-09-23T08:24:59.338142755Z 	at java.base/java.util.concurrent.CompletableFuture.completeAsync(CompletableFuture.java:2673)
api-gateway-1  | 2026-09-23T08:24:59.338146513Z 	at java.net.http/jdk.internal.net.http.MultiExchange.responseAsync(MultiExchange.java:303)
api-gateway-1  | 2026-09-23T08:24:59.338149879Z 	at java.net.http/jdk.internal.net.http.HttpClientImpl.sendAsync(HttpClientImpl.java:991)
api-gateway-1  | 2026-09-23T08:24:59.338153386Z 	at java.net.http/jdk.internal.net.http.HttpClientImpl.send(HttpClientImpl.java:878)
api-gateway-1  | 2026-09-23T08:24:59.338156963Z 	... 8 common frames omitted
api-gateway-1  | 2026-09-23T08:24:59.338160571Z Caused by: java.nio.channels.UnresolvedAddressException
api-gateway-1  | 2026-09-23T08:24:59.338164108Z 	at java.base/sun.nio.ch.Net.checkAddress(Net.java:159)
api-gateway-1  | 2026-09-23T08:24:59.338167655Z 	at java.base/sun.nio.ch.Net.checkAddress(Net.java:167)
api-gateway-1  | 2026-09-23T08:24:59.338171282Z 	at java.base/sun.nio.ch.SocketChannelImpl.checkRemote(SocketChannelImpl.java:816)
api-gateway-1  | 2026-09-23T08:24:59.338175190Z 	at java.base/sun.nio.ch.SocketChannelImpl.connect(SocketChannelImpl.java:839)
api-gateway-1  | 2026-09-23T08:24:59.338178837Z 	at java.net.http/jdk.internal.net.http.PlainHttpConnection.lambda$connectAsync$0(PlainHttpConnection.java:187)
api-gateway-1  | 2026-09-23T08:24:59.338183025Z 	at java.base/java.security.AccessController.doPrivileged(AccessController.java:569)
api-gateway-1  | 2026-09-23T08:24:59.338186823Z 	at java.net.http/jdk.internal.net.http.PlainHttpConnection.connectAsync(PlainHttpConnection.java:189)
api-gateway-1  | 2026-09-23T08:24:59.338190811Z 	... 33 common frames omitted
api-gateway-1  | 2026-09-23T08:24:59.338194418Z 
api-gateway-1  | 2026-09-23T08:25:00.339503421Z 2026-09-23T08:25:00.339Z  WARN 1 --- [api-gateway] [or-http-epoll-4] [6ab38cdc815d81a3c05cee17e3b757b5-c05cee17e3b757b5] i.m.o.c.ObservationThreadLocalAccessor   : Observation <{name=http.server.requests(null), error=null, context=name='http.server.requests', contextualName='null', error='null', lowCardinalityKeyValues=[exception='none', method='GET', outcome='SUCCESS', status='200', uri='UNKNOWN'], highCardinalityKeyValues=[http.url='/api/gateway/owners/6'], map=[class io.micrometer.tracing.handler.TracingObservationHandler$TracingContext='TracingContext{span=6ab38cdc815d81a3c05cee17e3b757b5/c05cee17e3b757b5}', class io.micrometer.core.instrument.LongTaskTimer$Sample='SampleImpl{duration(seconds)=0.004379872, duration(nanos)=4379872.0, startTimeNanos=1379654754572}', class io.micrometer.core.instrument.Timer$Sample='io.micrometer.core.instrument.Timer$Sample@2eb416ab'], parentObservation=null}> to which we're restoring is not the same as the one set as this scope's parent observation <null>. Most likely a manually created Observation has a scope opened that was never closed. This may lead to thread polluting and memory leaks.
api-gateway-1  | 2026-09-23T08:25:00.341268727Z 2026-09-23T08:25:00.340Z  WARN 1 --- [api-gateway] [or-http-epoll-4] [                                                 ] o.s.c.l.core.RoundRobinLoadBalancer      : No servers available for service: customers-service
api-gateway-1  | 2026-09-23T08:25:00.341545697Z 2026-09-23T08:25:00.341Z  WARN 1 --- [api-gateway] [or-http-epoll-4] [                                                 ] eactorLoadBalancerExchangeFilterFunction : LoadBalancer does not contain an instance for the service customers-service
api-gateway-1  | 2026-09-23T08:25:00.350420448Z 2026-09-23T08:25:00.343Z ERROR 1 --- [api-gateway] [or-http-epoll-4] [6ab38cdc815d81a3c05cee17e3b757b5-c05cee17e3b757b5] b.w.a.e.AbstractErrorWebExceptionHandler : [9eb06d5a-3]  500 Server Error for HTTP GET "/api/gateway/owners/6"
api-gateway-1  | 2026-09-23T08:25:00.350459844Z 
api-gateway-1  | 2026-09-23T08:25:00.350465977Z org.springframework.web.reactive.function.client.WebClientResponseException$ServiceUnavailable: 503 Service Unavailable from UNKNOWN 
api-gateway-1  | 2026-09-23T08:25:00.350470367Z 	at org.springframework.web.reactive.function.client.WebClientResponseException.create(WebClientResponseException.java:322)
api-gateway-1  | 2026-09-23T08:25:00.350474847Z 	Suppressed: The stacktrace has been enhanced by Reactor, refer to additional information below: 
api-gateway-1  | 2026-09-23T08:25:00.350478765Z Error has been observed at the following site(s):
api-gateway-1  | 2026-09-23T08:25:00.350482423Z 	*__checkpoint ⇢ 503 SERVICE_UNAVAILABLE from GET http://customers-service/owners/6 [DefaultWebClient]
api-gateway-1  | 2026-09-23T08:25:00.350487585Z 	*__checkpoint ⇢ Handler org.springframework.samples.petclinic.api.boundary.web.ApiGatewayController#getOwnerDetails(int) [DispatcherHandler]
api-gateway-1  | 2026-09-23T08:25:00.350491584Z 	*__checkpoint ⇢ org.springframework.cloud.gateway.filter.WeightCalculatorWebFilter@5d94ac8a
api-gateway-1  | 2026-09-23T08:25:00.350495171Z 	*__checkpoint ⇢ HTTP GET "/api/gateway/owners/6" [ExceptionHandlingWebHandler]
api-gateway-1  | 2026-09-23T08:25:00.350498669Z Original Stack Trace:
api-gateway-1  | 2026-09-23T08:25:00.350502237Z 		at org.springframework.web.reactive.function.client.WebClientResponseException.create(WebClientResponseException.java:322)
api-gateway-1  | 2026-09-23T08:25:00.350506296Z 		at org.springframework.web.reactive.function.client.DefaultClientResponse.lambda$createException$1(DefaultClientResponse.java:214)
api-gateway-1  | 2026-09-23T08:25:00.350510365Z 		at reactor.core.publisher.FluxMap$MapSubscriber.onNext(FluxMap.java:106)
api-gateway-1  | 2026-09-23T08:25:00.350514203Z 		at reactor.core.publisher.FluxOnErrorReturn$ReturnSubscriber.onNext(FluxOnErrorReturn.java:159)
api-gateway-1  | 2026-09-23T08:25:00.350518913Z 		at reactor.core.publisher.FluxDefaultIfEmpty$DefaultIfEmptySubscriber.onNext(FluxDefaultIfEmpty.java:123)
api-gateway-1  | 2026-09-23T08:25:00.350523684Z 		at reactor.core.publisher.FluxMapFuseable$MapFuseableSubscriber.onNext(FluxMapFuseable.java:130)
api-gateway-1  | 2026-09-23T08:25:00.350527633Z 		at reactor.core.publisher.FluxContextWrite$ContextWriteSubscriber.onNext(FluxContextWrite.java:109)
api-gateway-1  | 2026-09-23T08:25:00.350531882Z 		at reactor.core.publisher.FluxMapFuseable$MapFuseableConditionalSubscriber.onNext(FluxMapFuseable.java:300)
api-gateway-1  | 2026-09-23T08:25:00.350537204Z 		at reactor.core.publisher.FluxFilterFuseable$FilterFuseableConditionalSubscriber.onNext(FluxFilterFuseable.java:338)
api-gateway-1  | 2026-09-23T08:25:00.350541563Z 		at reactor.core.publisher.Operators$BaseFluxToMonoOperator.completePossiblyEmpty(Operators.java:2093)
api-gateway-1  | 2026-09-23T08:25:00.350546334Z 		at reactor.core.publisher.MonoCollect$CollectSubscriber.onComplete(MonoCollect.java:144)
api-gateway-1  | 2026-09-23T08:25:00.350550473Z 		at reactor.core.publisher.FluxMapFuseable$MapFuseableSubscriber.onComplete(FluxMapFuseable.java:153)
api-gateway-1  | 2026-09-23T08:25:00.350569995Z 		at reactor.core.publisher.Operators$ScalarSubscription.request(Operators.java:2567)
api-gateway-1  | 2026-09-23T08:25:00.350573744Z 		at reactor.core.publisher.FluxMapFuseable$MapFuseableSubscriber.request(FluxMapFuseable.java:172)
api-gateway-1  | 2026-09-23T08:25:00.350577522Z 		at reactor.core.publisher.Operators$BaseFluxToMonoOperator.request(Operators.java:2063)
api-gateway-1  | 2026-09-23T08:25:00.350580889Z 		at reactor.core.publisher.FluxFilterFuseable$FilterFuseableConditionalSubscriber.request(FluxFilterFuseable.java:411)
api-gateway-1  | 2026-09-23T08:25:00.350584297Z 		at reactor.core.publisher.FluxMapFuseable$MapFuseableConditionalSubscriber.request(FluxMapFuseable.java:361)
api-gateway-1  | 2026-09-23T08:25:00.350588115Z 		at reactor.core.publisher.FluxContextWrite$ContextWriteSubscriber.request(FluxContextWrite.java:138)
api-gateway-1  | 2026-09-23T08:25:00.350592034Z 		at reactor.core.publisher.FluxMapFuseable$MapFuseableSubscriber.request(FluxMapFuseable.java:172)
api-gateway-1  | 2026-09-23T08:25:00.350595712Z 		at reactor.core.publisher.FluxDefaultIfEmpty$DefaultIfEmptySubscriber.request(FluxDefaultIfEmpty.java:99)
api-gateway-1  | 2026-09-23T08:25:00.350599771Z 		at reactor.core.publisher.FluxOnErrorReturn$ReturnSubscriber.request(FluxOnErrorReturn.java:150)
api-gateway-1  | 2026-09-23T08:25:00.350603068Z 		at reactor.core.publisher.FluxMap$MapSubscriber.request(FluxMap.java:163)
api-gateway-1  | 2026-09-23T08:25:00.350606566Z 		at reactor.core.publisher.MonoFlatMap$FlatMapMain.request(MonoFlatMap.java:195)
api-gateway-1  | 2026-09-23T08:25:00.350610835Z 		at reactor.core.publisher.Operators$MultiSubscriptionSubscriber.set(Operators.java:2361)
api-gateway-1  | 2026-09-23T08:25:00.350615215Z 		at reactor.core.publisher.FluxOnErrorResume$ResumeSubscriber.onSubscribe(FluxOnErrorResume.java:75)
api-gateway-1  | 2026-09-23T08:25:00.350619524Z 		at reactor.core.publisher.MonoFlatMap$FlatMapMain.onSubscribe(MonoFlatMap.java:118)
api-gateway-1  | 2026-09-23T08:25:00.350623012Z 		at reactor.core.publisher.FluxMap$MapSubscriber.onSubscribe(FluxMap.java:92)
api-gateway-1  | 2026-09-23T08:25:00.350626650Z 		at reactor.core.publisher.FluxOnErrorReturn$ReturnSubscriber.onSubscribe(FluxOnErrorReturn.java:92)
api-gateway-1  | 2026-09-23T08:25:00.350630057Z 		at reactor.core.publisher.Operators$BaseFluxToMonoOperator.onSubscribe(Operators.java:2047)
api-gateway-1  | 2026-09-23T08:25:00.350633545Z 		at reactor.core.publisher.FluxMapFuseable$MapFuseableSubscriber.onSubscribe(FluxMapFuseable.java:96)
api-gateway-1  | 2026-09-23T08:25:00.350637514Z 		at reactor.core.publisher.FluxContextWrite$ContextWriteSubscriber.onSubscribe(FluxContextWrite.java:103)
api-gateway-1  | 2026-09-23T08:25:00.350640921Z 		at reactor.core.publisher.FluxMapFuseable$MapFuseableConditionalSubscriber.onSubscribe(FluxMapFuseable.java:265)
api-gateway-1  | 2026-09-23T08:25:00.350645120Z 		at reactor.core.publisher.FluxFilterFuseable$FilterFuseableConditionalSubscriber.onSubscribe(FluxFilterFuseable.java:305)
api-gateway-1  | 2026-09-23T08:25:00.350648578Z 		at reactor.core.publisher.Operators$BaseFluxToMonoOperator.onSubscribe(Operators.java:2047)
api-gateway-1  | 2026-09-23T08:25:00.350652146Z 		at reactor.core.publisher.FluxMapFuseable$MapFuseableSubscriber.onSubscribe(FluxMapFuseable.java:96)
api-gateway-1  | 2026-09-23T08:25:00.350663200Z 		at reactor.core.publisher.FluxJust.subscribe(FluxJust.java:69)
api-gateway-1  | 2026-09-23T08:25:00.350667118Z 		at reactor.core.publisher.InternalMonoOperator.subscribe(InternalMonoOperator.java:75)
api-gateway-1  | 2026-09-23T08:25:00.350670716Z 		at reactor.core.publisher.MonoFlatMap$FlatMapMain.onNext(MonoFlatMap.java:166)
api-gateway-1  | 2026-09-23T08:25:00.350674024Z 		at reactor.core.publisher.MonoContextWriteRestoringThreadLocals$ContextWriteRestoringThreadLocalsSubscriber.onNext(MonoContextWriteRestoringThreadLocals.java:111)
api-gateway-1  | 2026-09-23T08:25:00.350678002Z 		at reactor.core.publisher.FluxDoFinally$DoFinallySubscriber.onNext(FluxDoFinally.java:113)
api-gateway-1  | 2026-09-23T08:25:00.350681550Z 		at reactor.core.publisher.MonoPeekTerminal$MonoTerminalPeekSubscriber.onNext(MonoPeekTerminal.java:184)
api-gateway-1  | 2026-09-23T08:25:00.350685549Z 		at reactor.core.publisher.FluxPeekFuseable$PeekConditionalSubscriber.onNext(FluxPeekFuseable.java:850)
api-gateway-1  | 2026-09-23T08:25:00.350689538Z 		at reactor.core.publisher.FluxSwitchIfEmpty$SwitchIfEmptySubscriber.onNext(FluxSwitchIfEmpty.java:75)
api-gateway-1  | 2026-09-23T08:25:00.350693496Z 		at reactor.core.publisher.MonoFlatMap$FlatMapMain.onNext(MonoFlatMap.java:159)
api-gateway-1  | 2026-09-23T08:25:00.350697816Z 		at reactor.core.publisher.FluxMap$MapSubscriber.onNext(FluxMap.java:122)
api-gateway-1  | 2026-09-23T08:25:00.350701454Z 		at reactor.core.publisher.MonoNext$NextSubscriber.onNext(MonoNext.java:83)
api-gateway-1  | 2026-09-23T08:25:00.350704871Z 		at reactor.core.publisher.FluxDematerialize$DematerializeSubscriber.onNext(FluxDematerialize.java:102)
api-gateway-1  | 2026-09-23T08:25:00.350708289Z 		at reactor.core.publisher.FluxDematerialize$DematerializeSubscriber.onNext(FluxDematerialize.java:44)
api-gateway-1  | 2026-09-23T08:25:00.350716076Z 		at reactor.core.publisher.FluxFlattenIterable$FlattenIterableSubscriber.drainAsync(FluxFlattenIterable.java:455)
api-gateway-1  | 2026-09-23T08:25:00.350720425Z 		at reactor.core.publisher.FluxFlattenIterable$FlattenIterableSubscriber.drain(FluxFlattenIterable.java:726)
api-gateway-1  | 2026-09-23T08:25:00.350726328Z 		at reactor.core.publisher.FluxFlattenIterable$FlattenIterableSubscriber.onNext(FluxFlattenIterable.java:258)
api-gateway-1  | 2026-09-23T08:25:00.350730046Z 		at reactor.core.publisher.FluxSwitchIfEmpty$SwitchIfEmptySubscriber.onNext(FluxSwitchIfEmpty.java:75)
api-gateway-1  | 2026-09-23T08:25:00.350733474Z 		at reactor.core.publisher.MonoFlatMap$FlatMapMain.secondComplete(MonoFlatMap.java:246)
api-gateway-1  | 2026-09-23T08:25:00.350736851Z 		at reactor.core.publisher.MonoFlatMap$FlatMapInner.onNext(MonoFlatMap.java:307)
api-gateway-1  | 2026-09-23T08:25:00.350740169Z 		at reactor.core.publisher.MonoIgnoreThen$ThenIgnoreMain.complete(MonoIgnoreThen.java:297)
api-gateway-1  | 2026-09-23T08:25:00.350744468Z 		at reactor.core.publisher.MonoIgnoreThen$ThenIgnoreMain.onNext(MonoIgnoreThen.java:191)
api-gateway-1  | 2026-09-23T08:25:00.350748306Z 		at reactor.core.publisher.MonoIgnoreThen$ThenIgnoreMain.subscribeNext(MonoIgnoreThen.java:240)
api-gateway-1  | 2026-09-23T08:25:00.350752476Z 		at reactor.core.publisher.MonoIgnoreThen$ThenIgnoreMain.onComplete(MonoIgnoreThen.java:207)
api-gateway-1  | 2026-09-23T08:25:00.350763820Z 		at reactor.core.publisher.MonoIgnoreElements$IgnoreElementsSubscriber.onComplete(MonoIgnoreElements.java:89)
api-gateway-1  | 2026-09-23T08:25:00.350767709Z 		at reactor.core.publisher.FluxPeek$PeekSubscriber.onComplete(FluxPeek.java:263)
api-gateway-1  | 2026-09-23T08:25:00.350771638Z 		at reactor.core.publisher.FluxDematerialize$DematerializeSubscriber.onComplete(FluxDematerialize.java:125)
api-gateway-1  | 2026-09-23T08:25:00.350775556Z 		at reactor.core.publisher.FluxDematerialize$DematerializeSubscriber.onNext(FluxDematerialize.java:91)
api-gateway-1  | 2026-09-23T08:25:00.350779926Z 		at reactor.core.publisher.FluxDematerialize$DematerializeSubscriber.onNext(FluxDematerialize.java:44)
api-gateway-1  | 2026-09-23T08:25:00.350783824Z 		at reactor.core.publisher.FluxIterable$IterableSubscription.fastPath(FluxIterable.java:402)
api-gateway-1  | 2026-09-23T08:25:00.350800130Z 		at reactor.core.publisher.FluxIterable$IterableSubscription.request(FluxIterable.java:291)
api-gateway-1  | 2026-09-23T08:25:00.350804119Z 		at reactor.core.publisher.FluxDematerialize$DematerializeSubscriber.request(FluxDematerialize.java:131)
api-gateway-1  | 2026-09-23T08:25:00.350807466Z 		at reactor.core.publisher.FluxPeek$PeekSubscriber.request(FluxPeek.java:141)
api-gateway-1  | 2026-09-23T08:25:00.350810753Z 		at reactor.core.publisher.MonoIgnoreElements$IgnoreElementsSubscriber.onSubscribe(MonoIgnoreElements.java:72)
api-gateway-1  | 2026-09-23T08:25:00.350814131Z 		at reactor.core.publisher.FluxPeek$PeekSubscriber.onSubscribe(FluxPeek.java:174)
api-gateway-1  | 2026-09-23T08:25:00.350817438Z 		at reactor.core.publisher.FluxDematerialize$DematerializeSubscriber.onSubscribe(FluxDematerialize.java:77)
api-gateway-1  | 2026-09-23T08:25:00.350820906Z 		at reactor.core.publisher.FluxIterable.subscribe(FluxIterable.java:200)
api-gateway-1  | 2026-09-23T08:25:00.350824945Z 		at reactor.core.publisher.FluxIterable.subscribe(FluxIterable.java:82)
api-gateway-1  | 2026-09-23T08:25:00.350828312Z 		at reactor.core.publisher.Mono.subscribe(Mono.java:4569)
api-gateway-1  | 2026-09-23T08:25:00.350831609Z 		at reactor.core.publisher.MonoIgnoreThen$ThenIgnoreMain.subscribeNext(MonoIgnoreThen.java:268)
api-gateway-1  | 2026-09-23T08:25:00.350835077Z 		at reactor.core.publisher.MonoIgnoreThen.subscribe(MonoIgnoreThen.java:51)
api-gateway-1  | 2026-09-23T08:25:00.350838544Z 		at reactor.core.publisher.MonoFlatMap$FlatMapMain.onNext(MonoFlatMap.java:166)
api-gateway-1  | 2026-09-23T08:25:00.350841902Z 		at reactor.core.publisher.Operators$BaseFluxToMonoOperator.completePossiblyEmpty(Operators.java:2093)
api-gateway-1  | 2026-09-23T08:25:00.350845309Z 		at reactor.core.publisher.MonoCollectList$MonoCollectListSubscriber.onComplete(MonoCollectList.java:117)
api-gateway-1  | 2026-09-23T08:25:00.350848687Z 		at reactor.core.publisher.DrainUtils.postCompleteDrain(DrainUtils.java:132)
api-gateway-1  | 2026-09-23T08:25:00.350852104Z 		at reactor.core.publisher.DrainUtils.postComplete(DrainUtils.java:187)
api-gateway-1  | 2026-09-23T08:25:00.350855512Z 		at reactor.core.publisher.FluxMaterialize$MaterializeSubscriber.onComplete(FluxMaterialize.java:141)
api-gateway-1  | 2026-09-23T08:25:00.350859150Z 		at reactor.core.publisher.FluxLimitRequest$FluxLimitRequestSubscriber.onNext(FluxLimitRequest.java:104)
api-gateway-1  | 2026-09-23T08:25:00.350870043Z 		at reactor.core.publisher.FluxOnErrorResume$ResumeSubscriber.onNext(FluxOnErrorResume.java:80)
api-gateway-1  | 2026-09-23T08:25:00.350873852Z 		at reactor.core.publisher.SerializedSubscriber.onNext(SerializedSubscriber.java:100)
api-gateway-1  | 2026-09-23T08:25:00.350877951Z 		at reactor.core.publisher.FluxTimeout$TimeoutMainSubscriber.onNext(FluxTimeout.java:182)
api-gateway-1  | 2026-09-23T08:25:00.350881609Z 		at reactor.core.publisher.Operators$BaseFluxToMonoOperator.completePossiblyEmpty(Operators.java:2093)
api-gateway-1  | 2026-09-23T08:25:00.350885327Z 		at reactor.core.publisher.MonoCollectList$MonoCollectListSubscriber.onComplete(MonoCollectList.java:117)
api-gateway-1  | 2026-09-23T08:25:00.350888915Z 		at reactor.core.publisher.FluxContextWriteRestoringThreadLocals$ContextWriteRestoringThreadLocalsSubscriber.onComplete(FluxContextWriteRestoringThreadLocals.java:150)
api-gateway-1  | 2026-09-23T08:25:00.350893365Z 		at org.springframework.cloud.commons.publisher.FluxFirstNonEmptyEmitting$FirstNonEmptyEmittingSubscriber.onComplete(FluxFirstNonEmptyEmitting.java:325)
api-gateway-1  | 2026-09-23T08:25:00.350896992Z 		at reactor.core.publisher.Operators.complete(Operators.java:137)
api-gateway-1  | 2026-09-23T08:25:00.350917778Z 		at reactor.core.publisher.FluxIterable.subscribe(FluxIterable.java:143)
api-gateway-1  | 2026-09-23T08:25:00.350921907Z 		at reactor.core.publisher.FluxIterable.subscribe(FluxIterable.java:82)
api-gateway-1  | 2026-09-23T08:25:00.350925325Z 		at reactor.core.publisher.Flux.subscribe(Flux.java:8888)
api-gateway-1  | 2026-09-23T08:25:00.350929223Z 		at org.springframework.cloud.commons.publisher.FluxFirstNonEmptyEmitting$RaceCoordinator.subscribe(FluxFirstNonEmptyEmitting.java:203)
api-gateway-1  | 2026-09-23T08:25:00.350932721Z 		at org.springframework.cloud.commons.publisher.FluxFirstNonEmptyEmitting.subscribe(FluxFirstNonEmptyEmitting.java:128)
api-gateway-1  | 2026-09-23T08:25:00.350936108Z 		at reactor.core.publisher.InternalFluxOperator.subscribe(InternalFluxOperator.java:67)
api-gateway-1  | 2026-09-23T08:25:00.350939385Z 		at reactor.core.publisher.FluxDefer.subscribe(FluxDefer.java:55)
api-gateway-1  | 2026-09-23T08:25:00.350942783Z 		at reactor.core.publisher.InternalFluxOperator.subscribe(InternalFluxOperator.java:67)
api-gateway-1  | 2026-09-23T08:25:00.350946351Z 		at reactor.core.publisher.FluxDefer.subscribe(FluxDefer.java:55)
api-gateway-1  | 2026-09-23T08:25:00.350949959Z 		at reactor.core.publisher.Mono.subscribe(Mono.java:4569)
api-gateway-1  | 2026-09-23T08:25:00.350953466Z 		at reactor.core.publisher.FluxSwitchIfEmpty$SwitchIfEmptySubscriber.onComplete(FluxSwitchIfEmpty.java:83)
api-gateway-1  | 2026-09-23T08:25:00.350956894Z 		at reactor.core.publisher.Operators.complete(Operators.java:137)
api-gateway-1  | 2026-09-23T08:25:00.350960381Z 		at reactor.core.publisher.MonoEmpty.subscribe(MonoEmpty.java:46)
api-gateway-1  | 2026-09-23T08:25:00.350963719Z 		at reactor.core.publisher.InternalFluxOperator.subscribe(InternalFluxOperator.java:67)
api-gateway-1  | 2026-09-23T08:25:00.350967166Z 		at reactor.core.publisher.FluxDefer.subscribe(FluxDefer.java:55)
api-gateway-1  | 2026-09-23T08:25:00.350970764Z 		at reactor.core.publisher.InternalMonoOperator.subscribe(InternalMonoOperator.java:75)
api-gateway-1  | 2026-09-23T08:25:00.350981598Z 		at reactor.core.publisher.MonoDefer.subscribe(MonoDefer.java:54)
api-gateway-1  | 2026-09-23T08:25:00.350985256Z 		at reactor.core.publisher.InternalMonoOperator.subscribe(InternalMonoOperator.java:75)
api-gateway-1  | 2026-09-23T08:25:00.350989165Z 		at reactor.core.publisher.MonoContextWriteRestoringThreadLocals.subscribe(MonoContextWriteRestoringThreadLocals.java:44)
api-gateway-1  | 2026-09-23T08:25:00.350992853Z 		at reactor.core.publisher.MonoDeferContextual.subscribe(MonoDeferContextual.java:56)
api-gateway-1  | 2026-09-23T08:25:00.350996621Z 		at reactor.core.publisher.FluxFromMonoOperator.subscribe(FluxFromMonoOperator.java:83)
api-gateway-1  | 2026-09-23T08:25:00.351000389Z 		at reactor.core.publisher.FluxDeferContextual.subscribe(FluxDeferContextual.java:58)
api-gateway-1  | 2026-09-23T08:25:00.351004147Z 		at reactor.core.publisher.InternalMonoOperator.subscribe(InternalMonoOperator.java:75)
api-gateway-1  | 2026-09-23T08:25:00.351008637Z 		at reactor.core.publisher.MonoFlatMap$FlatMapMain.onNext(MonoFlatMap.java:166)
api-gateway-1  | 2026-09-23T08:25:00.351012907Z 		at reactor.core.publisher.FluxOnErrorResume$ResumeSubscriber.onNext(FluxOnErrorResume.java:80)
api-gateway-1  | 2026-09-23T08:25:00.351017096Z 		at reactor.core.publisher.FluxOnErrorResume$ResumeSubscriber.onNext(FluxOnErrorResume.java:80)
api-gateway-1  | 2026-09-23T08:25:00.351020764Z 		at reactor.core.publisher.FluxPeek$PeekSubscriber.onNext(FluxPeek.java:203)
api-gateway-1  | 2026-09-23T08:25:00.351024863Z 		at reactor.core.publisher.MonoIgnoreThen$ThenIgnoreMain.complete(MonoIgnoreThen.java:297)
api-gateway-1  | 2026-09-23T08:25:00.351028581Z 		at reactor.core.publisher.MonoIgnoreThen$ThenIgnoreMain.onNext(MonoIgnoreThen.java:191)
api-gateway-1  | 2026-09-23T08:25:00.351032129Z 		at reactor.core.publisher.MonoFlatMap$FlatMapMain.onNext(MonoFlatMap.java:159)
api-gateway-1  | 2026-09-23T08:25:00.351035877Z 		at reactor.core.publisher.MonoZip$ZipCoordinator.signal(MonoZip.java:296)
api-gateway-1  | 2026-09-23T08:25:00.351039655Z 		at reactor.core.publisher.MonoZip$ZipInner.onNext(MonoZip.java:480)
api-gateway-1  | 2026-09-23T08:25:00.351043213Z 		at reactor.core.publisher.MonoPeekTerminal$MonoTerminalPeekSubscriber.onNext(MonoPeekTerminal.java:184)
api-gateway-1  | 2026-09-23T08:25:00.351046641Z 		at reactor.core.publisher.FluxDefaultIfEmpty$DefaultIfEmptySubscriber.onNext(FluxDefaultIfEmpty.java:123)
api-gateway-1  | 2026-09-23T08:25:00.351050259Z 		at reactor.core.publisher.FluxSwitchIfEmpty$SwitchIfEmptySubscriber.onNext(FluxSwitchIfEmpty.java:75)
api-gateway-1  | 2026-09-23T08:25:00.351053736Z 		at reactor.core.publisher.Operators$ScalarSubscription.request(Operators.java:2565)
api-gateway-1  | 2026-09-23T08:25:00.351057194Z 		at reactor.core.publisher.Operators$MultiSubscriptionSubscriber.set(Operators.java:2361)
api-gateway-1  | 2026-09-23T08:25:00.351060671Z 		at reactor.core.publisher.Operators$MultiSubscriptionSubscriber.onSubscribe(Operators.java:2235)
api-gateway-1  | 2026-09-23T08:25:00.351063989Z 		at reactor.core.publisher.FluxFlatMap.trySubscribeScalarMap(FluxFlatMap.java:193)
api-gateway-1  | 2026-09-23T08:25:00.351067236Z 		at reactor.core.publisher.MonoFlatMap.subscribeOrReturn(MonoFlatMap.java:53)
api-gateway-1  | 2026-09-23T08:25:00.351079743Z 		at reactor.core.publisher.InternalMonoOperator.subscribe(InternalMonoOperator.java:62)
api-gateway-1  | 2026-09-23T08:25:00.351083291Z 		at reactor.core.publisher.MonoZip$ZipCoordinator.request(MonoZip.java:219)
api-gateway-1  | 2026-09-23T08:25:00.351086508Z 		at reactor.core.publisher.MonoFlatMap$FlatMapMain.request(MonoFlatMap.java:195)
api-gateway-1  | 2026-09-23T08:25:00.351089715Z 		at reactor.core.publisher.MonoIgnoreThen$ThenIgnoreMain.onSubscribe(MonoIgnoreThen.java:135)
api-gateway-1  | 2026-09-23T08:25:00.351093223Z 		at reactor.core.publisher.MonoFlatMap$FlatMapMain.onSubscribe(MonoFlatMap.java:118)
api-gateway-1  | 2026-09-23T08:25:00.351096490Z 		at reactor.core.publisher.MonoZip.subscribe(MonoZip.java:129)
api-gateway-1  | 2026-09-23T08:25:00.351099857Z 		at reactor.core.publisher.InternalMonoOperator.subscribe(InternalMonoOperator.java:75)
api-gateway-1  | 2026-09-23T08:25:00.351103114Z 		at reactor.core.publisher.MonoDefer.subscribe(MonoDefer.java:54)
api-gateway-1  | 2026-09-23T08:25:00.351106271Z 		at reactor.core.publisher.MonoIgnoreThen$ThenIgnoreMain.subscribeNext(MonoIgnoreThen.java:244)
api-gateway-1  | 2026-09-23T08:25:00.351109559Z 		at reactor.core.publisher.MonoIgnoreThen$ThenIgnoreMain.onComplete(MonoIgnoreThen.java:207)
api-gateway-1  | 2026-09-23T08:25:00.351114279Z 		at reactor.core.publisher.MonoFlatMap$FlatMapMain.onComplete(MonoFlatMap.java:190)
api-gateway-1  | 2026-09-23T08:25:00.351117536Z 		at reactor.core.publisher.Operators.complete(Operators.java:137)
api-gateway-1  | 2026-09-23T08:25:00.351120733Z 		at reactor.core.publisher.MonoZip.subscribe(MonoZip.java:121)
api-gateway-1  | 2026-09-23T08:25:00.351123870Z 		at reactor.core.publisher.Mono.subscribe(Mono.java:4569)
api-gateway-1  | 2026-09-23T08:25:00.351126997Z 		at reactor.core.publisher.MonoIgnoreThen$ThenIgnoreMain.subscribeNext(MonoIgnoreThen.java:268)
api-gateway-1  | 2026-09-23T08:25:00.351130374Z 		at reactor.core.publisher.MonoIgnoreThen.subscribe(MonoIgnoreThen.java:51)
api-gateway-1  | 2026-09-23T08:25:00.351133531Z 		at reactor.core.publisher.InternalMonoOperator.subscribe(InternalMonoOperator.java:75)
api-gateway-1  | 2026-09-23T08:25:00.351136688Z 		at reactor.core.publisher.MonoFlatMap$FlatMapMain.onNext(MonoFlatMap.java:166)
api-gateway-1  | 2026-09-23T08:25:00.351139875Z 		at reactor.core.publisher.FluxOnErrorResume$ResumeSubscriber.onNext(FluxOnErrorResume.java:80)
api-gateway-1  | 2026-09-23T08:25:00.351143202Z 		at reactor.core.publisher.FluxSwitchIfEmpty$SwitchIfEmptySubscriber.onNext(FluxSwitchIfEmpty.java:75)
api-gateway-1  | 2026-09-23T08:25:00.351146439Z 		at reactor.core.publisher.MonoNext$NextSubscriber.onNext(MonoNext.java:83)
api-gateway-1  | 2026-09-23T08:25:00.351149637Z 		at reactor.core.publisher.FluxConcatMapNoPrefetch$FluxConcatMapNoPrefetchSubscriber.innerNext(FluxConcatMapNoPrefetch.java:259)
api-gateway-1  | 2026-09-23T08:25:00.351152944Z 		at reactor.core.publisher.FluxConcatMap$ConcatMapInner.onNext(FluxConcatMap.java:870)
api-gateway-1  | 2026-09-23T08:25:00.351156121Z 		at reactor.core.publisher.FluxMapFuseable$MapFuseableSubscriber.onNext(FluxMapFuseable.java:130)
api-gateway-1  | 2026-09-23T08:25:00.351159348Z 		at reactor.core.publisher.MonoPeekTerminal$MonoTerminalPeekSubscriber.onNext(MonoPeekTerminal.java:184)
api-gateway-1  | 2026-09-23T08:25:00.351168408Z 		at reactor.core.publisher.Operators$ScalarSubscription.request(Operators.java:2565)
api-gateway-1  | 2026-09-23T08:25:00.351171905Z 		at reactor.core.publisher.MonoPeekTerminal$MonoTerminalPeekSubscriber.request(MonoPeekTerminal.java:142)
api-gateway-1  | 2026-09-23T08:25:00.351175634Z 		at reactor.core.publisher.FluxMapFuseable$MapFuseableSubscriber.request(FluxMapFuseable.java:172)
api-gateway-1  | 2026-09-23T08:25:00.351179151Z 		at reactor.core.publisher.Operators$MultiSubscriptionSubscriber.request(Operators.java:2325)
api-gateway-1  | 2026-09-23T08:25:00.351182579Z 		at reactor.core.publisher.FluxConcatMapNoPrefetch$FluxConcatMapNoPrefetchSubscriber.request(FluxConcatMapNoPrefetch.java:339)
api-gateway-1  | 2026-09-23T08:25:00.351185966Z 		at reactor.core.publisher.MonoNext$NextSubscriber.request(MonoNext.java:109)
api-gateway-1  | 2026-09-23T08:25:00.351189153Z 		at reactor.core.publisher.Operators$MultiSubscriptionSubscriber.set(Operators.java:2361)
api-gateway-1  | 2026-09-23T08:25:00.351192480Z 		at reactor.core.publisher.Operators$MultiSubscriptionSubscriber.onSubscribe(Operators.java:2235)
api-gateway-1  | 2026-09-23T08:25:00.351196399Z 		at reactor.core.publisher.MonoNext$NextSubscriber.onSubscribe(MonoNext.java:71)
api-gateway-1  | 2026-09-23T08:25:00.351199957Z 		at reactor.core.publisher.FluxConcatMapNoPrefetch$FluxConcatMapNoPrefetchSubscriber.onSubscribe(FluxConcatMapNoPrefetch.java:164)
api-gateway-1  | 2026-09-23T08:25:00.351203515Z 		at reactor.core.publisher.FluxIterable.subscribe(FluxIterable.java:200)
api-gateway-1  | 2026-09-23T08:25:00.351207383Z 		at reactor.core.publisher.FluxIterable.subscribe(FluxIterable.java:82)
api-gateway-1  | 2026-09-23T08:25:00.351211252Z 		at reactor.core.publisher.InternalMonoOperator.subscribe(InternalMonoOperator.java:75)
api-gateway-1  | 2026-09-23T08:25:00.351214860Z 		at reactor.core.publisher.MonoDefer.subscribe(MonoDefer.java:54)
api-gateway-1  | 2026-09-23T08:25:00.351218538Z 		at reactor.core.publisher.InternalMonoOperator.subscribe(InternalMonoOperator.java:75)
api-gateway-1  | 2026-09-23T08:25:00.351222767Z 		at reactor.core.publisher.MonoDefer.subscribe(MonoDefer.java:54)
api-gateway-1  | 2026-09-23T08:25:00.351227006Z 		at reactor.core.publisher.InternalMonoOperator.subscribe(InternalMonoOperator.java:75)
api-gateway-1  | 2026-09-23T08:25:00.351231396Z 		at reactor.core.publisher.MonoTapRestoringThreadLocals.subscribe(MonoTapRestoringThreadLocals.java:78)
api-gateway-1  | 2026-09-23T08:25:00.351235274Z 		at reactor.core.publisher.Mono.subscribe(Mono.java:4569)
api-gateway-1  | 2026-09-23T08:25:00.351238922Z 		at reactor.core.publisher.MonoIgnoreThen$ThenIgnoreMain.subscribeNext(MonoIgnoreThen.java:268)
api-gateway-1  | 2026-09-23T08:25:00.351242560Z 		at reactor.core.publisher.MonoIgnoreThen.subscribe(MonoIgnoreThen.java:51)
api-gateway-1  | 2026-09-23T08:25:00.351246028Z 		at reactor.core.publisher.InternalMonoOperator.subscribe(InternalMonoOperator.java:75)
api-gateway-1  | 2026-09-23T08:25:00.351249606Z 		at reactor.core.publisher.MonoDeferContextual.subscribe(MonoDeferContextual.java:56)
api-gateway-1  | 2026-09-23T08:25:00.351253745Z 		at reactor.netty.http.server.HttpServer$HttpServerHandle.onStateChange(HttpServer.java:1344)
api-gateway-1  | 2026-09-23T08:25:00.351265731Z 		at reactor.netty.ReactorNetty$CompositeConnectionObserver.onStateChange(ReactorNetty.java:730)
api-gateway-1  | 2026-09-23T08:25:00.351270341Z 		at reactor.netty.transport.ServerTransport$ChildObserver.onStateChange(ServerTransport.java:489)
api-gateway-1  | 2026-09-23T08:25:00.351274069Z 		at reactor.netty.http.server.HttpServerOperations.handleDefaultHttpRequest(HttpServerOperations.java:863)
api-gateway-1  | 2026-09-23T08:25:00.351277647Z 		at reactor.netty.http.server.HttpServerOperations.onInboundNext(HttpServerOperations.java:789)
api-gateway-1  | 2026-09-23T08:25:00.351281345Z 		at reactor.netty.channel.ChannelOperationsHandler.channelRead(ChannelOperationsHandler.java:115)
api-gateway-1  | 2026-09-23T08:25:00.351286737Z 		at io.netty.channel.AbstractChannelHandlerContext.fireChannelRead(AbstractChannelHandlerContext.java:356)
api-gateway-1  | 2026-09-23T08:25:00.351291548Z 		at reactor.netty.http.server.HttpTrafficHandler.channelRead(HttpTrafficHandler.java:283)
api-gateway-1  | 2026-09-23T08:25:00.351295376Z 		at io.netty.channel.AbstractChannelHandlerContext.fireChannelRead(AbstractChannelHandlerContext.java:354)
api-gateway-1  | 2026-09-23T08:25:00.351298974Z 		at io.netty.channel.CombinedChannelDuplexHandler$DelegatingChannelHandlerContext.fireChannelRead(CombinedChannelDuplexHandler.java:434)
api-gateway-1  | 2026-09-23T08:25:00.351302652Z 		at io.netty.handler.codec.ByteToMessageDecoder.fireChannelRead(ByteToMessageDecoder.java:361)
api-gateway-1  | 2026-09-23T08:25:00.351306280Z 		at io.netty.handler.codec.ByteToMessageDecoder.channelRead(ByteToMessageDecoder.java:325)
api-gateway-1  | 2026-09-23T08:25:00.351309718Z 		at io.netty.channel.CombinedChannelDuplexHandler.channelRead(CombinedChannelDuplexHandler.java:249)
api-gateway-1  | 2026-09-23T08:25:00.351313466Z 		at io.netty.channel.AbstractChannelHandlerContext.fireChannelRead(AbstractChannelHandlerContext.java:354)
api-gateway-1  | 2026-09-23T08:25:00.351317214Z 		at io.netty.channel.DefaultChannelPipeline$HeadContext.channelRead(DefaultChannelPipeline.java:1429)
api-gateway-1  | 2026-09-23T08:25:00.351320952Z 		at io.netty.channel.DefaultChannelPipeline.fireChannelRead(DefaultChannelPipeline.java:918)
api-gateway-1  | 2026-09-23T08:25:00.351324420Z 		at io.netty.channel.epoll.AbstractEpollStreamChannel$EpollStreamUnsafe.epollInReady(AbstractEpollStreamChannel.java:804)
api-gateway-1  | 2026-09-23T08:25:00.351328018Z 		at io.netty.channel.epoll.AbstractEpollChannel$AbstractEpollUnsafe.handle(AbstractEpollChannel.java:482)
api-gateway-1  | 2026-09-23T08:25:00.351331706Z 		at io.netty.channel.epoll.EpollIoHandler$DefaultEpollIoRegistration.handle(EpollIoHandler.java:317)
api-gateway-1  | 2026-09-23T08:25:00.351335384Z 		at io.netty.channel.epoll.EpollIoHandler.processReady(EpollIoHandler.java:515)
api-gateway-1  | 2026-09-23T08:25:00.351338922Z 		at io.netty.channel.epoll.EpollIoHandler.run(EpollIoHandler.java:460)
api-gateway-1  | 2026-09-23T08:25:00.351342369Z 		at io.netty.channel.SingleThreadIoEventLoop.runIo(SingleThreadIoEventLoop.java:225)
api-gateway-1  | 2026-09-23T08:25:00.351346147Z 		at io.netty.channel.SingleThreadIoEventLoop.run(SingleThreadIoEventLoop.java:196)
api-gateway-1  | 2026-09-23T08:25:00.351349565Z 		at io.netty.util.concurrent.SingleThreadEventExecutor$5.run(SingleThreadEventExecutor.java:1195)
api-gateway-1  | 2026-09-23T08:25:00.351360258Z 		at io.netty.util.internal.ThreadExecutorMap$2.run(ThreadExecutorMap.java:74)
api-gateway-1  | 2026-09-23T08:25:00.351363966Z 		at io.netty.util.concurrent.FastThreadLocalRunnable.run(FastThreadLocalRunnable.java:30)
api-gateway-1  | 2026-09-23T08:25:00.351367414Z 		at java.base/java.lang.Thread.run(Thread.java:840)
api-gateway-1  | 2026-09-23T08:25:00.351370952Z 
api-gateway-1  | 2026-09-23T08:25:00.356903494Z 2026-09-23T08:25:00.356Z  WARN 1 --- [api-gateway] [or-http-epoll-4] [                                                 ] i.m.o.c.ObservationThreadLocalAccessor   : There is no current scope in thread local. This situation should not happen
api-gateway-1  | 2026-09-23T08:25:00.357839925Z 2026-09-23T08:25:00.357Z  WARN 1 --- [api-gateway] [or-http-epoll-4] [                                                 ] i.m.o.c.ObservationThreadLocalAccessor   : Observation <{name=http.server.requests(http get /api/gateway/owners/{ownerId}), error=org.springframework.web.reactive.function.client.WebClientResponseException$ServiceUnavailable: 503 Service Unavailable from UNKNOWN , context=name='http.server.requests', contextualName='http get /api/gateway/owners/{ownerId}', error='org.springframework.web.reactive.function.client.WebClientResponseException$ServiceUnavailable: 503 Service Unavailable from UNKNOWN ', lowCardinalityKeyValues=[exception='ServiceUnavailable', method='GET', outcome='SERVER_ERROR', status='500', uri='/api/gateway/owners/{ownerId}'], highCardinalityKeyValues=[http.url='/api/gateway/owners/6'], map=[class io.micrometer.tracing.handler.TracingObservationHandler$TracingContext='TracingContext{span=6ab38cdc815d81a3c05cee17e3b757b5/c05cee17e3b757b5}', class io.micrometer.core.instrument.LongTaskTimer$Sample='SampleImpl{duration(seconds)=-1.0E-9, duration(nanos)=-1.0, startTimeNanos=1379654754572}', class io.micrometer.core.instrument.Timer$Sample='io.micrometer.core.instrument.Timer$Sample@2eb416ab'], parentObservation=null}> to which we're restoring is not the same as the one set as this scope's parent observation <null>. Most likely a manually created Observation has a scope opened that was never closed. This may lead to thread polluting and memory leaks.
api-gateway-1  | 2026-09-23T08:25:03.372770071Z 2026-09-23T08:25:03.372Z  WARN 1 --- [api-gateway] [or-http-epoll-5] [6ab38cdf314be03f20d06ef0039481a2-20d06ef0039481a2] i.m.o.c.ObservationThreadLocalAccessor   : Observation <{name=http.server.requests(null), error=null, context=name='http.server.requests', contextualName='null', error='null', lowCardinalityKeyValues=[exception='none', method='GET', outcome='SUCCESS', status='200', uri='UNKNOWN'], highCardinalityKeyValues=[http.url='/api/gateway/owners/6'], map=[class io.micrometer.tracing.handler.TracingObservationHandler$TracingContext='TracingContext{span=6ab38cdf314be03f20d06ef0039481a2/20d06ef0039481a2}', class io.micrometer.core.instrument.LongTaskTimer$Sample='SampleImpl{duration(seconds)=0.003594602, duration(nanos)=3594602.0, startTimeNanos=1382688661274}', class io.micrometer.core.instrument.Timer$Sample='io.micrometer.core.instrument.Timer$Sample@2fffdc8b'], parentObservation=null}> to which we're restoring is not the same as the one set as this scope's parent observation <null>. Most likely a manually created Observation has a scope opened that was never closed. This may lead to thread polluting and memory leaks.
api-gateway-1  | 2026-09-23T08:25:03.374128781Z 2026-09-23T08:25:03.373Z  WARN 1 --- [api-gateway] [or-http-epoll-5] [                                                 ] o.s.c.l.core.RoundRobinLoadBalancer      : No servers available for service: customers-service
api-gateway-1  | 2026-09-23T08:25:03.374388039Z 2026-09-23T08:25:03.374Z  WARN 1 --- [api-gateway] [or-http-epoll-5] [                                                 ] eactorLoadBalancerExchangeFilterFunction : LoadBalancer does not contain an instance for the service customers-service
api-gateway-1  | 2026-09-23T08:25:03.378330014Z 2026-09-23T08:25:03.376Z ERROR 1 --- [api-gateway] [or-http-epoll-5] [6ab38cdf314be03f20d06ef0039481a2-20d06ef0039481a2] b.w.a.e.AbstractErrorWebExceptionHandler : [08a9431a-4]  500 Server Error for HTTP GET "/api/gateway/owners/6"
api-gateway-1  | 2026-09-23T08:25:03.378373790Z 
api-gateway-1  | 2026-09-23T08:25:03.378381136Z org.springframework.web.reactive.function.client.WebClientResponseException$ServiceUnavailable: 503 Service Unavailable from UNKNOWN 
api-gateway-1  | 2026-09-23T08:25:03.378387209Z 	at org.springframework.web.reactive.function.client.WebClientResponseException.create(WebClientResponseException.java:322)
api-gateway-1  | 2026-09-23T08:25:03.378393243Z 	Suppressed: The stacktrace has been enhanced by Reactor, refer to additional information below: 
api-gateway-1  | 2026-09-23T08:25:03.378398594Z Error has been observed at the following site(s):
api-gateway-1  | 2026-09-23T08:25:03.378403796Z 	*__checkpoint ⇢ 503 SERVICE_UNAVAILABLE from GET http://customers-service/owners/6 [DefaultWebClient]
api-gateway-1  | 2026-09-23T08:25:03.378409779Z 	*__checkpoint ⇢ Handler org.springframework.samples.petclinic.api.boundary.web.ApiGatewayController#getOwnerDetails(int) [DispatcherHandler]
api-gateway-1  | 2026-09-23T08:25:03.378415542Z 	*__checkpoint ⇢ org.springframework.cloud.gateway.filter.WeightCalculatorWebFilter@5d94ac8a
api-gateway-1  | 2026-09-23T08:25:03.378420923Z 	*__checkpoint ⇢ HTTP GET "/api/gateway/owners/6" [ExceptionHandlingWebHandler]
api-gateway-1  | 2026-09-23T08:25:03.378426506Z Original Stack Trace:
api-gateway-1  | 2026-09-23T08:25:03.378431627Z 		at org.springframework.web.reactive.function.client.WebClientResponseException.create(WebClientResponseException.java:322)
api-gateway-1  | 2026-09-23T08:25:03.378437149Z 		at org.springframework.web.reactive.function.client.DefaultClientResponse.lambda$createException$1(DefaultClientResponse.java:214)
api-gateway-1  | 2026-09-23T08:25:03.378442591Z 		at reactor.core.publisher.FluxMap$MapSubscriber.onNext(FluxMap.java:106)
api-gateway-1  | 2026-09-23T08:25:03.378447822Z 		at reactor.core.publisher.FluxOnErrorReturn$ReturnSubscriber.onNext(FluxOnErrorReturn.java:159)
api-gateway-1  | 2026-09-23T08:25:03.378453134Z 		at reactor.core.publisher.FluxDefaultIfEmpty$DefaultIfEmptySubscriber.onNext(FluxDefaultIfEmpty.java:123)
api-gateway-1  | 2026-09-23T08:25:03.378458436Z 		at reactor.core.publisher.FluxMapFuseable$MapFuseableSubscriber.onNext(FluxMapFuseable.java:130)
api-gateway-1  | 2026-09-23T08:25:03.378463697Z 		at reactor.core.publisher.FluxContextWrite$ContextWriteSubscriber.onNext(FluxContextWrite.java:109)
api-gateway-1  | 2026-09-23T08:25:03.378468969Z 		at reactor.core.publisher.FluxMapFuseable$MapFuseableConditionalSubscriber.onNext(FluxMapFuseable.java:300)
api-gateway-1  | 2026-09-23T08:25:03.378475533Z 		at reactor.core.publisher.FluxFilterFuseable$FilterFuseableConditionalSubscriber.onNext(FluxFilterFuseable.java:338)
api-gateway-1  | 2026-09-23T08:25:03.378480995Z 		at reactor.core.publisher.Operators$BaseFluxToMonoOperator.completePossiblyEmpty(Operators.java:2093)
api-gateway-1  | 2026-09-23T08:25:03.378505218Z 		at reactor.core.publisher.MonoCollect$CollectSubscriber.onComplete(MonoCollect.java:144)
api-gateway-1  | 2026-09-23T08:25:03.378510750Z 		at reactor.core.publisher.FluxMapFuseable$MapFuseableSubscriber.onComplete(FluxMapFuseable.java:153)
api-gateway-1  | 2026-09-23T08:25:03.378516092Z 		at reactor.core.publisher.Operators$ScalarSubscription.request(Operators.java:2567)
api-gateway-1  | 2026-09-23T08:25:03.378521323Z 		at reactor.core.publisher.FluxMapFuseable$MapFuseableSubscriber.request(FluxMapFuseable.java:172)
api-gateway-1  | 2026-09-23T08:25:03.378526575Z 		at reactor.core.publisher.Operators$BaseFluxToMonoOperator.request(Operators.java:2063)
api-gateway-1  | 2026-09-23T08:25:03.378532388Z 		at reactor.core.publisher.FluxFilterFuseable$FilterFuseableConditionalSubscriber.request(FluxFilterFuseable.java:411)
api-gateway-1  | 2026-09-23T08:25:03.378537790Z 		at reactor.core.publisher.FluxMapFuseable$MapFuseableConditionalSubscriber.request(FluxMapFuseable.java:361)
api-gateway-1  | 2026-09-23T08:25:03.378543151Z 		at reactor.core.publisher.FluxContextWrite$ContextWriteSubscriber.request(FluxContextWrite.java:138)
api-gateway-1  | 2026-09-23T08:25:03.378548443Z 		at reactor.core.publisher.FluxMapFuseable$MapFuseableSubscriber.request(FluxMapFuseable.java:172)
api-gateway-1  | 2026-09-23T08:25:03.378553745Z 		at reactor.core.publisher.FluxDefaultIfEmpty$DefaultIfEmptySubscriber.request(FluxDefaultIfEmpty.java:99)
api-gateway-1  | 2026-09-23T08:25:03.378559036Z 		at reactor.core.publisher.FluxOnErrorReturn$ReturnSubscriber.request(FluxOnErrorReturn.java:150)
api-gateway-1  | 2026-09-23T08:25:03.378564328Z 		at reactor.core.publisher.FluxMap$MapSubscriber.request(FluxMap.java:163)
api-gateway-1  | 2026-09-23T08:25:03.378569559Z 		at reactor.core.publisher.MonoFlatMap$FlatMapMain.request(MonoFlatMap.java:195)
api-gateway-1  | 2026-09-23T08:25:03.378574811Z 		at reactor.core.publisher.Operators$MultiSubscriptionSubscriber.set(Operators.java:2361)
api-gateway-1  | 2026-09-23T08:25:03.378580092Z 		at reactor.core.publisher.FluxOnErrorResume$ResumeSubscriber.onSubscribe(FluxOnErrorResume.java:75)
api-gateway-1  | 2026-09-23T08:25:03.378585394Z 		at reactor.core.publisher.MonoFlatMap$FlatMapMain.onSubscribe(MonoFlatMap.java:118)
api-gateway-1  | 2026-09-23T08:25:03.378590666Z 		at reactor.core.publisher.FluxMap$MapSubscriber.onSubscribe(FluxMap.java:92)
api-gateway-1  | 2026-09-23T08:25:03.378595927Z 		at reactor.core.publisher.FluxOnErrorReturn$ReturnSubscriber.onSubscribe(FluxOnErrorReturn.java:92)
api-gateway-1  | 2026-09-23T08:25:03.378601209Z 		at reactor.core.publisher.Operators$BaseFluxToMonoOperator.onSubscribe(Operators.java:2047)
api-gateway-1  | 2026-09-23T08:25:03.378606520Z 		at reactor.core.publisher.FluxMapFuseable$MapFuseableSubscriber.onSubscribe(FluxMapFuseable.java:96)
api-gateway-1  | 2026-09-23T08:25:03.378612323Z 		at reactor.core.publisher.FluxContextWrite$ContextWriteSubscriber.onSubscribe(FluxContextWrite.java:103)
api-gateway-1  | 2026-09-23T08:25:03.378617765Z 		at reactor.core.publisher.FluxMapFuseable$MapFuseableConditionalSubscriber.onSubscribe(FluxMapFuseable.java:265)
api-gateway-1  | 2026-09-23T08:25:03.378623077Z 		at reactor.core.publisher.FluxFilterFuseable$FilterFuseableConditionalSubscriber.onSubscribe(FluxFilterFuseable.java:305)
api-gateway-1  | 2026-09-23T08:25:03.378638671Z 		at reactor.core.publisher.Operators$BaseFluxToMonoOperator.onSubscribe(Operators.java:2047)
api-gateway-1  | 2026-09-23T08:25:03.378644093Z 		at reactor.core.publisher.FluxMapFuseable$MapFuseableSubscriber.onSubscribe(FluxMapFuseable.java:96)
api-gateway-1  | 2026-09-23T08:25:03.378649485Z 		at reactor.core.publisher.FluxJust.subscribe(FluxJust.java:69)
api-gateway-1  | 2026-09-23T08:25:03.378654686Z 		at reactor.core.publisher.InternalMonoOperator.subscribe(InternalMonoOperator.java:75)
api-gateway-1  | 2026-09-23T08:25:03.378659927Z 		at reactor.core.publisher.MonoFlatMap$FlatMapMain.onNext(MonoFlatMap.java:166)
api-gateway-1  | 2026-09-23T08:25:03.378665219Z 		at reactor.core.publisher.MonoContextWriteRestoringThreadLocals$ContextWriteRestoringThreadLocalsSubscriber.onNext(MonoContextWriteRestoringThreadLocals.java:111)
api-gateway-1  | 2026-09-23T08:25:03.378670671Z 		at reactor.core.publisher.FluxDoFinally$DoFinallySubscriber.onNext(FluxDoFinally.java:113)
api-gateway-1  | 2026-09-23T08:25:03.378676023Z 		at reactor.core.publisher.MonoPeekTerminal$MonoTerminalPeekSubscriber.onNext(MonoPeekTerminal.java:184)
api-gateway-1  | 2026-09-23T08:25:03.378681334Z 		at reactor.core.publisher.FluxPeekFuseable$PeekConditionalSubscriber.onNext(FluxPeekFuseable.java:850)
api-gateway-1  | 2026-09-23T08:25:03.378686646Z 		at reactor.core.publisher.FluxSwitchIfEmpty$SwitchIfEmptySubscriber.onNext(FluxSwitchIfEmpty.java:75)
api-gateway-1  | 2026-09-23T08:25:03.378691948Z 		at reactor.core.publisher.MonoFlatMap$FlatMapMain.onNext(MonoFlatMap.java:159)
api-gateway-1  | 2026-09-23T08:25:03.378697169Z 		at reactor.core.publisher.FluxMap$MapSubscriber.onNext(FluxMap.java:122)
api-gateway-1  | 2026-09-23T08:25:03.378702431Z 		at reactor.core.publisher.MonoNext$NextSubscriber.onNext(MonoNext.java:83)
api-gateway-1  | 2026-09-23T08:25:03.378707672Z 		at reactor.core.publisher.FluxDematerialize$DematerializeSubscriber.onNext(FluxDematerialize.java:102)
api-gateway-1  | 2026-09-23T08:25:03.378712964Z 		at reactor.core.publisher.FluxDematerialize$DematerializeSubscriber.onNext(FluxDematerialize.java:44)
api-gateway-1  | 2026-09-23T08:25:03.378718265Z 		at reactor.core.publisher.FluxFlattenIterable$FlattenIterableSubscriber.drainAsync(FluxFlattenIterable.java:455)
api-gateway-1  | 2026-09-23T08:25:03.378723567Z 		at reactor.core.publisher.FluxFlattenIterable$FlattenIterableSubscriber.drain(FluxFlattenIterable.java:726)
api-gateway-1  | 2026-09-23T08:25:03.378729340Z 		at reactor.core.publisher.FluxFlattenIterable$FlattenIterableSubscriber.onNext(FluxFlattenIterable.java:258)
api-gateway-1  | 2026-09-23T08:25:03.378734762Z 		at reactor.core.publisher.FluxSwitchIfEmpty$SwitchIfEmptySubscriber.onNext(FluxSwitchIfEmpty.java:75)
api-gateway-1  | 2026-09-23T08:25:03.378740073Z 		at reactor.core.publisher.MonoFlatMap$FlatMapMain.secondComplete(MonoFlatMap.java:246)
api-gateway-1  | 2026-09-23T08:25:03.378745335Z 		at reactor.core.publisher.MonoFlatMap$FlatMapInner.onNext(MonoFlatMap.java:307)
api-gateway-1  | 2026-09-23T08:25:03.378750576Z 		at reactor.core.publisher.MonoIgnoreThen$ThenIgnoreMain.complete(MonoIgnoreThen.java:297)
api-gateway-1  | 2026-09-23T08:25:03.378755818Z 		at reactor.core.publisher.MonoIgnoreThen$ThenIgnoreMain.onNext(MonoIgnoreThen.java:191)
api-gateway-1  | 2026-09-23T08:25:03.378770610Z 		at reactor.core.publisher.MonoIgnoreThen$ThenIgnoreMain.subscribeNext(MonoIgnoreThen.java:240)
api-gateway-1  | 2026-09-23T08:25:03.378776022Z 		at reactor.core.publisher.MonoIgnoreThen$ThenIgnoreMain.onComplete(MonoIgnoreThen.java:207)
api-gateway-1  | 2026-09-23T08:25:03.378781304Z 		at reactor.core.publisher.MonoIgnoreElements$IgnoreElementsSubscriber.onComplete(MonoIgnoreElements.java:89)
api-gateway-1  | 2026-09-23T08:25:03.378786605Z 		at reactor.core.publisher.FluxPeek$PeekSubscriber.onComplete(FluxPeek.java:263)
api-gateway-1  | 2026-09-23T08:25:03.378791867Z 		at reactor.core.publisher.FluxDematerialize$DematerializeSubscriber.onComplete(FluxDematerialize.java:125)
api-gateway-1  | 2026-09-23T08:25:03.378797148Z 		at reactor.core.publisher.FluxDematerialize$DematerializeSubscriber.onNext(FluxDematerialize.java:91)
api-gateway-1  | 2026-09-23T08:25:03.378802420Z 		at reactor.core.publisher.FluxDematerialize$DematerializeSubscriber.onNext(FluxDematerialize.java:44)
api-gateway-1  | 2026-09-23T08:25:03.378807712Z 		at reactor.core.publisher.FluxIterable$IterableSubscription.fastPath(FluxIterable.java:402)
api-gateway-1  | 2026-09-23T08:25:03.378812973Z 		at reactor.core.publisher.FluxIterable$IterableSubscription.request(FluxIterable.java:291)
api-gateway-1  | 2026-09-23T08:25:03.378818545Z 		at reactor.core.publisher.FluxDematerialize$DematerializeSubscriber.request(FluxDematerialize.java:131)
api-gateway-1  | 2026-09-23T08:25:03.378823867Z 		at reactor.core.publisher.FluxPeek$PeekSubscriber.request(FluxPeek.java:141)
api-gateway-1  | 2026-09-23T08:25:03.378829129Z 		at reactor.core.publisher.MonoIgnoreElements$IgnoreElementsSubscriber.onSubscribe(MonoIgnoreElements.java:72)
api-gateway-1  | 2026-09-23T08:25:03.378834490Z 		at reactor.core.publisher.FluxPeek$PeekSubscriber.onSubscribe(FluxPeek.java:174)
api-gateway-1  | 2026-09-23T08:25:03.378839732Z 		at reactor.core.publisher.FluxDematerialize$DematerializeSubscriber.onSubscribe(FluxDematerialize.java:77)
api-gateway-1  | 2026-09-23T08:25:03.378845114Z 		at reactor.core.publisher.FluxIterable.subscribe(FluxIterable.java:200)
api-gateway-1  | 2026-09-23T08:25:03.378850676Z 		at reactor.core.publisher.FluxIterable.subscribe(FluxIterable.java:82)
api-gateway-1  | 2026-09-23T08:25:03.378855967Z 		at reactor.core.publisher.Mono.subscribe(Mono.java:4569)
api-gateway-1  | 2026-09-23T08:25:03.378861169Z 		at reactor.core.publisher.MonoIgnoreThen$ThenIgnoreMain.subscribeNext(MonoIgnoreThen.java:268)
api-gateway-1  | 2026-09-23T08:25:03.378866480Z 		at reactor.core.publisher.MonoIgnoreThen.subscribe(MonoIgnoreThen.java:51)
api-gateway-1  | 2026-09-23T08:25:03.378871702Z 		at reactor.core.publisher.MonoFlatMap$FlatMapMain.onNext(MonoFlatMap.java:166)
api-gateway-1  | 2026-09-23T08:25:03.378876953Z 		at reactor.core.publisher.Operators$BaseFluxToMonoOperator.completePossiblyEmpty(Operators.java:2093)
api-gateway-1  | 2026-09-23T08:25:03.378882255Z 		at reactor.core.publisher.MonoCollectList$MonoCollectListSubscriber.onComplete(MonoCollectList.java:117)
api-gateway-1  | 2026-09-23T08:25:03.378887547Z 		at reactor.core.publisher.DrainUtils.postCompleteDrain(DrainUtils.java:132)
api-gateway-1  | 2026-09-23T08:25:03.378892758Z 		at reactor.core.publisher.DrainUtils.postComplete(DrainUtils.java:187)
api-gateway-1  | 2026-09-23T08:25:03.378907500Z 		at reactor.core.publisher.FluxMaterialize$MaterializeSubscriber.onComplete(FluxMaterialize.java:141)
api-gateway-1  | 2026-09-23T08:25:03.378912972Z 		at reactor.core.publisher.FluxLimitRequest$FluxLimitRequestSubscriber.onNext(FluxLimitRequest.java:104)
api-gateway-1  | 2026-09-23T08:25:03.378918314Z 		at reactor.core.publisher.FluxOnErrorResume$ResumeSubscriber.onNext(FluxOnErrorResume.java:80)
api-gateway-1  | 2026-09-23T08:25:03.378923616Z 		at reactor.core.publisher.SerializedSubscriber.onNext(SerializedSubscriber.java:100)
api-gateway-1  | 2026-09-23T08:25:03.378928877Z 		at reactor.core.publisher.FluxTimeout$TimeoutMainSubscriber.onNext(FluxTimeout.java:182)
api-gateway-1  | 2026-09-23T08:25:03.378934149Z 		at reactor.core.publisher.Operators$BaseFluxToMonoOperator.completePossiblyEmpty(Operators.java:2093)
api-gateway-1  | 2026-09-23T08:25:03.378939430Z 		at reactor.core.publisher.MonoCollectList$MonoCollectListSubscriber.onComplete(MonoCollectList.java:117)
api-gateway-1  | 2026-09-23T08:25:03.378944792Z 		at reactor.core.publisher.FluxContextWriteRestoringThreadLocals$ContextWriteRestoringThreadLocalsSubscriber.onComplete(FluxContextWriteRestoringThreadLocals.java:150)
api-gateway-1  | 2026-09-23T08:25:03.378950284Z 		at org.springframework.cloud.commons.publisher.FluxFirstNonEmptyEmitting$FirstNonEmptyEmittingSubscriber.onComplete(FluxFirstNonEmptyEmitting.java:325)
api-gateway-1  | 2026-09-23T08:25:03.378955706Z 		at reactor.core.publisher.Operators.complete(Operators.java:137)
api-gateway-1  | 2026-09-23T08:25:03.378960918Z 		at reactor.core.publisher.FluxIterable.subscribe(FluxIterable.java:143)
api-gateway-1  | 2026-09-23T08:25:03.378966139Z 		at reactor.core.publisher.FluxIterable.subscribe(FluxIterable.java:82)
api-gateway-1  | 2026-09-23T08:25:03.378971511Z 		at reactor.core.publisher.Flux.subscribe(Flux.java:8888)
api-gateway-1  | 2026-09-23T08:25:03.378976933Z 		at org.springframework.cloud.commons.publisher.FluxFirstNonEmptyEmitting$RaceCoordinator.subscribe(FluxFirstNonEmptyEmitting.java:203)
api-gateway-1  | 2026-09-23T08:25:03.378982334Z 		at org.springframework.cloud.commons.publisher.FluxFirstNonEmptyEmitting.subscribe(FluxFirstNonEmptyEmitting.java:128)
api-gateway-1  | 2026-09-23T08:25:03.378987666Z 		at reactor.core.publisher.InternalFluxOperator.subscribe(InternalFluxOperator.java:67)
api-gateway-1  | 2026-09-23T08:25:03.378992978Z 		at reactor.core.publisher.FluxDefer.subscribe(FluxDefer.java:55)
api-gateway-1  | 2026-09-23T08:25:03.378998169Z 		at reactor.core.publisher.InternalFluxOperator.subscribe(InternalFluxOperator.java:67)
api-gateway-1  | 2026-09-23T08:25:03.379003411Z 		at reactor.core.publisher.FluxDefer.subscribe(FluxDefer.java:55)
api-gateway-1  | 2026-09-23T08:25:03.379008612Z 		at reactor.core.publisher.Mono.subscribe(Mono.java:4569)
api-gateway-1  | 2026-09-23T08:25:03.379013814Z 		at reactor.core.publisher.FluxSwitchIfEmpty$SwitchIfEmptySubscriber.onComplete(FluxSwitchIfEmpty.java:83)
api-gateway-1  | 2026-09-23T08:25:03.379019085Z 		at reactor.core.publisher.Operators.complete(Operators.java:137)
api-gateway-1  | 2026-09-23T08:25:03.379024286Z 		at reactor.core.publisher.MonoEmpty.subscribe(MonoEmpty.java:46)
api-gateway-1  | 2026-09-23T08:25:03.379029488Z 		at reactor.core.publisher.InternalFluxOperator.subscribe(InternalFluxOperator.java:67)
api-gateway-1  | 2026-09-23T08:25:03.379044000Z 		at reactor.core.publisher.FluxDefer.subscribe(FluxDefer.java:55)
api-gateway-1  | 2026-09-23T08:25:03.379049442Z 		at reactor.core.publisher.InternalMonoOperator.subscribe(InternalMonoOperator.java:75)
api-gateway-1  | 2026-09-23T08:25:03.379054703Z 		at reactor.core.publisher.MonoDefer.subscribe(MonoDefer.java:54)
api-gateway-1  | 2026-09-23T08:25:03.379059895Z 		at reactor.core.publisher.InternalMonoOperator.subscribe(InternalMonoOperator.java:75)
api-gateway-1  | 2026-09-23T08:25:03.379065196Z 		at reactor.core.publisher.MonoContextWriteRestoringThreadLocals.subscribe(MonoContextWriteRestoringThreadLocals.java:44)
api-gateway-1  | 2026-09-23T08:25:03.379070488Z 		at reactor.core.publisher.MonoDeferContextual.subscribe(MonoDeferContextual.java:56)
api-gateway-1  | 2026-09-23T08:25:03.379075699Z 		at reactor.core.publisher.FluxFromMonoOperator.subscribe(FluxFromMonoOperator.java:83)
api-gateway-1  | 2026-09-23T08:25:03.379080941Z 		at reactor.core.publisher.FluxDeferContextual.subscribe(FluxDeferContextual.java:58)
api-gateway-1  | 2026-09-23T08:25:03.379086152Z 		at reactor.core.publisher.InternalMonoOperator.subscribe(InternalMonoOperator.java:75)
api-gateway-1  | 2026-09-23T08:25:03.379091354Z 		at reactor.core.publisher.MonoFlatMap$FlatMapMain.onNext(MonoFlatMap.java:166)
api-gateway-1  | 2026-09-23T08:25:03.379096585Z 		at reactor.core.publisher.FluxOnErrorResume$ResumeSubscriber.onNext(FluxOnErrorResume.java:80)
api-gateway-1  | 2026-09-23T08:25:03.379101857Z 		at reactor.core.publisher.FluxOnErrorResume$ResumeSubscriber.onNext(FluxOnErrorResume.java:80)
api-gateway-1  | 2026-09-23T08:25:03.379107268Z 		at reactor.core.publisher.FluxPeek$PeekSubscriber.onNext(FluxPeek.java:203)
api-gateway-1  | 2026-09-23T08:25:03.379112901Z 		at reactor.core.publisher.MonoIgnoreThen$ThenIgnoreMain.complete(MonoIgnoreThen.java:297)
api-gateway-1  | 2026-09-23T08:25:03.379118192Z 		at reactor.core.publisher.MonoIgnoreThen$ThenIgnoreMain.onNext(MonoIgnoreThen.java:191)
api-gateway-1  | 2026-09-23T08:25:03.379123424Z 		at reactor.core.publisher.MonoFlatMap$FlatMapMain.onNext(MonoFlatMap.java:159)
api-gateway-1  | 2026-09-23T08:25:03.379128645Z 		at reactor.core.publisher.MonoZip$ZipCoordinator.signal(MonoZip.java:296)
api-gateway-1  | 2026-09-23T08:25:03.379133837Z 		at reactor.core.publisher.MonoZip$ZipInner.onNext(MonoZip.java:480)
api-gateway-1  | 2026-09-23T08:25:03.379139048Z 		at reactor.core.publisher.MonoPeekTerminal$MonoTerminalPeekSubscriber.onNext(MonoPeekTerminal.java:184)
api-gateway-1  | 2026-09-23T08:25:03.379144310Z 		at reactor.core.publisher.FluxDefaultIfEmpty$DefaultIfEmptySubscriber.onNext(FluxDefaultIfEmpty.java:123)
api-gateway-1  | 2026-09-23T08:25:03.379149661Z 		at reactor.core.publisher.FluxSwitchIfEmpty$SwitchIfEmptySubscriber.onNext(FluxSwitchIfEmpty.java:75)
api-gateway-1  | 2026-09-23T08:25:03.379154963Z 		at reactor.core.publisher.Operators$ScalarSubscription.request(Operators.java:2565)
api-gateway-1  | 2026-09-23T08:25:03.379160185Z 		at reactor.core.publisher.Operators$MultiSubscriptionSubscriber.set(Operators.java:2361)
api-gateway-1  | 2026-09-23T08:25:03.379165436Z 		at reactor.core.publisher.Operators$MultiSubscriptionSubscriber.onSubscribe(Operators.java:2235)
api-gateway-1  | 2026-09-23T08:25:03.379213962Z 		at reactor.core.publisher.FluxFlatMap.trySubscribeScalarMap(FluxFlatMap.java:193)
api-gateway-1  | 2026-09-23T08:25:03.379220777Z 		at reactor.core.publisher.MonoFlatMap.subscribeOrReturn(MonoFlatMap.java:53)
api-gateway-1  | 2026-09-23T08:25:03.379224455Z 		at reactor.core.publisher.InternalMonoOperator.subscribe(InternalMonoOperator.java:62)
api-gateway-1  | 2026-09-23T08:25:03.379227302Z 		at reactor.core.publisher.MonoZip$ZipCoordinator.request(MonoZip.java:219)
api-gateway-1  | 2026-09-23T08:25:03.379229937Z 		at reactor.core.publisher.MonoFlatMap$FlatMapMain.request(MonoFlatMap.java:195)
api-gateway-1  | 2026-09-23T08:25:03.379232593Z 		at reactor.core.publisher.MonoIgnoreThen$ThenIgnoreMain.onSubscribe(MonoIgnoreThen.java:135)
api-gateway-1  | 2026-09-23T08:25:03.379247596Z 		at reactor.core.publisher.MonoFlatMap$FlatMapMain.onSubscribe(MonoFlatMap.java:118)
api-gateway-1  | 2026-09-23T08:25:03.379250823Z 		at reactor.core.publisher.MonoZip.subscribe(MonoZip.java:129)
api-gateway-1  | 2026-09-23T08:25:03.379253429Z 		at reactor.core.publisher.InternalMonoOperator.subscribe(InternalMonoOperator.java:75)
api-gateway-1  | 2026-09-23T08:25:03.379256065Z 		at reactor.core.publisher.MonoDefer.subscribe(MonoDefer.java:54)
api-gateway-1  | 2026-09-23T08:25:03.379258681Z 		at reactor.core.publisher.MonoIgnoreThen$ThenIgnoreMain.subscribeNext(MonoIgnoreThen.java:244)
api-gateway-1  | 2026-09-23T08:25:03.379261497Z 		at reactor.core.publisher.MonoIgnoreThen$ThenIgnoreMain.onComplete(MonoIgnoreThen.java:207)
api-gateway-1  | 2026-09-23T08:25:03.379265706Z 		at reactor.core.publisher.MonoFlatMap$FlatMapMain.onComplete(MonoFlatMap.java:190)
api-gateway-1  | 2026-09-23T08:25:03.379268382Z 		at reactor.core.publisher.Operators.complete(Operators.java:137)
api-gateway-1  | 2026-09-23T08:25:03.379270988Z 		at reactor.core.publisher.MonoZip.subscribe(MonoZip.java:121)
api-gateway-1  | 2026-09-23T08:25:03.379273583Z 		at reactor.core.publisher.Mono.subscribe(Mono.java:4569)
api-gateway-1  | 2026-09-23T08:25:03.379276159Z 		at reactor.core.publisher.MonoIgnoreThen$ThenIgnoreMain.subscribeNext(MonoIgnoreThen.java:268)
api-gateway-1  | 2026-09-23T08:25:03.379278795Z 		at reactor.core.publisher.MonoIgnoreThen.subscribe(MonoIgnoreThen.java:51)
api-gateway-1  | 2026-09-23T08:25:03.379281380Z 		at reactor.core.publisher.InternalMonoOperator.subscribe(InternalMonoOperator.java:75)
api-gateway-1  | 2026-09-23T08:25:03.379284096Z 		at reactor.core.publisher.MonoFlatMap$FlatMapMain.onNext(MonoFlatMap.java:166)
api-gateway-1  | 2026-09-23T08:25:03.379286772Z 		at reactor.core.publisher.FluxOnErrorResume$ResumeSubscriber.onNext(FluxOnErrorResume.java:80)
api-gateway-1  | 2026-09-23T08:25:03.379289468Z 		at reactor.core.publisher.FluxSwitchIfEmpty$SwitchIfEmptySubscriber.onNext(FluxSwitchIfEmpty.java:75)
api-gateway-1  | 2026-09-23T08:25:03.379292485Z 		at reactor.core.publisher.MonoNext$NextSubscriber.onNext(MonoNext.java:83)
api-gateway-1  | 2026-09-23T08:25:03.379295221Z 		at reactor.core.publisher.FluxConcatMapNoPrefetch$FluxConcatMapNoPrefetchSubscriber.innerNext(FluxConcatMapNoPrefetch.java:259)
api-gateway-1  | 2026-09-23T08:25:03.379297907Z 		at reactor.core.publisher.FluxConcatMap$ConcatMapInner.onNext(FluxConcatMap.java:870)
api-gateway-1  | 2026-09-23T08:25:03.379313831Z 		at reactor.core.publisher.FluxMapFuseable$MapFuseableSubscriber.onNext(FluxMapFuseable.java:130)
api-gateway-1  | 2026-09-23T08:25:03.379316648Z 		at reactor.core.publisher.MonoPeekTerminal$MonoTerminalPeekSubscriber.onNext(MonoPeekTerminal.java:184)
api-gateway-1  | 2026-09-23T08:25:03.379319303Z 		at reactor.core.publisher.Operators$ScalarSubscription.request(Operators.java:2565)
api-gateway-1  | 2026-09-23T08:25:03.379321939Z 		at reactor.core.publisher.MonoPeekTerminal$MonoTerminalPeekSubscriber.request(MonoPeekTerminal.java:142)
api-gateway-1  | 2026-09-23T08:25:03.379324605Z 		at reactor.core.publisher.FluxMapFuseable$MapFuseableSubscriber.request(FluxMapFuseable.java:172)
api-gateway-1  | 2026-09-23T08:25:03.379327251Z 		at reactor.core.publisher.Operators$MultiSubscriptionSubscriber.request(Operators.java:2325)
api-gateway-1  | 2026-09-23T08:25:03.379329947Z 		at reactor.core.publisher.FluxConcatMapNoPrefetch$FluxConcatMapNoPrefetchSubscriber.request(FluxConcatMapNoPrefetch.java:339)
api-gateway-1  | 2026-09-23T08:25:03.379332653Z 		at reactor.core.publisher.MonoNext$NextSubscriber.request(MonoNext.java:109)
api-gateway-1  | 2026-09-23T08:25:03.379335349Z 		at reactor.core.publisher.Operators$MultiSubscriptionSubscriber.set(Operators.java:2361)
api-gateway-1  | 2026-09-23T08:25:03.379338004Z 		at reactor.core.publisher.Operators$MultiSubscriptionSubscriber.onSubscribe(Operators.java:2235)
api-gateway-1  | 2026-09-23T08:25:03.379340911Z 		at reactor.core.publisher.MonoNext$NextSubscriber.onSubscribe(MonoNext.java:71)
api-gateway-1  | 2026-09-23T08:25:03.379343627Z 		at reactor.core.publisher.FluxConcatMapNoPrefetch$FluxConcatMapNoPrefetchSubscriber.onSubscribe(FluxConcatMapNoPrefetch.java:164)
api-gateway-1  | 2026-09-23T08:25:03.379346413Z 		at reactor.core.publisher.FluxIterable.subscribe(FluxIterable.java:200)
api-gateway-1  | 2026-09-23T08:25:03.379349029Z 		at reactor.core.publisher.FluxIterable.subscribe(FluxIterable.java:82)
api-gateway-1  | 2026-09-23T08:25:03.379351715Z 		at reactor.core.publisher.InternalMonoOperator.subscribe(InternalMonoOperator.java:75)
api-gateway-1  | 2026-09-23T08:25:03.379354350Z 		at reactor.core.publisher.MonoDefer.subscribe(MonoDefer.java:54)
api-gateway-1  | 2026-09-23T08:25:03.379356966Z 		at reactor.core.publisher.InternalMonoOperator.subscribe(InternalMonoOperator.java:75)
api-gateway-1  | 2026-09-23T08:25:03.379359592Z 		at reactor.core.publisher.MonoDefer.subscribe(MonoDefer.java:54)
api-gateway-1  | 2026-09-23T08:25:03.379362208Z 		at reactor.core.publisher.InternalMonoOperator.subscribe(InternalMonoOperator.java:75)
api-gateway-1  | 2026-09-23T08:25:03.379364853Z 		at reactor.core.publisher.MonoTapRestoringThreadLocals.subscribe(MonoTapRestoringThreadLocals.java:78)
api-gateway-1  | 2026-09-23T08:25:03.379367509Z 		at reactor.core.publisher.Mono.subscribe(Mono.java:4569)
api-gateway-1  | 2026-09-23T08:25:03.379370135Z 		at reactor.core.publisher.MonoIgnoreThen$ThenIgnoreMain.subscribeNext(MonoIgnoreThen.java:268)
api-gateway-1  | 2026-09-23T08:25:03.379375276Z 		at reactor.core.publisher.MonoIgnoreThen.subscribe(MonoIgnoreThen.java:51)
api-gateway-1  | 2026-09-23T08:25:03.379377912Z 		at reactor.core.publisher.InternalMonoOperator.subscribe(InternalMonoOperator.java:75)
api-gateway-1  | 2026-09-23T08:25:03.379385459Z 		at reactor.core.publisher.MonoDeferContextual.subscribe(MonoDeferContextual.java:56)
api-gateway-1  | 2026-09-23T08:25:03.379388195Z 		at reactor.netty.http.server.HttpServer$HttpServerHandle.onStateChange(HttpServer.java:1344)
api-gateway-1  | 2026-09-23T08:25:03.379390820Z 		at reactor.netty.ReactorNetty$CompositeConnectionObserver.onStateChange(ReactorNetty.java:730)
api-gateway-1  | 2026-09-23T08:25:03.379393516Z 		at reactor.netty.transport.ServerTransport$ChildObserver.onStateChange(ServerTransport.java:489)
api-gateway-1  | 2026-09-23T08:25:03.379396192Z 		at reactor.netty.http.server.HttpServerOperations.handleDefaultHttpRequest(HttpServerOperations.java:863)
api-gateway-1  | 2026-09-23T08:25:03.379398818Z 		at reactor.netty.http.server.HttpServerOperations.onInboundNext(HttpServerOperations.java:789)
api-gateway-1  | 2026-09-23T08:25:03.379401444Z 		at reactor.netty.channel.ChannelOperationsHandler.channelRead(ChannelOperationsHandler.java:115)
api-gateway-1  | 2026-09-23T08:25:03.379404089Z 		at io.netty.channel.AbstractChannelHandlerContext.fireChannelRead(AbstractChannelHandlerContext.java:356)
api-gateway-1  | 2026-09-23T08:25:03.379407116Z 		at reactor.netty.http.server.HttpTrafficHandler.channelRead(HttpTrafficHandler.java:283)
api-gateway-1  | 2026-09-23T08:25:03.379409912Z 		at io.netty.channel.AbstractChannelHandlerContext.fireChannelRead(AbstractChannelHandlerContext.java:354)
api-gateway-1  | 2026-09-23T08:25:03.379412608Z 		at io.netty.channel.CombinedChannelDuplexHandler$DelegatingChannelHandlerContext.fireChannelRead(CombinedChannelDuplexHandler.java:434)
api-gateway-1  | 2026-09-23T08:25:03.379415314Z 		at io.netty.handler.codec.ByteToMessageDecoder.fireChannelRead(ByteToMessageDecoder.java:361)
api-gateway-1  | 2026-09-23T08:25:03.379417960Z 		at io.netty.handler.codec.ByteToMessageDecoder.channelRead(ByteToMessageDecoder.java:325)
api-gateway-1  | 2026-09-23T08:25:03.379420596Z 		at io.netty.channel.CombinedChannelDuplexHandler.channelRead(CombinedChannelDuplexHandler.java:249)
api-gateway-1  | 2026-09-23T08:25:03.379423241Z 		at io.netty.channel.AbstractChannelHandlerContext.fireChannelRead(AbstractChannelHandlerContext.java:354)
api-gateway-1  | 2026-09-23T08:25:03.379425897Z 		at io.netty.channel.DefaultChannelPipeline$HeadContext.channelRead(DefaultChannelPipeline.java:1429)
api-gateway-1  | 2026-09-23T08:25:03.379428543Z 		at io.netty.channel.DefaultChannelPipeline.fireChannelRead(DefaultChannelPipeline.java:918)
api-gateway-1  | 2026-09-23T08:25:03.379431169Z 		at io.netty.channel.epoll.AbstractEpollStreamChannel$EpollStreamUnsafe.epollInReady(AbstractEpollStreamChannel.java:804)
api-gateway-1  | 2026-09-23T08:25:03.379433825Z 		at io.netty.channel.epoll.AbstractEpollChannel$AbstractEpollUnsafe.handle(AbstractEpollChannel.java:482)
api-gateway-1  | 2026-09-23T08:25:03.379436480Z 		at io.netty.channel.epoll.EpollIoHandler$DefaultEpollIoRegistration.handle(EpollIoHandler.java:317)
api-gateway-1  | 2026-09-23T08:25:03.379439136Z 		at io.netty.channel.epoll.EpollIoHandler.processReady(EpollIoHandler.java:515)
api-gateway-1  | 2026-09-23T08:25:03.379441782Z 		at io.netty.channel.epoll.EpollIoHandler.run(EpollIoHandler.java:460)
api-gateway-1  | 2026-09-23T08:25:03.379444398Z 		at io.netty.channel.SingleThreadIoEventLoop.runIo(SingleThreadIoEventLoop.java:225)
api-gateway-1  | 2026-09-23T08:25:03.379451814Z 		at io.netty.channel.SingleThreadIoEventLoop.run(SingleThreadIoEventLoop.java:196)
api-gateway-1  | 2026-09-23T08:25:03.379454500Z 		at io.netty.util.concurrent.SingleThreadEventExecutor$5.run(SingleThreadEventExecutor.java:1195)
api-gateway-1  | 2026-09-23T08:25:03.379457146Z 		at io.netty.util.internal.ThreadExecutorMap$2.run(ThreadExecutorMap.java:74)
api-gateway-1  | 2026-09-23T08:25:03.379459772Z 		at io.netty.util.concurrent.FastThreadLocalRunnable.run(FastThreadLocalRunnable.java:30)
api-gateway-1  | 2026-09-23T08:25:03.379462487Z 		at java.base/java.lang.Thread.run(Thread.java:840)
api-gateway-1  | 2026-09-23T08:25:03.379465063Z 
api-gateway-1  | 2026-09-23T08:25:03.382539896Z 2026-09-23T08:25:03.382Z  WARN 1 --- [api-gateway] [or-http-epoll-5] [                                                 ] i.m.o.c.ObservationThreadLocalAccessor   : There is no current scope in thread local. This situation should not happen
api-gateway-1  | 2026-09-23T08:25:03.383335763Z 2026-09-23T08:25:03.382Z  WARN 1 --- [api-gateway] [or-http-epoll-5] [                                                 ] i.m.o.c.ObservationThreadLocalAccessor   : Observation <{name=http.server.requests(http get /api/gateway/owners/{ownerId}), error=org.springframework.web.reactive.function.client.WebClientResponseException$ServiceUnavailable: 503 Service Unavailable from UNKNOWN , context=name='http.server.requests', contextualName='http get /api/gateway/owners/{ownerId}', error='org.springframework.web.reactive.function.client.WebClientResponseException$ServiceUnavailable: 503 Service Unavailable from UNKNOWN ', lowCardinalityKeyValues=[exception='ServiceUnavailable', method='GET', outcome='SERVER_ERROR', status='500', uri='/api/gateway/owners/{ownerId}'], highCardinalityKeyValues=[http.url='/api/gateway/owners/6'], map=[class io.micrometer.tracing.handler.TracingObservationHandler$TracingContext='TracingContext{span=6ab38cdf314be03f20d06ef0039481a2/20d06ef0039481a2}', class io.micrometer.core.instrument.LongTaskTimer$Sample='SampleImpl{duration(seconds)=-1.0E-9, duration(nanos)=-1.0, startTimeNanos=1382688661274}', class io.micrometer.core.instrument.Timer$Sample='io.micrometer.core.instrument.Timer$Sample@2fffdc8b'], parentObservation=null}> to which we're restoring is not the same as the one set as this scope's parent observation <null>. Most likely a manually created Observation has a scope opened that was never closed. This may lead to thread polluting and memory leaks.
api-gateway-1  | 2026-09-23T08:25:06.411429610Z 2026-09-23T08:25:06.410Z  WARN 1 --- [api-gateway] [or-http-epoll-6] [6ab38ce26c3d5e918a0083bedc555e5f-8a0083bedc555e5f] i.m.o.c.ObservationThreadLocalAccessor   : Observation <{name=http.server.requests(null), error=null, context=name='http.server.requests', contextualName='null', error='null', lowCardinalityKeyValues=[exception='none', method='GET', outcome='SUCCESS', status='200', uri='UNKNOWN'], highCardinalityKeyValues=[http.url='/api/gateway/owners/6'], map=[class io.micrometer.tracing.handler.TracingObservationHandler$TracingContext='TracingContext{span=6ab38ce26c3d5e918a0083bedc555e5f/8a0083bedc555e5f}', class io.micrometer.core.instrument.LongTaskTimer$Sample='SampleImpl{duration(seconds)=0.005257831, duration(nanos)=5257831.0, startTimeNanos=1385727552201}', class io.micrometer.core.instrument.Timer$Sample='io.micrometer.core.instrument.Timer$Sample@1af1fd9d'], parentObservation=null}> to which we're restoring is not the same as the one set as this scope's parent observation <null>. Most likely a manually created Observation has a scope opened that was never closed. This may lead to thread polluting and memory leaks.
api-gateway-1  | 2026-09-23T08:25:06.413774721Z 2026-09-23T08:25:06.413Z  WARN 1 --- [api-gateway] [or-http-epoll-6] [                                                 ] o.s.c.l.core.RoundRobinLoadBalancer      : No servers available for service: customers-service
api-gateway-1  | 2026-09-23T08:25:06.413980170Z 2026-09-23T08:25:06.413Z  WARN 1 --- [api-gateway] [or-http-epoll-6] [                                                 ] eactorLoadBalancerExchangeFilterFunction : LoadBalancer does not contain an instance for the service customers-service
api-gateway-1  | 2026-09-23T08:25:06.419027956Z 2026-09-23T08:25:06.416Z ERROR 1 --- [api-gateway] [or-http-epoll-6] [6ab38ce26c3d5e918a0083bedc555e5f-8a0083bedc555e5f] b.w.a.e.AbstractErrorWebExceptionHandler : [ed8bcf71-5]  500 Server Error for HTTP GET "/api/gateway/owners/6"
api-gateway-1  | 2026-09-23T08:25:06.419075348Z 
api-gateway-1  | 2026-09-23T08:25:06.419085037Z org.springframework.web.reactive.function.client.WebClientResponseException$ServiceUnavailable: 503 Service Unavailable from UNKNOWN 
api-gateway-1  | 2026-09-23T08:25:06.419092903Z 	at org.springframework.web.reactive.function.client.WebClientResponseException.create(WebClientResponseException.java:322)
api-gateway-1  | 2026-09-23T08:25:06.419099455Z 	Suppressed: The stacktrace has been enhanced by Reactor, refer to additional information below: 
api-gateway-1  | 2026-09-23T08:25:06.419105146Z Error has been observed at the following site(s):
api-gateway-1  | 2026-09-23T08:25:06.419109575Z 	*__checkpoint ⇢ 503 SERVICE_UNAVAILABLE from GET http://customers-service/owners/6 [DefaultWebClient]
api-gateway-1  | 2026-09-23T08:25:06.419114855Z 	*__checkpoint ⇢ Handler org.springframework.samples.petclinic.api.boundary.web.ApiGatewayController#getOwnerDetails(int) [DispatcherHandler]
api-gateway-1  | 2026-09-23T08:25:06.419119484Z 	*__checkpoint ⇢ org.springframework.cloud.gateway.filter.WeightCalculatorWebFilter@5d94ac8a
api-gateway-1  | 2026-09-23T08:25:06.419123893Z 	*__checkpoint ⇢ HTTP GET "/api/gateway/owners/6" [ExceptionHandlingWebHandler]
api-gateway-1  | 2026-09-23T08:25:06.419128442Z Original Stack Trace:
api-gateway-1  | 2026-09-23T08:25:06.419132690Z 		at org.springframework.web.reactive.function.client.WebClientResponseException.create(WebClientResponseException.java:322)
api-gateway-1  | 2026-09-23T08:25:06.419137289Z 		at org.springframework.web.reactive.function.client.DefaultClientResponse.lambda$createException$1(DefaultClientResponse.java:214)
api-gateway-1  | 2026-09-23T08:25:06.419141878Z 		at reactor.core.publisher.FluxMap$MapSubscriber.onNext(FluxMap.java:106)
api-gateway-1  | 2026-09-23T08:25:06.419146297Z 		at reactor.core.publisher.FluxOnErrorReturn$ReturnSubscriber.onNext(FluxOnErrorReturn.java:159)
api-gateway-1  | 2026-09-23T08:25:06.419150685Z 		at reactor.core.publisher.FluxDefaultIfEmpty$DefaultIfEmptySubscriber.onNext(FluxDefaultIfEmpty.java:123)
api-gateway-1  | 2026-09-23T08:25:06.419155074Z 		at reactor.core.publisher.FluxMapFuseable$MapFuseableSubscriber.onNext(FluxMapFuseable.java:130)
api-gateway-1  | 2026-09-23T08:25:06.419159453Z 		at reactor.core.publisher.FluxContextWrite$ContextWriteSubscriber.onNext(FluxContextWrite.java:109)
api-gateway-1  | 2026-09-23T08:25:06.419163841Z 		at reactor.core.publisher.FluxMapFuseable$MapFuseableConditionalSubscriber.onNext(FluxMapFuseable.java:300)
api-gateway-1  | 2026-09-23T08:25:06.419169853Z 		at reactor.core.publisher.FluxFilterFuseable$FilterFuseableConditionalSubscriber.onNext(FluxFilterFuseable.java:338)
api-gateway-1  | 2026-09-23T08:25:06.419196244Z 		at reactor.core.publisher.Operators$BaseFluxToMonoOperator.completePossiblyEmpty(Operators.java:2093)
api-gateway-1  | 2026-09-23T08:25:06.419200994Z 		at reactor.core.publisher.MonoCollect$CollectSubscriber.onComplete(MonoCollect.java:144)
api-gateway-1  | 2026-09-23T08:25:06.419205382Z 		at reactor.core.publisher.FluxMapFuseable$MapFuseableSubscriber.onComplete(FluxMapFuseable.java:153)
api-gateway-1  | 2026-09-23T08:25:06.419209761Z 		at reactor.core.publisher.Operators$ScalarSubscription.request(Operators.java:2567)
api-gateway-1  | 2026-09-23T08:25:06.419214119Z 		at reactor.core.publisher.FluxMapFuseable$MapFuseableSubscriber.request(FluxMapFuseable.java:172)
api-gateway-1  | 2026-09-23T08:25:06.419218498Z 		at reactor.core.publisher.Operators$BaseFluxToMonoOperator.request(Operators.java:2063)
api-gateway-1  | 2026-09-23T08:25:06.419222866Z 		at reactor.core.publisher.FluxFilterFuseable$FilterFuseableConditionalSubscriber.request(FluxFilterFuseable.java:411)
api-gateway-1  | 2026-09-23T08:25:06.419227285Z 		at reactor.core.publisher.FluxMapFuseable$MapFuseableConditionalSubscriber.request(FluxMapFuseable.java:361)
api-gateway-1  | 2026-09-23T08:25:06.419231684Z 		at reactor.core.publisher.FluxContextWrite$ContextWriteSubscriber.request(FluxContextWrite.java:138)
api-gateway-1  | 2026-09-23T08:25:06.419236052Z 		at reactor.core.publisher.FluxMapFuseable$MapFuseableSubscriber.request(FluxMapFuseable.java:172)
api-gateway-1  | 2026-09-23T08:25:06.419240441Z 		at reactor.core.publisher.FluxDefaultIfEmpty$DefaultIfEmptySubscriber.request(FluxDefaultIfEmpty.java:99)
api-gateway-1  | 2026-09-23T08:25:06.419244849Z 		at reactor.core.publisher.FluxOnErrorReturn$ReturnSubscriber.request(FluxOnErrorReturn.java:150)
api-gateway-1  | 2026-09-23T08:25:06.419249258Z 		at reactor.core.publisher.FluxMap$MapSubscriber.request(FluxMap.java:163)
api-gateway-1  | 2026-09-23T08:25:06.419253616Z 		at reactor.core.publisher.MonoFlatMap$FlatMapMain.request(MonoFlatMap.java:195)
api-gateway-1  | 2026-09-23T08:25:06.419258005Z 		at reactor.core.publisher.Operators$MultiSubscriptionSubscriber.set(Operators.java:2361)
api-gateway-1  | 2026-09-23T08:25:06.419262384Z 		at reactor.core.publisher.FluxOnErrorResume$ResumeSubscriber.onSubscribe(FluxOnErrorResume.java:75)
api-gateway-1  | 2026-09-23T08:25:06.419266772Z 		at reactor.core.publisher.MonoFlatMap$FlatMapMain.onSubscribe(MonoFlatMap.java:118)
api-gateway-1  | 2026-09-23T08:25:06.419271141Z 		at reactor.core.publisher.FluxMap$MapSubscriber.onSubscribe(FluxMap.java:92)
api-gateway-1  | 2026-09-23T08:25:06.419275549Z 		at reactor.core.publisher.FluxOnErrorReturn$ReturnSubscriber.onSubscribe(FluxOnErrorReturn.java:92)
api-gateway-1  | 2026-09-23T08:25:06.419279978Z 		at reactor.core.publisher.Operators$BaseFluxToMonoOperator.onSubscribe(Operators.java:2047)
api-gateway-1  | 2026-09-23T08:25:06.419284387Z 		at reactor.core.publisher.FluxMapFuseable$MapFuseableSubscriber.onSubscribe(FluxMapFuseable.java:96)
api-gateway-1  | 2026-09-23T08:25:06.419289176Z 		at reactor.core.publisher.FluxContextWrite$ContextWriteSubscriber.onSubscribe(FluxContextWrite.java:103)
api-gateway-1  | 2026-09-23T08:25:06.419293595Z 		at reactor.core.publisher.FluxMapFuseable$MapFuseableConditionalSubscriber.onSubscribe(FluxMapFuseable.java:265)
api-gateway-1  | 2026-09-23T08:25:06.419307071Z 		at reactor.core.publisher.FluxFilterFuseable$FilterFuseableConditionalSubscriber.onSubscribe(FluxFilterFuseable.java:305)
api-gateway-1  | 2026-09-23T08:25:06.419311730Z 		at reactor.core.publisher.Operators$BaseFluxToMonoOperator.onSubscribe(Operators.java:2047)
api-gateway-1  | 2026-09-23T08:25:06.419316139Z 		at reactor.core.publisher.FluxMapFuseable$MapFuseableSubscriber.onSubscribe(FluxMapFuseable.java:96)
api-gateway-1  | 2026-09-23T08:25:06.419320527Z 		at reactor.core.publisher.FluxJust.subscribe(FluxJust.java:69)
api-gateway-1  | 2026-09-23T08:25:06.419324816Z 		at reactor.core.publisher.InternalMonoOperator.subscribe(InternalMonoOperator.java:75)
api-gateway-1  | 2026-09-23T08:25:06.419329174Z 		at reactor.core.publisher.MonoFlatMap$FlatMapMain.onNext(MonoFlatMap.java:166)
api-gateway-1  | 2026-09-23T08:25:06.419333563Z 		at reactor.core.publisher.MonoContextWriteRestoringThreadLocals$ContextWriteRestoringThreadLocalsSubscriber.onNext(MonoContextWriteRestoringThreadLocals.java:111)
api-gateway-1  | 2026-09-23T08:25:06.419338132Z 		at reactor.core.publisher.FluxDoFinally$DoFinallySubscriber.onNext(FluxDoFinally.java:113)
api-gateway-1  | 2026-09-23T08:25:06.419342520Z 		at reactor.core.publisher.MonoPeekTerminal$MonoTerminalPeekSubscriber.onNext(MonoPeekTerminal.java:184)
api-gateway-1  | 2026-09-23T08:25:06.419346959Z 		at reactor.core.publisher.FluxPeekFuseable$PeekConditionalSubscriber.onNext(FluxPeekFuseable.java:850)
api-gateway-1  | 2026-09-23T08:25:06.419351367Z 		at reactor.core.publisher.FluxSwitchIfEmpty$SwitchIfEmptySubscriber.onNext(FluxSwitchIfEmpty.java:75)
api-gateway-1  | 2026-09-23T08:25:06.419355796Z 		at reactor.core.publisher.MonoFlatMap$FlatMapMain.onNext(MonoFlatMap.java:159)
api-gateway-1  | 2026-09-23T08:25:06.419360135Z 		at reactor.core.publisher.FluxMap$MapSubscriber.onNext(FluxMap.java:122)
api-gateway-1  | 2026-09-23T08:25:06.419364473Z 		at reactor.core.publisher.MonoNext$NextSubscriber.onNext(MonoNext.java:83)
api-gateway-1  | 2026-09-23T08:25:06.419369363Z 		at reactor.core.publisher.FluxDematerialize$DematerializeSubscriber.onNext(FluxDematerialize.java:102)
api-gateway-1  | 2026-09-23T08:25:06.419373821Z 		at reactor.core.publisher.FluxDematerialize$DematerializeSubscriber.onNext(FluxDematerialize.java:44)
api-gateway-1  | 2026-09-23T08:25:06.419378250Z 		at reactor.core.publisher.FluxFlattenIterable$FlattenIterableSubscriber.drainAsync(FluxFlattenIterable.java:455)
api-gateway-1  | 2026-09-23T08:25:06.419382699Z 		at reactor.core.publisher.FluxFlattenIterable$FlattenIterableSubscriber.drain(FluxFlattenIterable.java:726)
api-gateway-1  | 2026-09-23T08:25:06.419387528Z 		at reactor.core.publisher.FluxFlattenIterable$FlattenIterableSubscriber.onNext(FluxFlattenIterable.java:258)
api-gateway-1  | 2026-09-23T08:25:06.419392017Z 		at reactor.core.publisher.FluxSwitchIfEmpty$SwitchIfEmptySubscriber.onNext(FluxSwitchIfEmpty.java:75)
api-gateway-1  | 2026-09-23T08:25:06.419396425Z 		at reactor.core.publisher.MonoFlatMap$FlatMapMain.secondComplete(MonoFlatMap.java:246)
api-gateway-1  | 2026-09-23T08:25:06.419400774Z 		at reactor.core.publisher.MonoFlatMap$FlatMapInner.onNext(MonoFlatMap.java:307)
api-gateway-1  | 2026-09-23T08:25:06.419405102Z 		at reactor.core.publisher.MonoIgnoreThen$ThenIgnoreMain.complete(MonoIgnoreThen.java:297)
api-gateway-1  | 2026-09-23T08:25:06.419417286Z 		at reactor.core.publisher.MonoIgnoreThen$ThenIgnoreMain.onNext(MonoIgnoreThen.java:191)
api-gateway-1  | 2026-09-23T08:25:06.419421755Z 		at reactor.core.publisher.MonoIgnoreThen$ThenIgnoreMain.subscribeNext(MonoIgnoreThen.java:240)
api-gateway-1  | 2026-09-23T08:25:06.419426093Z 		at reactor.core.publisher.MonoIgnoreThen$ThenIgnoreMain.onComplete(MonoIgnoreThen.java:207)
api-gateway-1  | 2026-09-23T08:25:06.419430432Z 		at reactor.core.publisher.MonoIgnoreElements$IgnoreElementsSubscriber.onComplete(MonoIgnoreElements.java:89)
api-gateway-1  | 2026-09-23T08:25:06.419434830Z 		at reactor.core.publisher.FluxPeek$PeekSubscriber.onComplete(FluxPeek.java:263)
api-gateway-1  | 2026-09-23T08:25:06.419439199Z 		at reactor.core.publisher.FluxDematerialize$DematerializeSubscriber.onComplete(FluxDematerialize.java:125)
api-gateway-1  | 2026-09-23T08:25:06.419443598Z 		at reactor.core.publisher.FluxDematerialize$DematerializeSubscriber.onNext(FluxDematerialize.java:91)
api-gateway-1  | 2026-09-23T08:25:06.419447946Z 		at reactor.core.publisher.FluxDematerialize$DematerializeSubscriber.onNext(FluxDematerialize.java:44)
api-gateway-1  | 2026-09-23T08:25:06.419452335Z 		at reactor.core.publisher.FluxIterable$IterableSubscription.fastPath(FluxIterable.java:402)
api-gateway-1  | 2026-09-23T08:25:06.419456713Z 		at reactor.core.publisher.FluxIterable$IterableSubscription.request(FluxIterable.java:291)
api-gateway-1  | 2026-09-23T08:25:06.419461052Z 		at reactor.core.publisher.FluxDematerialize$DematerializeSubscriber.request(FluxDematerialize.java:131)
api-gateway-1  | 2026-09-23T08:25:06.419465420Z 		at reactor.core.publisher.FluxPeek$PeekSubscriber.request(FluxPeek.java:141)
api-gateway-1  | 2026-09-23T08:25:06.419469749Z 		at reactor.core.publisher.MonoIgnoreElements$IgnoreElementsSubscriber.onSubscribe(MonoIgnoreElements.java:72)
api-gateway-1  | 2026-09-23T08:25:06.419474137Z 		at reactor.core.publisher.FluxPeek$PeekSubscriber.onSubscribe(FluxPeek.java:174)
api-gateway-1  | 2026-09-23T08:25:06.419478456Z 		at reactor.core.publisher.FluxDematerialize$DematerializeSubscriber.onSubscribe(FluxDematerialize.java:77)
api-gateway-1  | 2026-09-23T08:25:06.419482834Z 		at reactor.core.publisher.FluxIterable.subscribe(FluxIterable.java:200)
api-gateway-1  | 2026-09-23T08:25:06.419487463Z 		at reactor.core.publisher.FluxIterable.subscribe(FluxIterable.java:82)
api-gateway-1  | 2026-09-23T08:25:06.419491842Z 		at reactor.core.publisher.Mono.subscribe(Mono.java:4569)
api-gateway-1  | 2026-09-23T08:25:06.419496150Z 		at reactor.core.publisher.MonoIgnoreThen$ThenIgnoreMain.subscribeNext(MonoIgnoreThen.java:268)
api-gateway-1  | 2026-09-23T08:25:06.419500529Z 		at reactor.core.publisher.MonoIgnoreThen.subscribe(MonoIgnoreThen.java:51)
api-gateway-1  | 2026-09-23T08:25:06.419504867Z 		at reactor.core.publisher.MonoFlatMap$FlatMapMain.onNext(MonoFlatMap.java:166)
api-gateway-1  | 2026-09-23T08:25:06.419509166Z 		at reactor.core.publisher.Operators$BaseFluxToMonoOperator.completePossiblyEmpty(Operators.java:2093)
api-gateway-1  | 2026-09-23T08:25:06.419513534Z 		at reactor.core.publisher.MonoCollectList$MonoCollectListSubscriber.onComplete(MonoCollectList.java:117)
api-gateway-1  | 2026-09-23T08:25:06.419517923Z 		at reactor.core.publisher.DrainUtils.postCompleteDrain(DrainUtils.java:132)
api-gateway-1  | 2026-09-23T08:25:06.419530117Z 		at reactor.core.publisher.DrainUtils.postComplete(DrainUtils.java:187)
api-gateway-1  | 2026-09-23T08:25:06.419534555Z 		at reactor.core.publisher.FluxMaterialize$MaterializeSubscriber.onComplete(FluxMaterialize.java:141)
api-gateway-1  | 2026-09-23T08:25:06.419538924Z 		at reactor.core.publisher.FluxLimitRequest$FluxLimitRequestSubscriber.onNext(FluxLimitRequest.java:104)
api-gateway-1  | 2026-09-23T08:25:06.419543312Z 		at reactor.core.publisher.FluxOnErrorResume$ResumeSubscriber.onNext(FluxOnErrorResume.java:80)
api-gateway-1  | 2026-09-23T08:25:06.419547681Z 		at reactor.core.publisher.SerializedSubscriber.onNext(SerializedSubscriber.java:100)
api-gateway-1  | 2026-09-23T08:25:06.419552059Z 		at reactor.core.publisher.FluxTimeout$TimeoutMainSubscriber.onNext(FluxTimeout.java:182)
api-gateway-1  | 2026-09-23T08:25:06.419556438Z 		at reactor.core.publisher.Operators$BaseFluxToMonoOperator.completePossiblyEmpty(Operators.java:2093)
api-gateway-1  | 2026-09-23T08:25:06.419560837Z 		at reactor.core.publisher.MonoCollectList$MonoCollectListSubscriber.onComplete(MonoCollectList.java:117)
api-gateway-1  | 2026-09-23T08:25:06.419565245Z 		at reactor.core.publisher.FluxContextWriteRestoringThreadLocals$ContextWriteRestoringThreadLocalsSubscriber.onComplete(FluxContextWriteRestoringThreadLocals.java:150)
api-gateway-1  | 2026-09-23T08:25:06.419569834Z 		at org.springframework.cloud.commons.publisher.FluxFirstNonEmptyEmitting$FirstNonEmptyEmittingSubscriber.onComplete(FluxFirstNonEmptyEmitting.java:325)
api-gateway-1  | 2026-09-23T08:25:06.419574343Z 		at reactor.core.publisher.Operators.complete(Operators.java:137)
api-gateway-1  | 2026-09-23T08:25:06.419578671Z 		at reactor.core.publisher.FluxIterable.subscribe(FluxIterable.java:143)
api-gateway-1  | 2026-09-23T08:25:06.419583000Z 		at reactor.core.publisher.FluxIterable.subscribe(FluxIterable.java:82)
api-gateway-1  | 2026-09-23T08:25:06.419587388Z 		at reactor.core.publisher.Flux.subscribe(Flux.java:8888)
api-gateway-1  | 2026-09-23T08:25:06.419591927Z 		at org.springframework.cloud.commons.publisher.FluxFirstNonEmptyEmitting$RaceCoordinator.subscribe(FluxFirstNonEmptyEmitting.java:203)
api-gateway-1  | 2026-09-23T08:25:06.419596436Z 		at org.springframework.cloud.commons.publisher.FluxFirstNonEmptyEmitting.subscribe(FluxFirstNonEmptyEmitting.java:128)
api-gateway-1  | 2026-09-23T08:25:06.419600855Z 		at reactor.core.publisher.InternalFluxOperator.subscribe(InternalFluxOperator.java:67)
api-gateway-1  | 2026-09-23T08:25:06.419605193Z 		at reactor.core.publisher.FluxDefer.subscribe(FluxDefer.java:55)
api-gateway-1  | 2026-09-23T08:25:06.419609502Z 		at reactor.core.publisher.InternalFluxOperator.subscribe(InternalFluxOperator.java:67)
api-gateway-1  | 2026-09-23T08:25:06.419613830Z 		at reactor.core.publisher.FluxDefer.subscribe(FluxDefer.java:55)
api-gateway-1  | 2026-09-23T08:25:06.419618169Z 		at reactor.core.publisher.Mono.subscribe(Mono.java:4569)
api-gateway-1  | 2026-09-23T08:25:06.419622457Z 		at reactor.core.publisher.FluxSwitchIfEmpty$SwitchIfEmptySubscriber.onComplete(FluxSwitchIfEmpty.java:83)
api-gateway-1  | 2026-09-23T08:25:06.419626836Z 		at reactor.core.publisher.Operators.complete(Operators.java:137)
api-gateway-1  | 2026-09-23T08:25:06.419638729Z 		at reactor.core.publisher.MonoEmpty.subscribe(MonoEmpty.java:46)
api-gateway-1  | 2026-09-23T08:25:06.419643147Z 		at reactor.core.publisher.InternalFluxOperator.subscribe(InternalFluxOperator.java:67)
api-gateway-1  | 2026-09-23T08:25:06.419647466Z 		at reactor.core.publisher.FluxDefer.subscribe(FluxDefer.java:55)
api-gateway-1  | 2026-09-23T08:25:06.419651774Z 		at reactor.core.publisher.InternalMonoOperator.subscribe(InternalMonoOperator.java:75)
api-gateway-1  | 2026-09-23T08:25:06.419656153Z 		at reactor.core.publisher.MonoDefer.subscribe(MonoDefer.java:54)
api-gateway-1  | 2026-09-23T08:25:06.419704668Z 		at reactor.core.publisher.InternalMonoOperator.subscribe(InternalMonoOperator.java:75)
api-gateway-1  | 2026-09-23T08:25:06.419709367Z 		at reactor.core.publisher.MonoContextWriteRestoringThreadLocals.subscribe(MonoContextWriteRestoringThreadLocals.java:44)
api-gateway-1  | 2026-09-23T08:25:06.419712353Z 		at reactor.core.publisher.MonoDeferContextual.subscribe(MonoDeferContextual.java:56)
api-gateway-1  | 2026-09-23T08:25:06.419715248Z 		at reactor.core.publisher.FluxFromMonoOperator.subscribe(FluxFromMonoOperator.java:83)
api-gateway-1  | 2026-09-23T08:25:06.419718284Z 		at reactor.core.publisher.FluxDeferContextual.subscribe(FluxDeferContextual.java:58)
api-gateway-1  | 2026-09-23T08:25:06.419721170Z 		at reactor.core.publisher.InternalMonoOperator.subscribe(InternalMonoOperator.java:75)
api-gateway-1  | 2026-09-23T08:25:06.419724086Z 		at reactor.core.publisher.MonoFlatMap$FlatMapMain.onNext(MonoFlatMap.java:166)
api-gateway-1  | 2026-09-23T08:25:06.419726981Z 		at reactor.core.publisher.FluxOnErrorResume$ResumeSubscriber.onNext(FluxOnErrorResume.java:80)
api-gateway-1  | 2026-09-23T08:25:06.419729897Z 		at reactor.core.publisher.FluxOnErrorResume$ResumeSubscriber.onNext(FluxOnErrorResume.java:80)
api-gateway-1  | 2026-09-23T08:25:06.419732803Z 		at reactor.core.publisher.FluxPeek$PeekSubscriber.onNext(FluxPeek.java:203)
api-gateway-1  | 2026-09-23T08:25:06.419736189Z 		at reactor.core.publisher.MonoIgnoreThen$ThenIgnoreMain.complete(MonoIgnoreThen.java:297)
api-gateway-1  | 2026-09-23T08:25:06.419739145Z 		at reactor.core.publisher.MonoIgnoreThen$ThenIgnoreMain.onNext(MonoIgnoreThen.java:191)
api-gateway-1  | 2026-09-23T08:25:06.419742041Z 		at reactor.core.publisher.MonoFlatMap$FlatMapMain.onNext(MonoFlatMap.java:159)
api-gateway-1  | 2026-09-23T08:25:06.419744936Z 		at reactor.core.publisher.MonoZip$ZipCoordinator.signal(MonoZip.java:296)
api-gateway-1  | 2026-09-23T08:25:06.419747812Z 		at reactor.core.publisher.MonoZip$ZipInner.onNext(MonoZip.java:480)
api-gateway-1  | 2026-09-23T08:25:06.419750698Z 		at reactor.core.publisher.MonoPeekTerminal$MonoTerminalPeekSubscriber.onNext(MonoPeekTerminal.java:184)
api-gateway-1  | 2026-09-23T08:25:06.419753623Z 		at reactor.core.publisher.FluxDefaultIfEmpty$DefaultIfEmptySubscriber.onNext(FluxDefaultIfEmpty.java:123)
api-gateway-1  | 2026-09-23T08:25:06.419756559Z 		at reactor.core.publisher.FluxSwitchIfEmpty$SwitchIfEmptySubscriber.onNext(FluxSwitchIfEmpty.java:75)
api-gateway-1  | 2026-09-23T08:25:06.419759655Z 		at reactor.core.publisher.Operators$ScalarSubscription.request(Operators.java:2565)
api-gateway-1  | 2026-09-23T08:25:06.419762641Z 		at reactor.core.publisher.Operators$MultiSubscriptionSubscriber.set(Operators.java:2361)
api-gateway-1  | 2026-09-23T08:25:06.419772280Z 		at reactor.core.publisher.Operators$MultiSubscriptionSubscriber.onSubscribe(Operators.java:2235)
api-gateway-1  | 2026-09-23T08:25:06.419775366Z 		at reactor.core.publisher.FluxFlatMap.trySubscribeScalarMap(FluxFlatMap.java:193)
api-gateway-1  | 2026-09-23T08:25:06.419778291Z 		at reactor.core.publisher.MonoFlatMap.subscribeOrReturn(MonoFlatMap.java:53)
api-gateway-1  | 2026-09-23T08:25:06.419781207Z 		at reactor.core.publisher.InternalMonoOperator.subscribe(InternalMonoOperator.java:62)
api-gateway-1  | 2026-09-23T08:25:06.419784303Z 		at reactor.core.publisher.MonoZip$ZipCoordinator.request(MonoZip.java:219)
api-gateway-1  | 2026-09-23T08:25:06.419787179Z 		at reactor.core.publisher.MonoFlatMap$FlatMapMain.request(MonoFlatMap.java:195)
api-gateway-1  | 2026-09-23T08:25:06.419790074Z 		at reactor.core.publisher.MonoIgnoreThen$ThenIgnoreMain.onSubscribe(MonoIgnoreThen.java:135)
api-gateway-1  | 2026-09-23T08:25:06.419792980Z 		at reactor.core.publisher.MonoFlatMap$FlatMapMain.onSubscribe(MonoFlatMap.java:118)
api-gateway-1  | 2026-09-23T08:25:06.419795896Z 		at reactor.core.publisher.MonoZip.subscribe(MonoZip.java:129)
api-gateway-1  | 2026-09-23T08:25:06.419798771Z 		at reactor.core.publisher.InternalMonoOperator.subscribe(InternalMonoOperator.java:75)
api-gateway-1  | 2026-09-23T08:25:06.419830471Z 		at reactor.core.publisher.MonoDefer.subscribe(MonoDefer.java:54)
api-gateway-1  | 2026-09-23T08:25:06.419839218Z 		at reactor.core.publisher.MonoIgnoreThen$ThenIgnoreMain.subscribeNext(MonoIgnoreThen.java:244)
api-gateway-1  | 2026-09-23T08:25:06.419845250Z 		at reactor.core.publisher.MonoIgnoreThen$ThenIgnoreMain.onComplete(MonoIgnoreThen.java:207)
api-gateway-1  | 2026-09-23T08:25:06.419852193Z 		at reactor.core.publisher.MonoFlatMap$FlatMapMain.onComplete(MonoFlatMap.java:190)
api-gateway-1  | 2026-09-23T08:25:06.419856742Z 		at reactor.core.publisher.Operators.complete(Operators.java:137)
api-gateway-1  | 2026-09-23T08:25:06.419860099Z 		at reactor.core.publisher.MonoZip.subscribe(MonoZip.java:121)
api-gateway-1  | 2026-09-23T08:25:06.419863135Z 		at reactor.core.publisher.Mono.subscribe(Mono.java:4569)
api-gateway-1  | 2026-09-23T08:25:06.419866030Z 		at reactor.core.publisher.MonoIgnoreThen$ThenIgnoreMain.subscribeNext(MonoIgnoreThen.java:268)
api-gateway-1  | 2026-09-23T08:25:06.419869016Z 		at reactor.core.publisher.MonoIgnoreThen.subscribe(MonoIgnoreThen.java:51)
api-gateway-1  | 2026-09-23T08:25:06.419871892Z 		at reactor.core.publisher.InternalMonoOperator.subscribe(InternalMonoOperator.java:75)
api-gateway-1  | 2026-09-23T08:25:06.419874807Z 		at reactor.core.publisher.MonoFlatMap$FlatMapMain.onNext(MonoFlatMap.java:166)
api-gateway-1  | 2026-09-23T08:25:06.419877693Z 		at reactor.core.publisher.FluxOnErrorResume$ResumeSubscriber.onNext(FluxOnErrorResume.java:80)
api-gateway-1  | 2026-09-23T08:25:06.419880589Z 		at reactor.core.publisher.FluxSwitchIfEmpty$SwitchIfEmptySubscriber.onNext(FluxSwitchIfEmpty.java:75)
api-gateway-1  | 2026-09-23T08:25:06.419883494Z 		at reactor.core.publisher.MonoNext$NextSubscriber.onNext(MonoNext.java:83)
api-gateway-1  | 2026-09-23T08:25:06.419886410Z 		at reactor.core.publisher.FluxConcatMapNoPrefetch$FluxConcatMapNoPrefetchSubscriber.innerNext(FluxConcatMapNoPrefetch.java:259)
api-gateway-1  | 2026-09-23T08:25:06.419899275Z 		at reactor.core.publisher.FluxConcatMap$ConcatMapInner.onNext(FluxConcatMap.java:870)
api-gateway-1  | 2026-09-23T08:25:06.419902832Z 		at reactor.core.publisher.FluxMapFuseable$MapFuseableSubscriber.onNext(FluxMapFuseable.java:130)
api-gateway-1  | 2026-09-23T08:25:06.419905918Z 		at reactor.core.publisher.MonoPeekTerminal$MonoTerminalPeekSubscriber.onNext(MonoPeekTerminal.java:184)
api-gateway-1  | 2026-09-23T08:25:06.419908874Z 		at reactor.core.publisher.Operators$ScalarSubscription.request(Operators.java:2565)
api-gateway-1  | 2026-09-23T08:25:06.419911810Z 		at reactor.core.publisher.MonoPeekTerminal$MonoTerminalPeekSubscriber.request(MonoPeekTerminal.java:142)
api-gateway-1  | 2026-09-23T08:25:06.419914745Z 		at reactor.core.publisher.FluxMapFuseable$MapFuseableSubscriber.request(FluxMapFuseable.java:172)
api-gateway-1  | 2026-09-23T08:25:06.419917681Z 		at reactor.core.publisher.Operators$MultiSubscriptionSubscriber.request(Operators.java:2325)
api-gateway-1  | 2026-09-23T08:25:06.419920587Z 		at reactor.core.publisher.FluxConcatMapNoPrefetch$FluxConcatMapNoPrefetchSubscriber.request(FluxConcatMapNoPrefetch.java:339)
api-gateway-1  | 2026-09-23T08:25:06.419923543Z 		at reactor.core.publisher.MonoNext$NextSubscriber.request(MonoNext.java:109)
api-gateway-1  | 2026-09-23T08:25:06.419926448Z 		at reactor.core.publisher.Operators$MultiSubscriptionSubscriber.set(Operators.java:2361)
api-gateway-1  | 2026-09-23T08:25:06.419929364Z 		at reactor.core.publisher.Operators$MultiSubscriptionSubscriber.onSubscribe(Operators.java:2235)
api-gateway-1  | 2026-09-23T08:25:06.419932660Z 		at reactor.core.publisher.MonoNext$NextSubscriber.onSubscribe(MonoNext.java:71)
api-gateway-1  | 2026-09-23T08:25:06.419935656Z 		at reactor.core.publisher.FluxConcatMapNoPrefetch$FluxConcatMapNoPrefetchSubscriber.onSubscribe(FluxConcatMapNoPrefetch.java:164)
api-gateway-1  | 2026-09-23T08:25:06.419938752Z 		at reactor.core.publisher.FluxIterable.subscribe(FluxIterable.java:200)
api-gateway-1  | 2026-09-23T08:25:06.419941628Z 		at reactor.core.publisher.FluxIterable.subscribe(FluxIterable.java:82)
api-gateway-1  | 2026-09-23T08:25:06.419944584Z 		at reactor.core.publisher.InternalMonoOperator.subscribe(InternalMonoOperator.java:75)
api-gateway-1  | 2026-09-23T08:25:06.419947519Z 		at reactor.core.publisher.MonoDefer.subscribe(MonoDefer.java:54)
api-gateway-1  | 2026-09-23T08:25:06.419950415Z 		at reactor.core.publisher.InternalMonoOperator.subscribe(InternalMonoOperator.java:75)
api-gateway-1  | 2026-09-23T08:25:06.419953331Z 		at reactor.core.publisher.MonoDefer.subscribe(MonoDefer.java:54)
api-gateway-1  | 2026-09-23T08:25:06.419956227Z 		at reactor.core.publisher.InternalMonoOperator.subscribe(InternalMonoOperator.java:75)
api-gateway-1  | 2026-09-23T08:25:06.419959162Z 		at reactor.core.publisher.MonoTapRestoringThreadLocals.subscribe(MonoTapRestoringThreadLocals.java:78)
api-gateway-1  | 2026-09-23T08:25:06.419962088Z 		at reactor.core.publisher.Mono.subscribe(Mono.java:4569)
api-gateway-1  | 2026-09-23T08:25:06.419964984Z 		at reactor.core.publisher.MonoIgnoreThen$ThenIgnoreMain.subscribeNext(MonoIgnoreThen.java:268)
api-gateway-1  | 2026-09-23T08:25:06.419973540Z 		at reactor.core.publisher.MonoIgnoreThen.subscribe(MonoIgnoreThen.java:51)
api-gateway-1  | 2026-09-23T08:25:06.419976666Z 		at reactor.core.publisher.InternalMonoOperator.subscribe(InternalMonoOperator.java:75)
api-gateway-1  | 2026-09-23T08:25:06.419979582Z 		at reactor.core.publisher.MonoDeferContextual.subscribe(MonoDeferContextual.java:56)
api-gateway-1  | 2026-09-23T08:25:06.419982478Z 		at reactor.netty.http.server.HttpServer$HttpServerHandle.onStateChange(HttpServer.java:1344)
api-gateway-1  | 2026-09-23T08:25:06.419985393Z 		at reactor.netty.ReactorNetty$CompositeConnectionObserver.onStateChange(ReactorNetty.java:730)
api-gateway-1  | 2026-09-23T08:25:06.419988309Z 		at reactor.netty.transport.ServerTransport$ChildObserver.onStateChange(ServerTransport.java:489)
api-gateway-1  | 2026-09-23T08:25:06.419991225Z 		at reactor.netty.http.server.HttpServerOperations.handleDefaultHttpRequest(HttpServerOperations.java:863)
api-gateway-1  | 2026-09-23T08:25:06.419994141Z 		at reactor.netty.http.server.HttpServerOperations.onInboundNext(HttpServerOperations.java:789)
api-gateway-1  | 2026-09-23T08:25:06.419997046Z 		at reactor.netty.channel.ChannelOperationsHandler.channelRead(ChannelOperationsHandler.java:115)
api-gateway-1  | 2026-09-23T08:25:06.419999962Z 		at io.netty.channel.AbstractChannelHandlerContext.fireChannelRead(AbstractChannelHandlerContext.java:356)
api-gateway-1  | 2026-09-23T08:25:06.420003268Z 		at reactor.netty.http.server.HttpTrafficHandler.channelRead(HttpTrafficHandler.java:283)
api-gateway-1  | 2026-09-23T08:25:06.420006194Z 		at io.netty.channel.AbstractChannelHandlerContext.fireChannelRead(AbstractChannelHandlerContext.java:354)
api-gateway-1  | 2026-09-23T08:25:06.420009120Z 		at io.netty.channel.CombinedChannelDuplexHandler$DelegatingChannelHandlerContext.fireChannelRead(CombinedChannelDuplexHandler.java:434)
api-gateway-1  | 2026-09-23T08:25:06.420012096Z 		at io.netty.handler.codec.ByteToMessageDecoder.fireChannelRead(ByteToMessageDecoder.java:361)
api-gateway-1  | 2026-09-23T08:25:06.420015001Z 		at io.netty.handler.codec.ByteToMessageDecoder.channelRead(ByteToMessageDecoder.java:325)
api-gateway-1  | 2026-09-23T08:25:06.420019670Z 		at io.netty.channel.CombinedChannelDuplexHandler.channelRead(CombinedChannelDuplexHandler.java:249)
api-gateway-1  | 2026-09-23T08:25:06.420022646Z 		at io.netty.channel.AbstractChannelHandlerContext.fireChannelRead(AbstractChannelHandlerContext.java:354)
api-gateway-1  | 2026-09-23T08:25:06.420025542Z 		at io.netty.channel.DefaultChannelPipeline$HeadContext.channelRead(DefaultChannelPipeline.java:1429)
api-gateway-1  | 2026-09-23T08:25:06.420028478Z 		at io.netty.channel.DefaultChannelPipeline.fireChannelRead(DefaultChannelPipeline.java:918)
api-gateway-1  | 2026-09-23T08:25:06.420031443Z 		at io.netty.channel.epoll.AbstractEpollStreamChannel$EpollStreamUnsafe.epollInReady(AbstractEpollStreamChannel.java:804)
api-gateway-1  | 2026-09-23T08:25:06.420034389Z 		at io.netty.channel.epoll.AbstractEpollChannel$AbstractEpollUnsafe.handle(AbstractEpollChannel.java:482)
api-gateway-1  | 2026-09-23T08:25:06.420037315Z 		at io.netty.channel.epoll.EpollIoHandler$DefaultEpollIoRegistration.handle(EpollIoHandler.java:317)
api-gateway-1  | 2026-09-23T08:25:06.420040902Z 		at io.netty.channel.epoll.EpollIoHandler.processReady(EpollIoHandler.java:515)
api-gateway-1  | 2026-09-23T08:25:06.420061172Z 		at io.netty.channel.epoll.EpollIoHandler.run(EpollIoHandler.java:460)
api-gateway-1  | 2026-09-23T08:25:06.420065350Z 		at io.netty.channel.SingleThreadIoEventLoop.runIo(SingleThreadIoEventLoop.java:225)
api-gateway-1  | 2026-09-23T08:25:06.420068887Z 		at io.netty.channel.SingleThreadIoEventLoop.run(SingleThreadIoEventLoop.java:196)
api-gateway-1  | 2026-09-23T08:25:06.420071802Z 		at io.netty.util.concurrent.SingleThreadEventExecutor$5.run(SingleThreadEventExecutor.java:1195)
api-gateway-1  | 2026-09-23T08:25:06.420074728Z 		at io.netty.util.internal.ThreadExecutorMap$2.run(ThreadExecutorMap.java:74)
api-gateway-1  | 2026-09-23T08:25:06.420077574Z 		at io.netty.util.concurrent.FastThreadLocalRunnable.run(FastThreadLocalRunnable.java:30)
api-gateway-1  | 2026-09-23T08:25:06.420092713Z 		at java.base/java.lang.Thread.run(Thread.java:840)
api-gateway-1  | 2026-09-23T08:25:06.420096030Z 
api-gateway-1  | 2026-09-23T08:25:06.424152604Z 2026-09-23T08:25:06.423Z  WARN 1 --- [api-gateway] [or-http-epoll-6] [                                                 ] i.m.o.c.ObservationThreadLocalAccessor   : There is no current scope in thread local. This situation should not happen
api-gateway-1  | 2026-09-23T08:25:06.425005463Z 2026-09-23T08:25:06.424Z  WARN 1 --- [api-gateway] [or-http-epoll-6] [                                                 ] i.m.o.c.ObservationThreadLocalAccessor   : Observation <{name=http.server.requests(http get /api/gateway/owners/{ownerId}), error=org.springframework.web.reactive.function.client.WebClientResponseException$ServiceUnavailable: 503 Service Unavailable from UNKNOWN , context=name='http.server.requests', contextualName='http get /api/gateway/owners/{ownerId}', error='org.springframework.web.reactive.function.client.WebClientResponseException$ServiceUnavailable: 503 Service Unavailable from UNKNOWN ', lowCardinalityKeyValues=[exception='ServiceUnavailable', method='GET', outcome='SERVER_ERROR', status='500', uri='/api/gateway/owners/{ownerId}'], highCardinalityKeyValues=[http.url='/api/gateway/owners/6'], map=[class io.micrometer.tracing.handler.TracingObservationHandler$TracingContext='TracingContext{span=6ab38ce26c3d5e918a0083bedc555e5f/8a0083bedc555e5f}', class io.micrometer.core.instrument.LongTaskTimer$Sample='SampleImpl{duration(seconds)=-1.0E-9, duration(nanos)=-1.0, startTimeNanos=1385727552201}', class io.micrometer.core.instrument.Timer$Sample='io.micrometer.core.instrument.Timer$Sample@1af1fd9d'], parentObservation=null}> to which we're restoring is not the same as the one set as this scope's parent observation <null>. Most likely a manually created Observation has a scope opened that was never closed. This may lead to thread polluting and memory leaks.
api-gateway-1  | 2026-09-23T08:25:09.438102339Z 2026-09-23T08:25:09.437Z  WARN 1 --- [api-gateway] [or-http-epoll-7] [6ab38ce5b637228868a4d1c8f623292f-68a4d1c8f623292f] i.m.o.c.ObservationThreadLocalAccessor   : Observation <{name=http.server.requests(null), error=null, context=name='http.server.requests', contextualName='null', error='null', lowCardinalityKeyValues=[exception='none', method='GET', outcome='SUCCESS', status='200', uri='UNKNOWN'], highCardinalityKeyValues=[http.url='/api/gateway/owners/6'], map=[class io.micrometer.tracing.handler.TracingObservationHandler$TracingContext='TracingContext{span=6ab38ce5b637228868a4d1c8f623292f/68a4d1c8f623292f}', class io.micrometer.core.instrument.LongTaskTimer$Sample='SampleImpl{duration(seconds)=0.003900387, duration(nanos)=3900387.0, startTimeNanos=1388755898699}', class io.micrometer.core.instrument.Timer$Sample='io.micrometer.core.instrument.Timer$Sample@20c7a67'], parentObservation=null}> to which we're restoring is not the same as the one set as this scope's parent observation <null>. Most likely a manually created Observation has a scope opened that was never closed. This may lead to thread polluting and memory leaks.
api-gateway-1  | 2026-09-23T08:25:09.439681551Z 2026-09-23T08:25:09.439Z  WARN 1 --- [api-gateway] [or-http-epoll-7] [                                                 ] o.s.c.l.core.RoundRobinLoadBalancer      : No servers available for service: customers-service
api-gateway-1  | 2026-09-23T08:25:09.439930212Z 2026-09-23T08:25:09.439Z  WARN 1 --- [api-gateway] [or-http-epoll-7] [                                                 ] eactorLoadBalancerExchangeFilterFunction : LoadBalancer does not contain an instance for the service customers-service
api-gateway-1  | 2026-09-23T08:25:09.443588784Z 2026-09-23T08:25:09.441Z ERROR 1 --- [api-gateway] [or-http-epoll-7] [6ab38ce5b637228868a4d1c8f623292f-68a4d1c8f623292f] b.w.a.e.AbstractErrorWebExceptionHandler : [8f235346-6]  500 Server Error for HTTP GET "/api/gateway/owners/6"
api-gateway-1  | 2026-09-23T08:25:09.443620476Z 
api-gateway-1  | 2026-09-23T08:25:09.443624665Z org.springframework.web.reactive.function.client.WebClientResponseException$ServiceUnavailable: 503 Service Unavailable from UNKNOWN 
api-gateway-1  | 2026-09-23T08:25:09.443628051Z 	at org.springframework.web.reactive.function.client.WebClientResponseException.create(WebClientResponseException.java:322)
api-gateway-1  | 2026-09-23T08:25:09.443631608Z 	Suppressed: The stacktrace has been enhanced by Reactor, refer to additional information below: 
api-gateway-1  | 2026-09-23T08:25:09.443634714Z Error has been observed at the following site(s):
api-gateway-1  | 2026-09-23T08:25:09.443637680Z 	*__checkpoint ⇢ 503 SERVICE_UNAVAILABLE from GET http://customers-service/owners/6 [DefaultWebClient]
api-gateway-1  | 2026-09-23T08:25:09.443641808Z 	*__checkpoint ⇢ Handler org.springframework.samples.petclinic.api.boundary.web.ApiGatewayController#getOwnerDetails(int) [DispatcherHandler]
api-gateway-1  | 2026-09-23T08:25:09.443645034Z 	*__checkpoint ⇢ org.springframework.cloud.gateway.filter.WeightCalculatorWebFilter@5d94ac8a
api-gateway-1  | 2026-09-23T08:25:09.443648060Z 	*__checkpoint ⇢ HTTP GET "/api/gateway/owners/6" [ExceptionHandlingWebHandler]
api-gateway-1  | 2026-09-23T08:25:09.443651186Z Original Stack Trace:
api-gateway-1  | 2026-09-23T08:25:09.443654082Z 		at org.springframework.web.reactive.function.client.WebClientResponseException.create(WebClientResponseException.java:322)
api-gateway-1  | 2026-09-23T08:25:09.443657188Z 		at org.springframework.web.reactive.function.client.DefaultClientResponse.lambda$createException$1(DefaultClientResponse.java:214)
api-gateway-1  | 2026-09-23T08:25:09.443660244Z 		at reactor.core.publisher.FluxMap$MapSubscriber.onNext(FluxMap.java:106)
api-gateway-1  | 2026-09-23T08:25:09.443663350Z 		at reactor.core.publisher.FluxOnErrorReturn$ReturnSubscriber.onNext(FluxOnErrorReturn.java:159)
api-gateway-1  | 2026-09-23T08:25:09.443666376Z 		at reactor.core.publisher.FluxDefaultIfEmpty$DefaultIfEmptySubscriber.onNext(FluxDefaultIfEmpty.java:123)
api-gateway-1  | 2026-09-23T08:25:09.443669392Z 		at reactor.core.publisher.FluxMapFuseable$MapFuseableSubscriber.onNext(FluxMapFuseable.java:130)
api-gateway-1  | 2026-09-23T08:25:09.443672358Z 		at reactor.core.publisher.FluxContextWrite$ContextWriteSubscriber.onNext(FluxContextWrite.java:109)
api-gateway-1  | 2026-09-23T08:25:09.443690594Z 		at reactor.core.publisher.FluxMapFuseable$MapFuseableConditionalSubscriber.onNext(FluxMapFuseable.java:300)
api-gateway-1  | 2026-09-23T08:25:09.443695203Z 		at reactor.core.publisher.FluxFilterFuseable$FilterFuseableConditionalSubscriber.onNext(FluxFilterFuseable.java:338)
api-gateway-1  | 2026-09-23T08:25:09.443698309Z 		at reactor.core.publisher.Operators$BaseFluxToMonoOperator.completePossiblyEmpty(Operators.java:2093)
api-gateway-1  | 2026-09-23T08:25:09.443701275Z 		at reactor.core.publisher.MonoCollect$CollectSubscriber.onComplete(MonoCollect.java:144)
api-gateway-1  | 2026-09-23T08:25:09.443704200Z 		at reactor.core.publisher.FluxMapFuseable$MapFuseableSubscriber.onComplete(FluxMapFuseable.java:153)
api-gateway-1  | 2026-09-23T08:25:09.443707186Z 		at reactor.core.publisher.Operators$ScalarSubscription.request(Operators.java:2567)
api-gateway-1  | 2026-09-23T08:25:09.443710102Z 		at reactor.core.publisher.FluxMapFuseable$MapFuseableSubscriber.request(FluxMapFuseable.java:172)
api-gateway-1  | 2026-09-23T08:25:09.443713058Z 		at reactor.core.publisher.Operators$BaseFluxToMonoOperator.request(Operators.java:2063)
api-gateway-1  | 2026-09-23T08:25:09.443716013Z 		at reactor.core.publisher.FluxFilterFuseable$FilterFuseableConditionalSubscriber.request(FluxFilterFuseable.java:411)
api-gateway-1  | 2026-09-23T08:25:09.443718989Z 		at reactor.core.publisher.FluxMapFuseable$MapFuseableConditionalSubscriber.request(FluxMapFuseable.java:361)
api-gateway-1  | 2026-09-23T08:25:09.443721965Z 		at reactor.core.publisher.FluxContextWrite$ContextWriteSubscriber.request(FluxContextWrite.java:138)
api-gateway-1  | 2026-09-23T08:25:09.443724911Z 		at reactor.core.publisher.FluxMapFuseable$MapFuseableSubscriber.request(FluxMapFuseable.java:172)
api-gateway-1  | 2026-09-23T08:25:09.443727877Z 		at reactor.core.publisher.FluxDefaultIfEmpty$DefaultIfEmptySubscriber.request(FluxDefaultIfEmpty.java:99)
api-gateway-1  | 2026-09-23T08:25:09.443730852Z 		at reactor.core.publisher.FluxOnErrorReturn$ReturnSubscriber.request(FluxOnErrorReturn.java:150)
api-gateway-1  | 2026-09-23T08:25:09.443734039Z 		at reactor.core.publisher.FluxMap$MapSubscriber.request(FluxMap.java:163)
api-gateway-1  | 2026-09-23T08:25:09.443736984Z 		at reactor.core.publisher.MonoFlatMap$FlatMapMain.request(MonoFlatMap.java:195)
api-gateway-1  | 2026-09-23T08:25:09.443739930Z 		at reactor.core.publisher.Operators$MultiSubscriptionSubscriber.set(Operators.java:2361)
api-gateway-1  | 2026-09-23T08:25:09.443742916Z 		at reactor.core.publisher.FluxOnErrorResume$ResumeSubscriber.onSubscribe(FluxOnErrorResume.java:75)
api-gateway-1  | 2026-09-23T08:25:09.443746072Z 		at reactor.core.publisher.MonoFlatMap$FlatMapMain.onSubscribe(MonoFlatMap.java:118)
api-gateway-1  | 2026-09-23T08:25:09.443749008Z 		at reactor.core.publisher.FluxMap$MapSubscriber.onSubscribe(FluxMap.java:92)
api-gateway-1  | 2026-09-23T08:25:09.443751954Z 		at reactor.core.publisher.FluxOnErrorReturn$ReturnSubscriber.onSubscribe(FluxOnErrorReturn.java:92)
api-gateway-1  | 2026-09-23T08:25:09.443758076Z 		at reactor.core.publisher.Operators$BaseFluxToMonoOperator.onSubscribe(Operators.java:2047)
api-gateway-1  | 2026-09-23T08:25:09.443761142Z 		at reactor.core.publisher.FluxMapFuseable$MapFuseableSubscriber.onSubscribe(FluxMapFuseable.java:96)
api-gateway-1  | 2026-09-23T08:25:09.443770290Z 		at reactor.core.publisher.FluxContextWrite$ContextWriteSubscriber.onSubscribe(FluxContextWrite.java:103)
api-gateway-1  | 2026-09-23T08:25:09.443773586Z 		at reactor.core.publisher.FluxMapFuseable$MapFuseableConditionalSubscriber.onSubscribe(FluxMapFuseable.java:265)
api-gateway-1  | 2026-09-23T08:25:09.443776552Z 		at reactor.core.publisher.FluxFilterFuseable$FilterFuseableConditionalSubscriber.onSubscribe(FluxFilterFuseable.java:305)
api-gateway-1  | 2026-09-23T08:25:09.443779558Z 		at reactor.core.publisher.Operators$BaseFluxToMonoOperator.onSubscribe(Operators.java:2047)
api-gateway-1  | 2026-09-23T08:25:09.443782504Z 		at reactor.core.publisher.FluxMapFuseable$MapFuseableSubscriber.onSubscribe(FluxMapFuseable.java:96)
api-gateway-1  | 2026-09-23T08:25:09.443785459Z 		at reactor.core.publisher.FluxJust.subscribe(FluxJust.java:69)
api-gateway-1  | 2026-09-23T08:25:09.443788415Z 		at reactor.core.publisher.InternalMonoOperator.subscribe(InternalMonoOperator.java:75)
api-gateway-1  | 2026-09-23T08:25:09.443791341Z 		at reactor.core.publisher.MonoFlatMap$FlatMapMain.onNext(MonoFlatMap.java:166)
api-gateway-1  | 2026-09-23T08:25:09.443794327Z 		at reactor.core.publisher.MonoContextWriteRestoringThreadLocals$ContextWriteRestoringThreadLocalsSubscriber.onNext(MonoContextWriteRestoringThreadLocals.java:111)
api-gateway-1  | 2026-09-23T08:25:09.443797393Z 		at reactor.core.publisher.FluxDoFinally$DoFinallySubscriber.onNext(FluxDoFinally.java:113)
api-gateway-1  | 2026-09-23T08:25:09.443800359Z 		at reactor.core.publisher.MonoPeekTerminal$MonoTerminalPeekSubscriber.onNext(MonoPeekTerminal.java:184)
api-gateway-1  | 2026-09-23T08:25:09.443803344Z 		at reactor.core.publisher.FluxPeekFuseable$PeekConditionalSubscriber.onNext(FluxPeekFuseable.java:850)
api-gateway-1  | 2026-09-23T08:25:09.443806330Z 		at reactor.core.publisher.FluxSwitchIfEmpty$SwitchIfEmptySubscriber.onNext(FluxSwitchIfEmpty.java:75)
api-gateway-1  | 2026-09-23T08:25:09.443809306Z 		at reactor.core.publisher.MonoFlatMap$FlatMapMain.onNext(MonoFlatMap.java:159)
api-gateway-1  | 2026-09-23T08:25:09.443812252Z 		at reactor.core.publisher.FluxMap$MapSubscriber.onNext(FluxMap.java:122)
api-gateway-1  | 2026-09-23T08:25:09.443815178Z 		at reactor.core.publisher.MonoNext$NextSubscriber.onNext(MonoNext.java:83)
api-gateway-1  | 2026-09-23T08:25:09.443818133Z 		at reactor.core.publisher.FluxDematerialize$DematerializeSubscriber.onNext(FluxDematerialize.java:102)
api-gateway-1  | 2026-09-23T08:25:09.443821119Z 		at reactor.core.publisher.FluxDematerialize$DematerializeSubscriber.onNext(FluxDematerialize.java:44)
api-gateway-1  | 2026-09-23T08:25:09.443824085Z 		at reactor.core.publisher.FluxFlattenIterable$FlattenIterableSubscriber.drainAsync(FluxFlattenIterable.java:455)
api-gateway-1  | 2026-09-23T08:25:09.443827071Z 		at reactor.core.publisher.FluxFlattenIterable$FlattenIterableSubscriber.drain(FluxFlattenIterable.java:726)
api-gateway-1  | 2026-09-23T08:25:09.443830277Z 		at reactor.core.publisher.FluxFlattenIterable$FlattenIterableSubscriber.onNext(FluxFlattenIterable.java:258)
api-gateway-1  | 2026-09-23T08:25:09.443833283Z 		at reactor.core.publisher.FluxSwitchIfEmpty$SwitchIfEmptySubscriber.onNext(FluxSwitchIfEmpty.java:75)
api-gateway-1  | 2026-09-23T08:25:09.443836269Z 		at reactor.core.publisher.MonoFlatMap$FlatMapMain.secondComplete(MonoFlatMap.java:246)
api-gateway-1  | 2026-09-23T08:25:09.443844525Z 		at reactor.core.publisher.MonoFlatMap$FlatMapInner.onNext(MonoFlatMap.java:307)
api-gateway-1  | 2026-09-23T08:25:09.443847571Z 		at reactor.core.publisher.MonoIgnoreThen$ThenIgnoreMain.complete(MonoIgnoreThen.java:297)
api-gateway-1  | 2026-09-23T08:25:09.443850527Z 		at reactor.core.publisher.MonoIgnoreThen$ThenIgnoreMain.onNext(MonoIgnoreThen.java:191)
api-gateway-1  | 2026-09-23T08:25:09.443853483Z 		at reactor.core.publisher.MonoIgnoreThen$ThenIgnoreMain.subscribeNext(MonoIgnoreThen.java:240)
api-gateway-1  | 2026-09-23T08:25:09.443856458Z 		at reactor.core.publisher.MonoIgnoreThen$ThenIgnoreMain.onComplete(MonoIgnoreThen.java:207)
api-gateway-1  | 2026-09-23T08:25:09.443859424Z 		at reactor.core.publisher.MonoIgnoreElements$IgnoreElementsSubscriber.onComplete(MonoIgnoreElements.java:89)
api-gateway-1  | 2026-09-23T08:25:09.443862410Z 		at reactor.core.publisher.FluxPeek$PeekSubscriber.onComplete(FluxPeek.java:263)
api-gateway-1  | 2026-09-23T08:25:09.443865386Z 		at reactor.core.publisher.FluxDematerialize$DematerializeSubscriber.onComplete(FluxDematerialize.java:125)
api-gateway-1  | 2026-09-23T08:25:09.443868372Z 		at reactor.core.publisher.FluxDematerialize$DematerializeSubscriber.onNext(FluxDematerialize.java:91)
api-gateway-1  | 2026-09-23T08:25:09.443871348Z 		at reactor.core.publisher.FluxDematerialize$DematerializeSubscriber.onNext(FluxDematerialize.java:44)
api-gateway-1  | 2026-09-23T08:25:09.443874333Z 		at reactor.core.publisher.FluxIterable$IterableSubscription.fastPath(FluxIterable.java:402)
api-gateway-1  | 2026-09-23T08:25:09.443877309Z 		at reactor.core.publisher.FluxIterable$IterableSubscription.request(FluxIterable.java:291)
api-gateway-1  | 2026-09-23T08:25:09.443880325Z 		at reactor.core.publisher.FluxDematerialize$DematerializeSubscriber.request(FluxDematerialize.java:131)
api-gateway-1  | 2026-09-23T08:25:09.443883411Z 		at reactor.core.publisher.FluxPeek$PeekSubscriber.request(FluxPeek.java:141)
api-gateway-1  | 2026-09-23T08:25:09.443886327Z 		at reactor.core.publisher.MonoIgnoreElements$IgnoreElementsSubscriber.onSubscribe(MonoIgnoreElements.java:72)
api-gateway-1  | 2026-09-23T08:25:09.443889303Z 		at reactor.core.publisher.FluxPeek$PeekSubscriber.onSubscribe(FluxPeek.java:174)
api-gateway-1  | 2026-09-23T08:25:09.443892248Z 		at reactor.core.publisher.FluxDematerialize$DematerializeSubscriber.onSubscribe(FluxDematerialize.java:77)
api-gateway-1  | 2026-09-23T08:25:09.443895224Z 		at reactor.core.publisher.FluxIterable.subscribe(FluxIterable.java:200)
api-gateway-1  | 2026-09-23T08:25:09.443898320Z 		at reactor.core.publisher.FluxIterable.subscribe(FluxIterable.java:82)
api-gateway-1  | 2026-09-23T08:25:09.443901286Z 		at reactor.core.publisher.Mono.subscribe(Mono.java:4569)
api-gateway-1  | 2026-09-23T08:25:09.443904212Z 		at reactor.core.publisher.MonoIgnoreThen$ThenIgnoreMain.subscribeNext(MonoIgnoreThen.java:268)
api-gateway-1  | 2026-09-23T08:25:09.443907188Z 		at reactor.core.publisher.MonoIgnoreThen.subscribe(MonoIgnoreThen.java:51)
api-gateway-1  | 2026-09-23T08:25:09.443910133Z 		at reactor.core.publisher.MonoFlatMap$FlatMapMain.onNext(MonoFlatMap.java:166)
api-gateway-1  | 2026-09-23T08:25:09.443913129Z 		at reactor.core.publisher.Operators$BaseFluxToMonoOperator.completePossiblyEmpty(Operators.java:2093)
api-gateway-1  | 2026-09-23T08:25:09.443921295Z 		at reactor.core.publisher.MonoCollectList$MonoCollectListSubscriber.onComplete(MonoCollectList.java:117)
api-gateway-1  | 2026-09-23T08:25:09.443924361Z 		at reactor.core.publisher.DrainUtils.postCompleteDrain(DrainUtils.java:132)
api-gateway-1  | 2026-09-23T08:25:09.443927287Z 		at reactor.core.publisher.DrainUtils.postComplete(DrainUtils.java:187)
api-gateway-1  | 2026-09-23T08:25:09.443930273Z 		at reactor.core.publisher.FluxMaterialize$MaterializeSubscriber.onComplete(FluxMaterialize.java:141)
api-gateway-1  | 2026-09-23T08:25:09.443933259Z 		at reactor.core.publisher.FluxLimitRequest$FluxLimitRequestSubscriber.onNext(FluxLimitRequest.java:104)
api-gateway-1  | 2026-09-23T08:25:09.443936255Z 		at reactor.core.publisher.FluxOnErrorResume$ResumeSubscriber.onNext(FluxOnErrorResume.java:80)
api-gateway-1  | 2026-09-23T08:25:09.443939230Z 		at reactor.core.publisher.SerializedSubscriber.onNext(SerializedSubscriber.java:100)
api-gateway-1  | 2026-09-23T08:25:09.443942196Z 		at reactor.core.publisher.FluxTimeout$TimeoutMainSubscriber.onNext(FluxTimeout.java:182)
api-gateway-1  | 2026-09-23T08:25:09.443945172Z 		at reactor.core.publisher.Operators$BaseFluxToMonoOperator.completePossiblyEmpty(Operators.java:2093)
api-gateway-1  | 2026-09-23T08:25:09.443948128Z 		at reactor.core.publisher.MonoCollectList$MonoCollectListSubscriber.onComplete(MonoCollectList.java:117)
api-gateway-1  | 2026-09-23T08:25:09.443951134Z 		at reactor.core.publisher.FluxContextWriteRestoringThreadLocals$ContextWriteRestoringThreadLocalsSubscriber.onComplete(FluxContextWriteRestoringThreadLocals.java:150)
api-gateway-1  | 2026-09-23T08:25:09.443954210Z 		at org.springframework.cloud.commons.publisher.FluxFirstNonEmptyEmitting$FirstNonEmptyEmittingSubscriber.onComplete(FluxFirstNonEmptyEmitting.java:325)
api-gateway-1  | 2026-09-23T08:25:09.443957276Z 		at reactor.core.publisher.Operators.complete(Operators.java:137)
api-gateway-1  | 2026-09-23T08:25:09.443960222Z 		at reactor.core.publisher.FluxIterable.subscribe(FluxIterable.java:143)
api-gateway-1  | 2026-09-23T08:25:09.443963167Z 		at reactor.core.publisher.FluxIterable.subscribe(FluxIterable.java:82)
api-gateway-1  | 2026-09-23T08:25:09.443966123Z 		at reactor.core.publisher.Flux.subscribe(Flux.java:8888)
api-gateway-1  | 2026-09-23T08:25:09.443969189Z 		at org.springframework.cloud.commons.publisher.FluxFirstNonEmptyEmitting$RaceCoordinator.subscribe(FluxFirstNonEmptyEmitting.java:203)
api-gateway-1  | 2026-09-23T08:25:09.443972245Z 		at org.springframework.cloud.commons.publisher.FluxFirstNonEmptyEmitting.subscribe(FluxFirstNonEmptyEmitting.java:128)
api-gateway-1  | 2026-09-23T08:25:09.443975231Z 		at reactor.core.publisher.InternalFluxOperator.subscribe(InternalFluxOperator.java:67)
api-gateway-1  | 2026-09-23T08:25:09.443978207Z 		at reactor.core.publisher.FluxDefer.subscribe(FluxDefer.java:55)
api-gateway-1  | 2026-09-23T08:25:09.443981132Z 		at reactor.core.publisher.InternalFluxOperator.subscribe(InternalFluxOperator.java:67)
api-gateway-1  | 2026-09-23T08:25:09.443984058Z 		at reactor.core.publisher.FluxDefer.subscribe(FluxDefer.java:55)
api-gateway-1  | 2026-09-23T08:25:09.443986994Z 		at reactor.core.publisher.Mono.subscribe(Mono.java:4569)
api-gateway-1  | 2026-09-23T08:25:09.443995080Z 		at reactor.core.publisher.FluxSwitchIfEmpty$SwitchIfEmptySubscriber.onComplete(FluxSwitchIfEmpty.java:83)
api-gateway-1  | 2026-09-23T08:25:09.443998256Z 		at reactor.core.publisher.Operators.complete(Operators.java:137)
api-gateway-1  | 2026-09-23T08:25:09.444001182Z 		at reactor.core.publisher.MonoEmpty.subscribe(MonoEmpty.java:46)
api-gateway-1  | 2026-09-23T08:25:09.444004117Z 		at reactor.core.publisher.InternalFluxOperator.subscribe(InternalFluxOperator.java:67)
api-gateway-1  | 2026-09-23T08:25:09.444007073Z 		at reactor.core.publisher.FluxDefer.subscribe(FluxDefer.java:55)
api-gateway-1  | 2026-09-23T08:25:09.444009999Z 		at reactor.core.publisher.InternalMonoOperator.subscribe(InternalMonoOperator.java:75)
api-gateway-1  | 2026-09-23T08:25:09.444012955Z 		at reactor.core.publisher.MonoDefer.subscribe(MonoDefer.java:54)
api-gateway-1  | 2026-09-23T08:25:09.444015871Z 		at reactor.core.publisher.InternalMonoOperator.subscribe(InternalMonoOperator.java:75)
api-gateway-1  | 2026-09-23T08:25:09.444018856Z 		at reactor.core.publisher.MonoContextWriteRestoringThreadLocals.subscribe(MonoContextWriteRestoringThreadLocals.java:44)
api-gateway-1  | 2026-09-23T08:25:09.444021822Z 		at reactor.core.publisher.MonoDeferContextual.subscribe(MonoDeferContextual.java:56)
api-gateway-1  | 2026-09-23T08:25:09.444024778Z 		at reactor.core.publisher.FluxFromMonoOperator.subscribe(FluxFromMonoOperator.java:83)
api-gateway-1  | 2026-09-23T08:25:09.444027714Z 		at reactor.core.publisher.FluxDeferContextual.subscribe(FluxDeferContextual.java:58)
api-gateway-1  | 2026-09-23T08:25:09.444030629Z 		at reactor.core.publisher.InternalMonoOperator.subscribe(InternalMonoOperator.java:75)
api-gateway-1  | 2026-09-23T08:25:09.444033555Z 		at reactor.core.publisher.MonoFlatMap$FlatMapMain.onNext(MonoFlatMap.java:166)
api-gateway-1  | 2026-09-23T08:25:09.444036481Z 		at reactor.core.publisher.FluxOnErrorResume$ResumeSubscriber.onNext(FluxOnErrorResume.java:80)
api-gateway-1  | 2026-09-23T08:25:09.444039447Z 		at reactor.core.publisher.FluxOnErrorResume$ResumeSubscriber.onNext(FluxOnErrorResume.java:80)
api-gateway-1  | 2026-09-23T08:25:09.444042382Z 		at reactor.core.publisher.FluxPeek$PeekSubscriber.onNext(FluxPeek.java:203)
api-gateway-1  | 2026-09-23T08:25:09.444045458Z 		at reactor.core.publisher.MonoIgnoreThen$ThenIgnoreMain.complete(MonoIgnoreThen.java:297)
api-gateway-1  | 2026-09-23T08:25:09.444048414Z 		at reactor.core.publisher.MonoIgnoreThen$ThenIgnoreMain.onNext(MonoIgnoreThen.java:191)
api-gateway-1  | 2026-09-23T08:25:09.444051350Z 		at reactor.core.publisher.MonoFlatMap$FlatMapMain.onNext(MonoFlatMap.java:159)
api-gateway-1  | 2026-09-23T08:25:09.444054286Z 		at reactor.core.publisher.MonoZip$ZipCoordinator.signal(MonoZip.java:296)
api-gateway-1  | 2026-09-23T08:25:09.444057221Z 		at reactor.core.publisher.MonoZip$ZipInner.onNext(MonoZip.java:480)
api-gateway-1  | 2026-09-23T08:25:09.444060147Z 		at reactor.core.publisher.MonoPeekTerminal$MonoTerminalPeekSubscriber.onNext(MonoPeekTerminal.java:184)
api-gateway-1  | 2026-09-23T08:25:09.444063133Z 		at reactor.core.publisher.FluxDefaultIfEmpty$DefaultIfEmptySubscriber.onNext(FluxDefaultIfEmpty.java:123)
api-gateway-1  | 2026-09-23T08:25:09.444066099Z 		at reactor.core.publisher.FluxSwitchIfEmpty$SwitchIfEmptySubscriber.onNext(FluxSwitchIfEmpty.java:75)
api-gateway-1  | 2026-09-23T08:25:09.444074315Z 		at reactor.core.publisher.Operators$ScalarSubscription.request(Operators.java:2565)
api-gateway-1  | 2026-09-23T08:25:09.444077401Z 		at reactor.core.publisher.Operators$MultiSubscriptionSubscriber.set(Operators.java:2361)
api-gateway-1  | 2026-09-23T08:25:09.444080357Z 		at reactor.core.publisher.Operators$MultiSubscriptionSubscriber.onSubscribe(Operators.java:2235)
api-gateway-1  | 2026-09-23T08:25:09.444083353Z 		at reactor.core.publisher.FluxFlatMap.trySubscribeScalarMap(FluxFlatMap.java:193)
api-gateway-1  | 2026-09-23T08:25:09.444086288Z 		at reactor.core.publisher.MonoFlatMap.subscribeOrReturn(MonoFlatMap.java:53)
api-gateway-1  | 2026-09-23T08:25:09.444089224Z 		at reactor.core.publisher.InternalMonoOperator.subscribe(InternalMonoOperator.java:62)
api-gateway-1  | 2026-09-23T08:25:09.444092210Z 		at reactor.core.publisher.MonoZip$ZipCoordinator.request(MonoZip.java:219)
api-gateway-1  | 2026-09-23T08:25:09.444095156Z 		at reactor.core.publisher.MonoFlatMap$FlatMapMain.request(MonoFlatMap.java:195)
api-gateway-1  | 2026-09-23T08:25:09.444098081Z 		at reactor.core.publisher.MonoIgnoreThen$ThenIgnoreMain.onSubscribe(MonoIgnoreThen.java:135)
api-gateway-1  | 2026-09-23T08:25:09.444101037Z 		at reactor.core.publisher.MonoFlatMap$FlatMapMain.onSubscribe(MonoFlatMap.java:118)
api-gateway-1  | 2026-09-23T08:25:09.444103973Z 		at reactor.core.publisher.MonoZip.subscribe(MonoZip.java:129)
api-gateway-1  | 2026-09-23T08:25:09.444106929Z 		at reactor.core.publisher.InternalMonoOperator.subscribe(InternalMonoOperator.java:75)
api-gateway-1  | 2026-09-23T08:25:09.444109875Z 		at reactor.core.publisher.MonoDefer.subscribe(MonoDefer.java:54)
api-gateway-1  | 2026-09-23T08:25:09.444112810Z 		at reactor.core.publisher.MonoIgnoreThen$ThenIgnoreMain.subscribeNext(MonoIgnoreThen.java:244)
api-gateway-1  | 2026-09-23T08:25:09.444115776Z 		at reactor.core.publisher.MonoIgnoreThen$ThenIgnoreMain.onComplete(MonoIgnoreThen.java:207)
api-gateway-1  | 2026-09-23T08:25:09.444118992Z 		at reactor.core.publisher.MonoFlatMap$FlatMapMain.onComplete(MonoFlatMap.java:190)
api-gateway-1  | 2026-09-23T08:25:09.444121948Z 		at reactor.core.publisher.Operators.complete(Operators.java:137)
api-gateway-1  | 2026-09-23T08:25:09.444124864Z 		at reactor.core.publisher.MonoZip.subscribe(MonoZip.java:121)
api-gateway-1  | 2026-09-23T08:25:09.444127790Z 		at reactor.core.publisher.Mono.subscribe(Mono.java:4569)
api-gateway-1  | 2026-09-23T08:25:09.444130735Z 		at reactor.core.publisher.MonoIgnoreThen$ThenIgnoreMain.subscribeNext(MonoIgnoreThen.java:268)
api-gateway-1  | 2026-09-23T08:25:09.444133681Z 		at reactor.core.publisher.MonoIgnoreThen.subscribe(MonoIgnoreThen.java:51)
api-gateway-1  | 2026-09-23T08:25:09.444136607Z 		at reactor.core.publisher.InternalMonoOperator.subscribe(InternalMonoOperator.java:75)
api-gateway-1  | 2026-09-23T08:25:09.444139533Z 		at reactor.core.publisher.MonoFlatMap$FlatMapMain.onNext(MonoFlatMap.java:166)
api-gateway-1  | 2026-09-23T08:25:09.444142468Z 		at reactor.core.publisher.FluxOnErrorResume$ResumeSubscriber.onNext(FluxOnErrorResume.java:80)
api-gateway-1  | 2026-09-23T08:25:09.444145434Z 		at reactor.core.publisher.FluxSwitchIfEmpty$SwitchIfEmptySubscriber.onNext(FluxSwitchIfEmpty.java:75)
api-gateway-1  | 2026-09-23T08:25:09.444156556Z 		at reactor.core.publisher.MonoNext$NextSubscriber.onNext(MonoNext.java:83)
api-gateway-1  | 2026-09-23T08:25:09.444159672Z 		at reactor.core.publisher.FluxConcatMapNoPrefetch$FluxConcatMapNoPrefetchSubscriber.innerNext(FluxConcatMapNoPrefetch.java:259)
api-gateway-1  | 2026-09-23T08:25:09.444162678Z 		at reactor.core.publisher.FluxConcatMap$ConcatMapInner.onNext(FluxConcatMap.java:870)
api-gateway-1  | 2026-09-23T08:25:09.444165654Z 		at reactor.core.publisher.FluxMapFuseable$MapFuseableSubscriber.onNext(FluxMapFuseable.java:130)
api-gateway-1  | 2026-09-23T08:25:09.444168600Z 		at reactor.core.publisher.MonoPeekTerminal$MonoTerminalPeekSubscriber.onNext(MonoPeekTerminal.java:184)
api-gateway-1  | 2026-09-23T08:25:09.444171605Z 		at reactor.core.publisher.Operators$ScalarSubscription.request(Operators.java:2565)
api-gateway-1  | 2026-09-23T08:25:09.444174531Z 		at reactor.core.publisher.MonoPeekTerminal$MonoTerminalPeekSubscriber.request(MonoPeekTerminal.java:142)
api-gateway-1  | 2026-09-23T08:25:09.444177497Z 		at reactor.core.publisher.FluxMapFuseable$MapFuseableSubscriber.request(FluxMapFuseable.java:172)
api-gateway-1  | 2026-09-23T08:25:09.444180483Z 		at reactor.core.publisher.Operators$MultiSubscriptionSubscriber.request(Operators.java:2325)
api-gateway-1  | 2026-09-23T08:25:09.444183479Z 		at reactor.core.publisher.FluxConcatMapNoPrefetch$FluxConcatMapNoPrefetchSubscriber.request(FluxConcatMapNoPrefetch.java:339)
api-gateway-1  | 2026-09-23T08:25:09.444186505Z 		at reactor.core.publisher.MonoNext$NextSubscriber.request(MonoNext.java:109)
api-gateway-1  | 2026-09-23T08:25:09.444189490Z 		at reactor.core.publisher.Operators$MultiSubscriptionSubscriber.set(Operators.java:2361)
api-gateway-1  | 2026-09-23T08:25:09.444192466Z 		at reactor.core.publisher.Operators$MultiSubscriptionSubscriber.onSubscribe(Operators.java:2235)
api-gateway-1  | 2026-09-23T08:25:09.444195572Z 		at reactor.core.publisher.MonoNext$NextSubscriber.onSubscribe(MonoNext.java:71)
api-gateway-1  | 2026-09-23T08:25:09.444198638Z 		at reactor.core.publisher.FluxConcatMapNoPrefetch$FluxConcatMapNoPrefetchSubscriber.onSubscribe(FluxConcatMapNoPrefetch.java:164)
api-gateway-1  | 2026-09-23T08:25:09.444201674Z 		at reactor.core.publisher.FluxIterable.subscribe(FluxIterable.java:200)
api-gateway-1  | 2026-09-23T08:25:09.444204600Z 		at reactor.core.publisher.FluxIterable.subscribe(FluxIterable.java:82)
api-gateway-1  | 2026-09-23T08:25:09.444207626Z 		at reactor.core.publisher.InternalMonoOperator.subscribe(InternalMonoOperator.java:75)
api-gateway-1  | 2026-09-23T08:25:09.444210582Z 		at reactor.core.publisher.MonoDefer.subscribe(MonoDefer.java:54)
api-gateway-1  | 2026-09-23T08:25:09.444213497Z 		at reactor.core.publisher.InternalMonoOperator.subscribe(InternalMonoOperator.java:75)
api-gateway-1  | 2026-09-23T08:25:09.444216463Z 		at reactor.core.publisher.MonoDefer.subscribe(MonoDefer.java:54)
api-gateway-1  | 2026-09-23T08:25:09.444219379Z 		at reactor.core.publisher.InternalMonoOperator.subscribe(InternalMonoOperator.java:75)
api-gateway-1  | 2026-09-23T08:25:09.444222335Z 		at reactor.core.publisher.MonoTapRestoringThreadLocals.subscribe(MonoTapRestoringThreadLocals.java:78)
api-gateway-1  | 2026-09-23T08:25:09.444230821Z 		at reactor.core.publisher.Mono.subscribe(Mono.java:4569)
api-gateway-1  | 2026-09-23T08:25:09.444233927Z 		at reactor.core.publisher.MonoIgnoreThen$ThenIgnoreMain.subscribeNext(MonoIgnoreThen.java:268)
api-gateway-1  | 2026-09-23T08:25:09.444236893Z 		at reactor.core.publisher.MonoIgnoreThen.subscribe(MonoIgnoreThen.java:51)
api-gateway-1  | 2026-09-23T08:25:09.444239829Z 		at reactor.core.publisher.InternalMonoOperator.subscribe(InternalMonoOperator.java:75)
api-gateway-1  | 2026-09-23T08:25:09.444242825Z 		at reactor.core.publisher.MonoDeferContextual.subscribe(MonoDeferContextual.java:56)
api-gateway-1  | 2026-09-23T08:25:09.444245801Z 		at reactor.netty.http.server.HttpServer$HttpServerHandle.onStateChange(HttpServer.java:1344)
api-gateway-1  | 2026-09-23T08:25:09.444248757Z 		at reactor.netty.ReactorNetty$CompositeConnectionObserver.onStateChange(ReactorNetty.java:730)
api-gateway-1  | 2026-09-23T08:25:09.444251732Z 		at reactor.netty.transport.ServerTransport$ChildObserver.onStateChange(ServerTransport.java:489)
api-gateway-1  | 2026-09-23T08:25:09.444254718Z 		at reactor.netty.http.server.HttpServerOperations.handleDefaultHttpRequest(HttpServerOperations.java:863)
api-gateway-1  | 2026-09-23T08:25:09.444257704Z 		at reactor.netty.http.server.HttpServerOperations.onInboundNext(HttpServerOperations.java:789)
api-gateway-1  | 2026-09-23T08:25:09.444260680Z 		at reactor.netty.channel.ChannelOperationsHandler.channelRead(ChannelOperationsHandler.java:115)
api-gateway-1  | 2026-09-23T08:25:09.444263666Z 		at io.netty.channel.AbstractChannelHandlerContext.fireChannelRead(AbstractChannelHandlerContext.java:356)
api-gateway-1  | 2026-09-23T08:25:09.444266862Z 		at reactor.netty.http.server.HttpTrafficHandler.channelRead(HttpTrafficHandler.java:283)
api-gateway-1  | 2026-09-23T08:25:09.444269858Z 		at io.netty.channel.AbstractChannelHandlerContext.fireChannelRead(AbstractChannelHandlerContext.java:354)
api-gateway-1  | 2026-09-23T08:25:09.444272864Z 		at io.netty.channel.CombinedChannelDuplexHandler$DelegatingChannelHandlerContext.fireChannelRead(CombinedChannelDuplexHandler.java:434)
api-gateway-1  | 2026-09-23T08:25:09.444275910Z 		at io.netty.handler.codec.ByteToMessageDecoder.fireChannelRead(ByteToMessageDecoder.java:361)
api-gateway-1  | 2026-09-23T08:25:09.444278896Z 		at io.netty.handler.codec.ByteToMessageDecoder.channelRead(ByteToMessageDecoder.java:325)
api-gateway-1  | 2026-09-23T08:25:09.444281851Z 		at io.netty.channel.CombinedChannelDuplexHandler.channelRead(CombinedChannelDuplexHandler.java:249)
api-gateway-1  | 2026-09-23T08:25:09.444284827Z 		at io.netty.channel.AbstractChannelHandlerContext.fireChannelRead(AbstractChannelHandlerContext.java:354)
api-gateway-1  | 2026-09-23T08:25:09.444287793Z 		at io.netty.channel.DefaultChannelPipeline$HeadContext.channelRead(DefaultChannelPipeline.java:1429)
api-gateway-1  | 2026-09-23T08:25:09.444290779Z 		at io.netty.channel.DefaultChannelPipeline.fireChannelRead(DefaultChannelPipeline.java:918)
api-gateway-1  | 2026-09-23T08:25:09.444293745Z 		at io.netty.channel.epoll.AbstractEpollStreamChannel$EpollStreamUnsafe.epollInReady(AbstractEpollStreamChannel.java:804)
api-gateway-1  | 2026-09-23T08:25:09.444296740Z 		at io.netty.channel.epoll.AbstractEpollChannel$AbstractEpollUnsafe.handle(AbstractEpollChannel.java:482)
api-gateway-1  | 2026-09-23T08:25:09.444307622Z 		at io.netty.channel.epoll.EpollIoHandler$DefaultEpollIoRegistration.handle(EpollIoHandler.java:317)
api-gateway-1  | 2026-09-23T08:25:09.444313694Z 		at io.netty.channel.epoll.EpollIoHandler.processReady(EpollIoHandler.java:515)
api-gateway-1  | 2026-09-23T08:25:09.444317631Z 		at io.netty.channel.epoll.EpollIoHandler.run(EpollIoHandler.java:460)
api-gateway-1  | 2026-09-23T08:25:09.444322180Z 		at io.netty.channel.SingleThreadIoEventLoop.runIo(SingleThreadIoEventLoop.java:225)
api-gateway-1  | 2026-09-23T08:25:09.444327090Z 		at io.netty.channel.SingleThreadIoEventLoop.run(SingleThreadIoEventLoop.java:196)
api-gateway-1  | 2026-09-23T08:25:09.444331549Z 		at io.netty.util.concurrent.SingleThreadEventExecutor$5.run(SingleThreadEventExecutor.java:1195)
api-gateway-1  | 2026-09-23T08:25:09.444336198Z 		at io.netty.util.internal.ThreadExecutorMap$2.run(ThreadExecutorMap.java:74)
api-gateway-1  | 2026-09-23T08:25:09.444340426Z 		at io.netty.util.concurrent.FastThreadLocalRunnable.run(FastThreadLocalRunnable.java:30)
api-gateway-1  | 2026-09-23T08:25:09.444345546Z 		at java.base/java.lang.Thread.run(Thread.java:840)
api-gateway-1  | 2026-09-23T08:25:09.444350335Z 
api-gateway-1  | 2026-09-23T08:25:09.448496326Z 2026-09-23T08:25:09.447Z  WARN 1 --- [api-gateway] [or-http-epoll-7] [                                                 ] i.m.o.c.ObservationThreadLocalAccessor   : There is no current scope in thread local. This situation should not happen
api-gateway-1  | 2026-09-23T08:25:09.449037260Z 2026-09-23T08:25:09.448Z  WARN 1 --- [api-gateway] [or-http-epoll-7] [                                                 ] i.m.o.c.ObservationThreadLocalAccessor   : Observation <{name=http.server.requests(http get /api/gateway/owners/{ownerId}), error=org.springframework.web.reactive.function.client.WebClientResponseException$ServiceUnavailable: 503 Service Unavailable from UNKNOWN , context=name='http.server.requests', contextualName='http get /api/gateway/owners/{ownerId}', error='org.springframework.web.reactive.function.client.WebClientResponseException$ServiceUnavailable: 503 Service Unavailable from UNKNOWN ', lowCardinalityKeyValues=[exception='ServiceUnavailable', method='GET', outcome='SERVER_ERROR', status='500', uri='/api/gateway/owners/{ownerId}'], highCardinalityKeyValues=[http.url='/api/gateway/owners/6'], map=[class io.micrometer.tracing.handler.TracingObservationHandler$TracingContext='TracingContext{span=6ab38ce5b637228868a4d1c8f623292f/68a4d1c8f623292f}', class io.micrometer.core.instrument.LongTaskTimer$Sample='SampleImpl{duration(seconds)=-1.0E-9, duration(nanos)=-1.0, startTimeNanos=1388755898699}', class io.micrometer.core.instrument.Timer$Sample='io.micrometer.core.instrument.Timer$Sample@20c7a67'], parentObservation=null}> to which we're restoring is not the same as the one set as this scope's parent observation <null>. Most likely a manually created Observation has a scope opened that was never closed. This may lead to thread polluting and memory leaks.
api-gateway-1  | 2026-09-23T08:25:12.467539552Z 2026-09-23T08:25:12.467Z  WARN 1 --- [api-gateway] [or-http-epoll-8] [6ab38ce89bfb5030eee11c5efb904d02-eee11c5efb904d02] i.m.o.c.ObservationThreadLocalAccessor   : Observation <{name=http.server.requests(null), error=null, context=name='http.server.requests', contextualName='null', error='null', lowCardinalityKeyValues=[exception='none', method='GET', outcome='SUCCESS', status='200', uri='UNKNOWN'], highCardinalityKeyValues=[http.url='/api/gateway/owners/6'], map=[class io.micrometer.tracing.handler.TracingObservationHandler$TracingContext='TracingContext{span=6ab38ce89bfb5030eee11c5efb904d02/eee11c5efb904d02}', class io.micrometer.core.instrument.LongTaskTimer$Sample='SampleImpl{duration(seconds)=0.003421429, duration(nanos)=3421429.0, startTimeNanos=1391785691378}', class io.micrometer.core.instrument.Timer$Sample='io.micrometer.core.instrument.Timer$Sample@2a690f0'], parentObservation=null}> to which we're restoring is not the same as the one set as this scope's parent observation <null>. Most likely a manually created Observation has a scope opened that was never closed. This may lead to thread polluting and memory leaks.
api-gateway-1  | 2026-09-23T08:25:12.469360601Z 2026-09-23T08:25:12.468Z  WARN 1 --- [api-gateway] [or-http-epoll-8] [                                                 ] o.s.c.l.core.RoundRobinLoadBalancer      : No servers available for service: customers-service
api-gateway-1  | 2026-09-23T08:25:12.469661820Z 2026-09-23T08:25:12.469Z  WARN 1 --- [api-gateway] [or-http-epoll-8] [                                                 ] eactorLoadBalancerExchangeFilterFunction : LoadBalancer does not contain an instance for the service customers-service
api-gateway-1  | 2026-09-23T08:25:12.474113173Z 2026-09-23T08:25:12.471Z ERROR 1 --- [api-gateway] [or-http-epoll-8] [6ab38ce89bfb5030eee11c5efb904d02-eee11c5efb904d02] b.w.a.e.AbstractErrorWebExceptionHandler : [f63479b6-7]  500 Server Error for HTTP GET "/api/gateway/owners/6"
api-gateway-1  | 2026-09-23T08:25:12.474152210Z 
api-gateway-1  | 2026-09-23T08:25:12.474161558Z org.springframework.web.reactive.function.client.WebClientResponseException$ServiceUnavailable: 503 Service Unavailable from UNKNOWN 
api-gateway-1  | 2026-09-23T08:25:12.474169794Z 	at org.springframework.web.reactive.function.client.WebClientResponseException.create(WebClientResponseException.java:322)
api-gateway-1  | 2026-09-23T08:25:12.474178501Z 	Suppressed: The stacktrace has been enhanced by Reactor, refer to additional information below: 
api-gateway-1  | 2026-09-23T08:25:12.474185986Z Error has been observed at the following site(s):
api-gateway-1  | 2026-09-23T08:25:12.474192980Z 	*__checkpoint ⇢ 503 SERVICE_UNAVAILABLE from GET http://customers-service/owners/6 [DefaultWebClient]
api-gateway-1  | 2026-09-23T08:25:12.474201506Z 	*__checkpoint ⇢ Handler org.springframework.samples.petclinic.api.boundary.web.ApiGatewayController#getOwnerDetails(int) [DispatcherHandler]
api-gateway-1  | 2026-09-23T08:25:12.474209752Z 	*__checkpoint ⇢ org.springframework.cloud.gateway.filter.WeightCalculatorWebFilter@5d94ac8a
api-gateway-1  | 2026-09-23T08:25:12.474217367Z 	*__checkpoint ⇢ HTTP GET "/api/gateway/owners/6" [ExceptionHandlingWebHandler]
api-gateway-1  | 2026-09-23T08:25:12.474224802Z Original Stack Trace:
api-gateway-1  | 2026-09-23T08:25:12.474231605Z 		at org.springframework.web.reactive.function.client.WebClientResponseException.create(WebClientResponseException.java:322)
api-gateway-1  | 2026-09-23T08:25:12.474239180Z 		at org.springframework.web.reactive.function.client.DefaultClientResponse.lambda$createException$1(DefaultClientResponse.java:214)
api-gateway-1  | 2026-09-23T08:25:12.474248027Z 		at reactor.core.publisher.FluxMap$MapSubscriber.onNext(FluxMap.java:106)
api-gateway-1  | 2026-09-23T08:25:12.474257586Z 		at reactor.core.publisher.FluxOnErrorReturn$ReturnSubscriber.onNext(FluxOnErrorReturn.java:159)
api-gateway-1  | 2026-09-23T08:25:12.474266203Z 		at reactor.core.publisher.FluxDefaultIfEmpty$DefaultIfEmptySubscriber.onNext(FluxDefaultIfEmpty.java:123)
api-gateway-1  | 2026-09-23T08:25:12.474274038Z 		at reactor.core.publisher.FluxMapFuseable$MapFuseableSubscriber.onNext(FluxMapFuseable.java:130)
api-gateway-1  | 2026-09-23T08:25:12.474308716Z 		at reactor.core.publisher.FluxContextWrite$ContextWriteSubscriber.onNext(FluxContextWrite.java:109)
api-gateway-1  | 2026-09-23T08:25:12.474318646Z 		at reactor.core.publisher.FluxMapFuseable$MapFuseableConditionalSubscriber.onNext(FluxMapFuseable.java:300)
api-gateway-1  | 2026-09-23T08:25:12.474329928Z 		at reactor.core.publisher.FluxFilterFuseable$FilterFuseableConditionalSubscriber.onNext(FluxFilterFuseable.java:338)
api-gateway-1  | 2026-09-23T08:25:12.474337823Z 		at reactor.core.publisher.Operators$BaseFluxToMonoOperator.completePossiblyEmpty(Operators.java:2093)
api-gateway-1  | 2026-09-23T08:25:12.474345548Z 		at reactor.core.publisher.MonoCollect$CollectSubscriber.onComplete(MonoCollect.java:144)
api-gateway-1  | 2026-09-23T08:25:12.474353083Z 		at reactor.core.publisher.FluxMapFuseable$MapFuseableSubscriber.onComplete(FluxMapFuseable.java:153)
api-gateway-1  | 2026-09-23T08:25:12.474360488Z 		at reactor.core.publisher.Operators$ScalarSubscription.request(Operators.java:2567)
api-gateway-1  | 2026-09-23T08:25:12.474408552Z 		at reactor.core.publisher.FluxMapFuseable$MapFuseableSubscriber.request(FluxMapFuseable.java:172)
api-gateway-1  | 2026-09-23T08:25:12.474413471Z 		at reactor.core.publisher.Operators$BaseFluxToMonoOperator.request(Operators.java:2063)
api-gateway-1  | 2026-09-23T08:25:12.474417599Z 		at reactor.core.publisher.FluxFilterFuseable$FilterFuseableConditionalSubscriber.request(FluxFilterFuseable.java:411)
api-gateway-1  | 2026-09-23T08:25:12.474421908Z 		at reactor.core.publisher.FluxMapFuseable$MapFuseableConditionalSubscriber.request(FluxMapFuseable.java:361)
api-gateway-1  | 2026-09-23T08:25:12.474426387Z 		at reactor.core.publisher.FluxContextWrite$ContextWriteSubscriber.request(FluxContextWrite.java:138)
api-gateway-1  | 2026-09-23T08:25:12.474430765Z 		at reactor.core.publisher.FluxMapFuseable$MapFuseableSubscriber.request(FluxMapFuseable.java:172)
api-gateway-1  | 2026-09-23T08:25:12.474435124Z 		at reactor.core.publisher.FluxDefaultIfEmpty$DefaultIfEmptySubscriber.request(FluxDefaultIfEmpty.java:99)
api-gateway-1  | 2026-09-23T08:25:12.474439542Z 		at reactor.core.publisher.FluxOnErrorReturn$ReturnSubscriber.request(FluxOnErrorReturn.java:150)
api-gateway-1  | 2026-09-23T08:25:12.474443831Z 		at reactor.core.publisher.FluxMap$MapSubscriber.request(FluxMap.java:163)
api-gateway-1  | 2026-09-23T08:25:12.474447989Z 		at reactor.core.publisher.MonoFlatMap$FlatMapMain.request(MonoFlatMap.java:195)
api-gateway-1  | 2026-09-23T08:25:12.474452368Z 		at reactor.core.publisher.Operators$MultiSubscriptionSubscriber.set(Operators.java:2361)
api-gateway-1  | 2026-09-23T08:25:12.474456466Z 		at reactor.core.publisher.FluxOnErrorResume$ResumeSubscriber.onSubscribe(FluxOnErrorResume.java:75)
api-gateway-1  | 2026-09-23T08:25:12.474460684Z 		at reactor.core.publisher.MonoFlatMap$FlatMapMain.onSubscribe(MonoFlatMap.java:118)
api-gateway-1  | 2026-09-23T08:25:12.474464952Z 		at reactor.core.publisher.FluxMap$MapSubscriber.onSubscribe(FluxMap.java:92)
api-gateway-1  | 2026-09-23T08:25:12.474469251Z 		at reactor.core.publisher.FluxOnErrorReturn$ReturnSubscriber.onSubscribe(FluxOnErrorReturn.java:92)
api-gateway-1  | 2026-09-23T08:25:12.474474351Z 		at reactor.core.publisher.Operators$BaseFluxToMonoOperator.onSubscribe(Operators.java:2047)
api-gateway-1  | 2026-09-23T08:25:12.474488268Z 		at reactor.core.publisher.FluxMapFuseable$MapFuseableSubscriber.onSubscribe(FluxMapFuseable.java:96)
api-gateway-1  | 2026-09-23T08:25:12.474493157Z 		at reactor.core.publisher.FluxContextWrite$ContextWriteSubscriber.onSubscribe(FluxContextWrite.java:103)
api-gateway-1  | 2026-09-23T08:25:12.474497857Z 		at reactor.core.publisher.FluxMapFuseable$MapFuseableConditionalSubscriber.onSubscribe(FluxMapFuseable.java:265)
api-gateway-1  | 2026-09-23T08:25:12.474501884Z 		at reactor.core.publisher.FluxFilterFuseable$FilterFuseableConditionalSubscriber.onSubscribe(FluxFilterFuseable.java:305)
api-gateway-1  | 2026-09-23T08:25:12.474506363Z 		at reactor.core.publisher.Operators$BaseFluxToMonoOperator.onSubscribe(Operators.java:2047)
api-gateway-1  | 2026-09-23T08:25:12.474511393Z 		at reactor.core.publisher.FluxMapFuseable$MapFuseableSubscriber.onSubscribe(FluxMapFuseable.java:96)
api-gateway-1  | 2026-09-23T08:25:12.474516082Z 		at reactor.core.publisher.FluxJust.subscribe(FluxJust.java:69)
api-gateway-1  | 2026-09-23T08:25:12.474520411Z 		at reactor.core.publisher.InternalMonoOperator.subscribe(InternalMonoOperator.java:75)
api-gateway-1  | 2026-09-23T08:25:12.474524799Z 		at reactor.core.publisher.MonoFlatMap$FlatMapMain.onNext(MonoFlatMap.java:166)
api-gateway-1  | 2026-09-23T08:25:12.474529048Z 		at reactor.core.publisher.MonoContextWriteRestoringThreadLocals$ContextWriteRestoringThreadLocalsSubscriber.onNext(MonoContextWriteRestoringThreadLocals.java:111)
api-gateway-1  | 2026-09-23T08:25:12.474533657Z 		at reactor.core.publisher.FluxDoFinally$DoFinallySubscriber.onNext(FluxDoFinally.java:113)
api-gateway-1  | 2026-09-23T08:25:12.474538145Z 		at reactor.core.publisher.MonoPeekTerminal$MonoTerminalPeekSubscriber.onNext(MonoPeekTerminal.java:184)
api-gateway-1  | 2026-09-23T08:25:12.474542133Z 		at reactor.core.publisher.FluxPeekFuseable$PeekConditionalSubscriber.onNext(FluxPeekFuseable.java:850)
api-gateway-1  | 2026-09-23T08:25:12.474546201Z 		at reactor.core.publisher.FluxSwitchIfEmpty$SwitchIfEmptySubscriber.onNext(FluxSwitchIfEmpty.java:75)
api-gateway-1  | 2026-09-23T08:25:12.474550339Z 		at reactor.core.publisher.MonoFlatMap$FlatMapMain.onNext(MonoFlatMap.java:159)
api-gateway-1  | 2026-09-23T08:25:12.474555239Z 		at reactor.core.publisher.FluxMap$MapSubscriber.onNext(FluxMap.java:122)
api-gateway-1  | 2026-09-23T08:25:12.474559417Z 		at reactor.core.publisher.MonoNext$NextSubscriber.onNext(MonoNext.java:83)
api-gateway-1  | 2026-09-23T08:25:12.474563645Z 		at reactor.core.publisher.FluxDematerialize$DematerializeSubscriber.onNext(FluxDematerialize.java:102)
api-gateway-1  | 2026-09-23T08:25:12.474567854Z 		at reactor.core.publisher.FluxDematerialize$DematerializeSubscriber.onNext(FluxDematerialize.java:44)
api-gateway-1  | 2026-09-23T08:25:12.474572112Z 		at reactor.core.publisher.FluxFlattenIterable$FlattenIterableSubscriber.drainAsync(FluxFlattenIterable.java:455)
api-gateway-1  | 2026-09-23T08:25:12.474576551Z 		at reactor.core.publisher.FluxFlattenIterable$FlattenIterableSubscriber.drain(FluxFlattenIterable.java:726)
api-gateway-1  | 2026-09-23T08:25:12.474581661Z 		at reactor.core.publisher.FluxFlattenIterable$FlattenIterableSubscriber.onNext(FluxFlattenIterable.java:258)
api-gateway-1  | 2026-09-23T08:25:12.474586109Z 		at reactor.core.publisher.FluxSwitchIfEmpty$SwitchIfEmptySubscriber.onNext(FluxSwitchIfEmpty.java:75)
api-gateway-1  | 2026-09-23T08:25:12.474597482Z 		at reactor.core.publisher.MonoFlatMap$FlatMapMain.secondComplete(MonoFlatMap.java:246)
api-gateway-1  | 2026-09-23T08:25:12.474601600Z 		at reactor.core.publisher.MonoFlatMap$FlatMapInner.onNext(MonoFlatMap.java:307)
api-gateway-1  | 2026-09-23T08:25:12.474605768Z 		at reactor.core.publisher.MonoIgnoreThen$ThenIgnoreMain.complete(MonoIgnoreThen.java:297)
api-gateway-1  | 2026-09-23T08:25:12.474610357Z 		at reactor.core.publisher.MonoIgnoreThen$ThenIgnoreMain.onNext(MonoIgnoreThen.java:191)
api-gateway-1  | 2026-09-23T08:25:12.474614605Z 		at reactor.core.publisher.MonoIgnoreThen$ThenIgnoreMain.subscribeNext(MonoIgnoreThen.java:240)
api-gateway-1  | 2026-09-23T08:25:12.474618874Z 		at reactor.core.publisher.MonoIgnoreThen$ThenIgnoreMain.onComplete(MonoIgnoreThen.java:207)
api-gateway-1  | 2026-09-23T08:25:12.474622952Z 		at reactor.core.publisher.MonoIgnoreElements$IgnoreElementsSubscriber.onComplete(MonoIgnoreElements.java:89)
api-gateway-1  | 2026-09-23T08:25:12.474627320Z 		at reactor.core.publisher.FluxPeek$PeekSubscriber.onComplete(FluxPeek.java:263)
api-gateway-1  | 2026-09-23T08:25:12.474631508Z 		at reactor.core.publisher.FluxDematerialize$DematerializeSubscriber.onComplete(FluxDematerialize.java:125)
api-gateway-1  | 2026-09-23T08:25:12.474635907Z 		at reactor.core.publisher.FluxDematerialize$DematerializeSubscriber.onNext(FluxDematerialize.java:91)
api-gateway-1  | 2026-09-23T08:25:12.474640205Z 		at reactor.core.publisher.FluxDematerialize$DematerializeSubscriber.onNext(FluxDematerialize.java:44)
api-gateway-1  | 2026-09-23T08:25:12.474644955Z 		at reactor.core.publisher.FluxIterable$IterableSubscription.fastPath(FluxIterable.java:402)
api-gateway-1  | 2026-09-23T08:25:12.474650355Z 		at reactor.core.publisher.FluxIterable$IterableSubscription.request(FluxIterable.java:291)
api-gateway-1  | 2026-09-23T08:25:12.474655054Z 		at reactor.core.publisher.FluxDematerialize$DematerializeSubscriber.request(FluxDematerialize.java:131)
api-gateway-1  | 2026-09-23T08:25:12.474659052Z 		at reactor.core.publisher.FluxPeek$PeekSubscriber.request(FluxPeek.java:141)
api-gateway-1  | 2026-09-23T08:25:12.474662860Z 		at reactor.core.publisher.MonoIgnoreElements$IgnoreElementsSubscriber.onSubscribe(MonoIgnoreElements.java:72)
api-gateway-1  | 2026-09-23T08:25:12.474666948Z 		at reactor.core.publisher.FluxPeek$PeekSubscriber.onSubscribe(FluxPeek.java:174)
api-gateway-1  | 2026-09-23T08:25:12.474671497Z 		at reactor.core.publisher.FluxDematerialize$DematerializeSubscriber.onSubscribe(FluxDematerialize.java:77)
api-gateway-1  | 2026-09-23T08:25:12.474675314Z 		at reactor.core.publisher.FluxIterable.subscribe(FluxIterable.java:200)
api-gateway-1  | 2026-09-23T08:25:12.474680224Z 		at reactor.core.publisher.FluxIterable.subscribe(FluxIterable.java:82)
api-gateway-1  | 2026-09-23T08:25:12.474684993Z 		at reactor.core.publisher.Mono.subscribe(Mono.java:4569)
api-gateway-1  | 2026-09-23T08:25:12.474689993Z 		at reactor.core.publisher.MonoIgnoreThen$ThenIgnoreMain.subscribeNext(MonoIgnoreThen.java:268)
api-gateway-1  | 2026-09-23T08:25:12.474694301Z 		at reactor.core.publisher.MonoIgnoreThen.subscribe(MonoIgnoreThen.java:51)
api-gateway-1  | 2026-09-23T08:25:12.474706415Z 		at reactor.core.publisher.MonoFlatMap$FlatMapMain.onNext(MonoFlatMap.java:166)
api-gateway-1  | 2026-09-23T08:25:12.474710864Z 		at reactor.core.publisher.Operators$BaseFluxToMonoOperator.completePossiblyEmpty(Operators.java:2093)
api-gateway-1  | 2026-09-23T08:25:12.474715192Z 		at reactor.core.publisher.MonoCollectList$MonoCollectListSubscriber.onComplete(MonoCollectList.java:117)
api-gateway-1  | 2026-09-23T08:25:12.474719521Z 		at reactor.core.publisher.DrainUtils.postCompleteDrain(DrainUtils.java:132)
api-gateway-1  | 2026-09-23T08:25:12.474723749Z 		at reactor.core.publisher.DrainUtils.postComplete(DrainUtils.java:187)
api-gateway-1  | 2026-09-23T08:25:12.474727937Z 		at reactor.core.publisher.FluxMaterialize$MaterializeSubscriber.onComplete(FluxMaterialize.java:141)
api-gateway-1  | 2026-09-23T08:25:12.474751824Z 		at reactor.core.publisher.FluxLimitRequest$FluxLimitRequestSubscriber.onNext(FluxLimitRequest.java:104)
api-gateway-1  | 2026-09-23T08:25:12.474756333Z 		at reactor.core.publisher.FluxOnErrorResume$ResumeSubscriber.onNext(FluxOnErrorResume.java:80)
api-gateway-1  | 2026-09-23T08:25:12.474761252Z 		at reactor.core.publisher.SerializedSubscriber.onNext(SerializedSubscriber.java:100)
api-gateway-1  | 2026-09-23T08:25:12.474766042Z 		at reactor.core.publisher.FluxTimeout$TimeoutMainSubscriber.onNext(FluxTimeout.java:182)
api-gateway-1  | 2026-09-23T08:25:12.474770450Z 		at reactor.core.publisher.Operators$BaseFluxToMonoOperator.completePossiblyEmpty(Operators.java:2093)
api-gateway-1  | 2026-09-23T08:25:12.474775130Z 		at reactor.core.publisher.MonoCollectList$MonoCollectListSubscriber.onComplete(MonoCollectList.java:117)
api-gateway-1  | 2026-09-23T08:25:12.474780480Z 		at reactor.core.publisher.FluxContextWriteRestoringThreadLocals$ContextWriteRestoringThreadLocalsSubscriber.onComplete(FluxContextWriteRestoringThreadLocals.java:150)
api-gateway-1  | 2026-09-23T08:25:12.474785510Z 		at org.springframework.cloud.commons.publisher.FluxFirstNonEmptyEmitting$FirstNonEmptyEmittingSubscriber.onComplete(FluxFirstNonEmptyEmitting.java:325)
api-gateway-1  | 2026-09-23T08:25:12.474790279Z 		at reactor.core.publisher.Operators.complete(Operators.java:137)
api-gateway-1  | 2026-09-23T08:25:12.474794127Z 		at reactor.core.publisher.FluxIterable.subscribe(FluxIterable.java:143)
api-gateway-1  | 2026-09-23T08:25:12.474798034Z 		at reactor.core.publisher.FluxIterable.subscribe(FluxIterable.java:82)
api-gateway-1  | 2026-09-23T08:25:12.474802463Z 		at reactor.core.publisher.Flux.subscribe(Flux.java:8888)
api-gateway-1  | 2026-09-23T08:25:12.474807052Z 		at org.springframework.cloud.commons.publisher.FluxFirstNonEmptyEmitting$RaceCoordinator.subscribe(FluxFirstNonEmptyEmitting.java:203)
api-gateway-1  | 2026-09-23T08:25:12.474811380Z 		at org.springframework.cloud.commons.publisher.FluxFirstNonEmptyEmitting.subscribe(FluxFirstNonEmptyEmitting.java:128)
api-gateway-1  | 2026-09-23T08:25:12.474816711Z 		at reactor.core.publisher.InternalFluxOperator.subscribe(InternalFluxOperator.java:67)
api-gateway-1  | 2026-09-23T08:25:12.474821761Z 		at reactor.core.publisher.FluxDefer.subscribe(FluxDefer.java:55)
api-gateway-1  | 2026-09-23T08:25:12.474825468Z 		at reactor.core.publisher.InternalFluxOperator.subscribe(InternalFluxOperator.java:67)
api-gateway-1  | 2026-09-23T08:25:12.474838293Z 		at reactor.core.publisher.FluxDefer.subscribe(FluxDefer.java:55)
api-gateway-1  | 2026-09-23T08:25:12.474843263Z 		at reactor.core.publisher.Mono.subscribe(Mono.java:4569)
api-gateway-1  | 2026-09-23T08:25:12.474847581Z 		at reactor.core.publisher.FluxSwitchIfEmpty$SwitchIfEmptySubscriber.onComplete(FluxSwitchIfEmpty.java:83)
api-gateway-1  | 2026-09-23T08:25:12.474852110Z 		at reactor.core.publisher.Operators.complete(Operators.java:137)
api-gateway-1  | 2026-09-23T08:25:12.474856339Z 		at reactor.core.publisher.MonoEmpty.subscribe(MonoEmpty.java:46)
api-gateway-1  | 2026-09-23T08:25:12.474860467Z 		at reactor.core.publisher.InternalFluxOperator.subscribe(InternalFluxOperator.java:67)
api-gateway-1  | 2026-09-23T08:25:12.474864705Z 		at reactor.core.publisher.FluxDefer.subscribe(FluxDefer.java:55)
api-gateway-1  | 2026-09-23T08:25:12.474868993Z 		at reactor.core.publisher.InternalMonoOperator.subscribe(InternalMonoOperator.java:75)
api-gateway-1  | 2026-09-23T08:25:12.474873141Z 		at reactor.core.publisher.MonoDefer.subscribe(MonoDefer.java:54)
api-gateway-1  | 2026-09-23T08:25:12.474877340Z 		at reactor.core.publisher.InternalMonoOperator.subscribe(InternalMonoOperator.java:75)
api-gateway-1  | 2026-09-23T08:25:12.474881838Z 		at reactor.core.publisher.MonoContextWriteRestoringThreadLocals.subscribe(MonoContextWriteRestoringThreadLocals.java:44)
api-gateway-1  | 2026-09-23T08:25:12.474886287Z 		at reactor.core.publisher.MonoDeferContextual.subscribe(MonoDeferContextual.java:56)
api-gateway-1  | 2026-09-23T08:25:12.474890405Z 		at reactor.core.publisher.FluxFromMonoOperator.subscribe(FluxFromMonoOperator.java:83)
api-gateway-1  | 2026-09-23T08:25:12.474895175Z 		at reactor.core.publisher.FluxDeferContextual.subscribe(FluxDeferContextual.java:58)
api-gateway-1  | 2026-09-23T08:25:12.474899653Z 		at reactor.core.publisher.InternalMonoOperator.subscribe(InternalMonoOperator.java:75)
api-gateway-1  | 2026-09-23T08:25:12.474903832Z 		at reactor.core.publisher.MonoFlatMap$FlatMapMain.onNext(MonoFlatMap.java:166)
api-gateway-1  | 2026-09-23T08:25:12.474908090Z 		at reactor.core.publisher.FluxOnErrorResume$ResumeSubscriber.onNext(FluxOnErrorResume.java:80)
api-gateway-1  | 2026-09-23T08:25:12.474912338Z 		at reactor.core.publisher.FluxOnErrorResume$ResumeSubscriber.onNext(FluxOnErrorResume.java:80)
api-gateway-1  | 2026-09-23T08:25:12.474916787Z 		at reactor.core.publisher.FluxPeek$PeekSubscriber.onNext(FluxPeek.java:203)
api-gateway-1  | 2026-09-23T08:25:12.474922478Z 		at reactor.core.publisher.MonoIgnoreThen$ThenIgnoreMain.complete(MonoIgnoreThen.java:297)
api-gateway-1  | 2026-09-23T08:25:12.474927137Z 		at reactor.core.publisher.MonoIgnoreThen$ThenIgnoreMain.onNext(MonoIgnoreThen.java:191)
api-gateway-1  | 2026-09-23T08:25:12.474931295Z 		at reactor.core.publisher.MonoFlatMap$FlatMapMain.onNext(MonoFlatMap.java:159)
api-gateway-1  | 2026-09-23T08:25:12.474935123Z 		at reactor.core.publisher.MonoZip$ZipCoordinator.signal(MonoZip.java:296)
api-gateway-1  | 2026-09-23T08:25:12.474939141Z 		at reactor.core.publisher.MonoZip$ZipInner.onNext(MonoZip.java:480)
api-gateway-1  | 2026-09-23T08:25:12.474943840Z 		at reactor.core.publisher.MonoPeekTerminal$MonoTerminalPeekSubscriber.onNext(MonoPeekTerminal.java:184)
api-gateway-1  | 2026-09-23T08:25:12.474956425Z 		at reactor.core.publisher.FluxDefaultIfEmpty$DefaultIfEmptySubscriber.onNext(FluxDefaultIfEmpty.java:123)
api-gateway-1  | 2026-09-23T08:25:12.474961545Z 		at reactor.core.publisher.FluxSwitchIfEmpty$SwitchIfEmptySubscriber.onNext(FluxSwitchIfEmpty.java:75)
api-gateway-1  | 2026-09-23T08:25:12.474965853Z 		at reactor.core.publisher.Operators$ScalarSubscription.request(Operators.java:2565)
api-gateway-1  | 2026-09-23T08:25:12.474969831Z 		at reactor.core.publisher.Operators$MultiSubscriptionSubscriber.set(Operators.java:2361)
api-gateway-1  | 2026-09-23T08:25:12.474973789Z 		at reactor.core.publisher.Operators$MultiSubscriptionSubscriber.onSubscribe(Operators.java:2235)
api-gateway-1  | 2026-09-23T08:25:12.474977927Z 		at reactor.core.publisher.FluxFlatMap.trySubscribeScalarMap(FluxFlatMap.java:193)
api-gateway-1  | 2026-09-23T08:25:12.474981884Z 		at reactor.core.publisher.MonoFlatMap.subscribeOrReturn(MonoFlatMap.java:53)
api-gateway-1  | 2026-09-23T08:25:12.474985852Z 		at reactor.core.publisher.InternalMonoOperator.subscribe(InternalMonoOperator.java:62)
api-gateway-1  | 2026-09-23T08:25:12.474989810Z 		at reactor.core.publisher.MonoZip$ZipCoordinator.request(MonoZip.java:219)
api-gateway-1  | 2026-09-23T08:25:12.474993828Z 		at reactor.core.publisher.MonoFlatMap$FlatMapMain.request(MonoFlatMap.java:195)
api-gateway-1  | 2026-09-23T08:25:12.474997785Z 		at reactor.core.publisher.MonoIgnoreThen$ThenIgnoreMain.onSubscribe(MonoIgnoreThen.java:135)
api-gateway-1  | 2026-09-23T08:25:12.475002024Z 		at reactor.core.publisher.MonoFlatMap$FlatMapMain.onSubscribe(MonoFlatMap.java:118)
api-gateway-1  | 2026-09-23T08:25:12.475006422Z 		at reactor.core.publisher.MonoZip.subscribe(MonoZip.java:129)
api-gateway-1  | 2026-09-23T08:25:12.475010741Z 		at reactor.core.publisher.InternalMonoOperator.subscribe(InternalMonoOperator.java:75)
api-gateway-1  | 2026-09-23T08:25:12.475015109Z 		at reactor.core.publisher.MonoDefer.subscribe(MonoDefer.java:54)
api-gateway-1  | 2026-09-23T08:25:12.475019047Z 		at reactor.core.publisher.MonoIgnoreThen$ThenIgnoreMain.subscribeNext(MonoIgnoreThen.java:244)
api-gateway-1  | 2026-09-23T08:25:12.475023396Z 		at reactor.core.publisher.MonoIgnoreThen$ThenIgnoreMain.onComplete(MonoIgnoreThen.java:207)
api-gateway-1  | 2026-09-23T08:25:12.475028656Z 		at reactor.core.publisher.MonoFlatMap$FlatMapMain.onComplete(MonoFlatMap.java:190)
api-gateway-1  | 2026-09-23T08:25:12.475032894Z 		at reactor.core.publisher.Operators.complete(Operators.java:137)
api-gateway-1  | 2026-09-23T08:25:12.475037143Z 		at reactor.core.publisher.MonoZip.subscribe(MonoZip.java:121)
api-gateway-1  | 2026-09-23T08:25:12.475041271Z 		at reactor.core.publisher.Mono.subscribe(Mono.java:4569)
api-gateway-1  | 2026-09-23T08:25:12.475045499Z 		at reactor.core.publisher.MonoIgnoreThen$ThenIgnoreMain.subscribeNext(MonoIgnoreThen.java:268)
api-gateway-1  | 2026-09-23T08:25:12.475049587Z 		at reactor.core.publisher.MonoIgnoreThen.subscribe(MonoIgnoreThen.java:51)
api-gateway-1  | 2026-09-23T08:25:12.475053695Z 		at reactor.core.publisher.InternalMonoOperator.subscribe(InternalMonoOperator.java:75)
api-gateway-1  | 2026-09-23T08:25:12.475058114Z 		at reactor.core.publisher.MonoFlatMap$FlatMapMain.onNext(MonoFlatMap.java:166)
api-gateway-1  | 2026-09-23T08:25:12.475069596Z 		at reactor.core.publisher.FluxOnErrorResume$ResumeSubscriber.onNext(FluxOnErrorResume.java:80)
api-gateway-1  | 2026-09-23T08:25:12.475073854Z 		at reactor.core.publisher.FluxSwitchIfEmpty$SwitchIfEmptySubscriber.onNext(FluxSwitchIfEmpty.java:75)
api-gateway-1  | 2026-09-23T08:25:12.475078013Z 		at reactor.core.publisher.MonoNext$NextSubscriber.onNext(MonoNext.java:83)
api-gateway-1  | 2026-09-23T08:25:12.475082722Z 		at reactor.core.publisher.FluxConcatMapNoPrefetch$FluxConcatMapNoPrefetchSubscriber.innerNext(FluxConcatMapNoPrefetch.java:259)
api-gateway-1  | 2026-09-23T08:25:12.475087892Z 		at reactor.core.publisher.FluxConcatMap$ConcatMapInner.onNext(FluxConcatMap.java:870)
api-gateway-1  | 2026-09-23T08:25:12.475092511Z 		at reactor.core.publisher.FluxMapFuseable$MapFuseableSubscriber.onNext(FluxMapFuseable.java:130)
api-gateway-1  | 2026-09-23T08:25:12.475096479Z 		at reactor.core.publisher.MonoPeekTerminal$MonoTerminalPeekSubscriber.onNext(MonoPeekTerminal.java:184)
api-gateway-1  | 2026-09-23T08:25:12.475100737Z 		at reactor.core.publisher.Operators$ScalarSubscription.request(Operators.java:2565)
api-gateway-1  | 2026-09-23T08:25:12.475104895Z 		at reactor.core.publisher.MonoPeekTerminal$MonoTerminalPeekSubscriber.request(MonoPeekTerminal.java:142)
api-gateway-1  | 2026-09-23T08:25:12.475109194Z 		at reactor.core.publisher.FluxMapFuseable$MapFuseableSubscriber.request(FluxMapFuseable.java:172)
api-gateway-1  | 2026-09-23T08:25:12.475113392Z 		at reactor.core.publisher.Operators$MultiSubscriptionSubscriber.request(Operators.java:2325)
api-gateway-1  | 2026-09-23T08:25:12.475117590Z 		at reactor.core.publisher.FluxConcatMapNoPrefetch$FluxConcatMapNoPrefetchSubscriber.request(FluxConcatMapNoPrefetch.java:339)
api-gateway-1  | 2026-09-23T08:25:12.475122379Z 		at reactor.core.publisher.MonoNext$NextSubscriber.request(MonoNext.java:109)
api-gateway-1  | 2026-09-23T08:25:12.475126457Z 		at reactor.core.publisher.Operators$MultiSubscriptionSubscriber.set(Operators.java:2361)
api-gateway-1  | 2026-09-23T08:25:12.475130696Z 		at reactor.core.publisher.Operators$MultiSubscriptionSubscriber.onSubscribe(Operators.java:2235)
api-gateway-1  | 2026-09-23T08:25:12.475136287Z 		at reactor.core.publisher.MonoNext$NextSubscriber.onSubscribe(MonoNext.java:71)
api-gateway-1  | 2026-09-23T08:25:12.475141377Z 		at reactor.core.publisher.FluxConcatMapNoPrefetch$FluxConcatMapNoPrefetchSubscriber.onSubscribe(FluxConcatMapNoPrefetch.java:164)
api-gateway-1  | 2026-09-23T08:25:12.475145705Z 		at reactor.core.publisher.FluxIterable.subscribe(FluxIterable.java:200)
api-gateway-1  | 2026-09-23T08:25:12.475149913Z 		at reactor.core.publisher.FluxIterable.subscribe(FluxIterable.java:82)
api-gateway-1  | 2026-09-23T08:25:12.475154162Z 		at reactor.core.publisher.InternalMonoOperator.subscribe(InternalMonoOperator.java:75)
api-gateway-1  | 2026-09-23T08:25:12.475158340Z 		at reactor.core.publisher.MonoDefer.subscribe(MonoDefer.java:54)
api-gateway-1  | 2026-09-23T08:25:12.475162538Z 		at reactor.core.publisher.InternalMonoOperator.subscribe(InternalMonoOperator.java:75)
api-gateway-1  | 2026-09-23T08:25:12.475166656Z 		at reactor.core.publisher.MonoDefer.subscribe(MonoDefer.java:54)
api-gateway-1  | 2026-09-23T08:25:12.475170774Z 		at reactor.core.publisher.InternalMonoOperator.subscribe(InternalMonoOperator.java:75)
api-gateway-1  | 2026-09-23T08:25:12.475182106Z 		at reactor.core.publisher.MonoTapRestoringThreadLocals.subscribe(MonoTapRestoringThreadLocals.java:78)
api-gateway-1  | 2026-09-23T08:25:12.475186575Z 		at reactor.core.publisher.Mono.subscribe(Mono.java:4569)
api-gateway-1  | 2026-09-23T08:25:12.475190703Z 		at reactor.core.publisher.MonoIgnoreThen$ThenIgnoreMain.subscribeNext(MonoIgnoreThen.java:268)
api-gateway-1  | 2026-09-23T08:25:12.475194781Z 		at reactor.core.publisher.MonoIgnoreThen.subscribe(MonoIgnoreThen.java:51)
api-gateway-1  | 2026-09-23T08:25:12.475198839Z 		at reactor.core.publisher.InternalMonoOperator.subscribe(InternalMonoOperator.java:75)
api-gateway-1  | 2026-09-23T08:25:12.475202937Z 		at reactor.core.publisher.MonoDeferContextual.subscribe(MonoDeferContextual.java:56)
api-gateway-1  | 2026-09-23T08:25:12.475206965Z 		at reactor.netty.http.server.HttpServer$HttpServerHandle.onStateChange(HttpServer.java:1344)
api-gateway-1  | 2026-09-23T08:25:12.475211103Z 		at reactor.netty.ReactorNetty$CompositeConnectionObserver.onStateChange(ReactorNetty.java:730)
api-gateway-1  | 2026-09-23T08:25:12.475215512Z 		at reactor.netty.transport.ServerTransport$ChildObserver.onStateChange(ServerTransport.java:489)
api-gateway-1  | 2026-09-23T08:25:12.475219820Z 		at reactor.netty.http.server.HttpServerOperations.handleDefaultHttpRequest(HttpServerOperations.java:863)
api-gateway-1  | 2026-09-23T08:25:12.475224259Z 		at reactor.netty.http.server.HttpServerOperations.onInboundNext(HttpServerOperations.java:789)
api-gateway-1  | 2026-09-23T08:25:12.475228517Z 		at reactor.netty.channel.ChannelOperationsHandler.channelRead(ChannelOperationsHandler.java:115)
api-gateway-1  | 2026-09-23T08:25:12.475232826Z 		at io.netty.channel.AbstractChannelHandlerContext.fireChannelRead(AbstractChannelHandlerContext.java:356)
api-gateway-1  | 2026-09-23T08:25:12.475238206Z 		at reactor.netty.http.server.HttpTrafficHandler.channelRead(HttpTrafficHandler.java:283)
api-gateway-1  | 2026-09-23T08:25:12.475242425Z 		at io.netty.channel.AbstractChannelHandlerContext.fireChannelRead(AbstractChannelHandlerContext.java:354)
api-gateway-1  | 2026-09-23T08:25:12.475246813Z 		at io.netty.channel.CombinedChannelDuplexHandler$DelegatingChannelHandlerContext.fireChannelRead(CombinedChannelDuplexHandler.java:434)
api-gateway-1  | 2026-09-23T08:25:12.475250751Z 		at io.netty.handler.codec.ByteToMessageDecoder.fireChannelRead(ByteToMessageDecoder.java:361)
api-gateway-1  | 2026-09-23T08:25:12.475254889Z 		at io.netty.handler.codec.ByteToMessageDecoder.channelRead(ByteToMessageDecoder.java:325)
api-gateway-1  | 2026-09-23T08:25:12.475258937Z 		at io.netty.channel.CombinedChannelDuplexHandler.channelRead(CombinedChannelDuplexHandler.java:249)
api-gateway-1  | 2026-09-23T08:25:12.475263005Z 		at io.netty.channel.AbstractChannelHandlerContext.fireChannelRead(AbstractChannelHandlerContext.java:354)
api-gateway-1  | 2026-09-23T08:25:12.475267213Z 		at io.netty.channel.DefaultChannelPipeline$HeadContext.channelRead(DefaultChannelPipeline.java:1429)
api-gateway-1  | 2026-09-23T08:25:12.475271341Z 		at io.netty.channel.DefaultChannelPipeline.fireChannelRead(DefaultChannelPipeline.java:918)
api-gateway-1  | 2026-09-23T08:25:12.475276020Z 		at io.netty.channel.epoll.AbstractEpollStreamChannel$EpollStreamUnsafe.epollInReady(AbstractEpollStreamChannel.java:804)
api-gateway-1  | 2026-09-23T08:25:12.475295198Z 		at io.netty.channel.epoll.AbstractEpollChannel$AbstractEpollUnsafe.handle(AbstractEpollChannel.java:482)
api-gateway-1  | 2026-09-23T08:25:12.475299757Z 		at io.netty.channel.epoll.EpollIoHandler$DefaultEpollIoRegistration.handle(EpollIoHandler.java:317)
api-gateway-1  | 2026-09-23T08:25:12.475304396Z 		at io.netty.channel.epoll.EpollIoHandler.processReady(EpollIoHandler.java:515)
api-gateway-1  | 2026-09-23T08:25:12.475308544Z 		at io.netty.channel.epoll.EpollIoHandler.run(EpollIoHandler.java:460)
api-gateway-1  | 2026-09-23T08:25:12.475312722Z 		at io.netty.channel.SingleThreadIoEventLoop.runIo(SingleThreadIoEventLoop.java:225)
api-gateway-1  | 2026-09-23T08:25:12.475317481Z 		at io.netty.channel.SingleThreadIoEventLoop.run(SingleThreadIoEventLoop.java:196)
api-gateway-1  | 2026-09-23T08:25:12.475322431Z 		at io.netty.util.concurrent.SingleThreadEventExecutor$5.run(SingleThreadEventExecutor.java:1195)
api-gateway-1  | 2026-09-23T08:25:12.475326599Z 		at io.netty.util.internal.ThreadExecutorMap$2.run(ThreadExecutorMap.java:74)
api-gateway-1  | 2026-09-23T08:25:12.475330908Z 		at io.netty.util.concurrent.FastThreadLocalRunnable.run(FastThreadLocalRunnable.java:30)
api-gateway-1  | 2026-09-23T08:25:12.475335256Z 		at java.base/java.lang.Thread.run(Thread.java:840)
api-gateway-1  | 2026-09-23T08:25:12.475339344Z 
api-gateway-1  | 2026-09-23T08:25:12.479407976Z 2026-09-23T08:25:12.478Z  WARN 1 --- [api-gateway] [or-http-epoll-8] [                                                 ] i.m.o.c.ObservationThreadLocalAccessor   : There is no current scope in thread local. This situation should not happen
api-gateway-1  | 2026-09-23T08:25:12.480002016Z 2026-09-23T08:25:12.479Z  WARN 1 --- [api-gateway] [or-http-epoll-8] [                                                 ] i.m.o.c.ObservationThreadLocalAccessor   : Observation <{name=http.server.requests(http get /api/gateway/owners/{ownerId}), error=org.springframework.web.reactive.function.client.WebClientResponseException$ServiceUnavailable: 503 Service Unavailable from UNKNOWN , context=name='http.server.requests', contextualName='http get /api/gateway/owners/{ownerId}', error='org.springframework.web.reactive.function.client.WebClientResponseException$ServiceUnavailable: 503 Service Unavailable from UNKNOWN ', lowCardinalityKeyValues=[exception='ServiceUnavailable', method='GET', outcome='SERVER_ERROR', status='500', uri='/api/gateway/owners/{ownerId}'], highCardinalityKeyValues=[http.url='/api/gateway/owners/6'], map=[class io.micrometer.tracing.handler.TracingObservationHandler$TracingContext='TracingContext{span=6ab38ce89bfb5030eee11c5efb904d02/eee11c5efb904d02}', class io.micrometer.core.instrument.LongTaskTimer$Sample='SampleImpl{duration(seconds)=-1.0E-9, duration(nanos)=-1.0, startTimeNanos=1391785691378}', class io.micrometer.core.instrument.Timer$Sample='io.micrometer.core.instrument.Timer$Sample@2a690f0'], parentObservation=null}> to which we're restoring is not the same as the one set as this scope's parent observation <null>. Most likely a manually created Observation has a scope opened that was never closed. This may lead to thread polluting and memory leaks.
api-gateway-1  | 2026-09-23T08:25:15.494294147Z 2026-09-23T08:25:15.493Z  WARN 1 --- [api-gateway] [or-http-epoll-9] [6ab38ceb3b136e52da6369dbf4a81b58-da6369dbf4a81b58] i.m.o.c.ObservationThreadLocalAccessor   : Observation <{name=http.server.requests(null), error=null, context=name='http.server.requests', contextualName='null', error='null', lowCardinalityKeyValues=[exception='none', method='GET', outcome='SUCCESS', status='200', uri='UNKNOWN'], highCardinalityKeyValues=[http.url='/api/gateway/owners/6'], map=[class io.micrometer.tracing.handler.TracingObservationHandler$TracingContext='TracingContext{span=6ab38ceb3b136e52da6369dbf4a81b58/da6369dbf4a81b58}', class io.micrometer.core.instrument.LongTaskTimer$Sample='SampleImpl{duration(seconds)=0.00292277, duration(nanos)=2922770.0, startTimeNanos=1394813041469}', class io.micrometer.core.instrument.Timer$Sample='io.micrometer.core.instrument.Timer$Sample@5e22bdea'], parentObservation=null}> to which we're restoring is not the same as the one set as this scope's parent observation <null>. Most likely a manually created Observation has a scope opened that was never closed. This may lead to thread polluting and memory leaks.
api-gateway-1  | 2026-09-23T08:25:15.496421700Z 2026-09-23T08:25:15.495Z  WARN 1 --- [api-gateway] [or-http-epoll-9] [                                                 ] o.s.c.l.core.RoundRobinLoadBalancer      : No servers available for service: customers-service
api-gateway-1  | 2026-09-23T08:25:15.496630208Z 2026-09-23T08:25:15.496Z  WARN 1 --- [api-gateway] [or-http-epoll-9] [                                                 ] eactorLoadBalancerExchangeFilterFunction : LoadBalancer does not contain an instance for the service customers-service
api-gateway-1  | 2026-09-23T08:25:15.501038833Z 2026-09-23T08:25:15.498Z ERROR 1 --- [api-gateway] [or-http-epoll-9] [6ab38ceb3b136e52da6369dbf4a81b58-da6369dbf4a81b58] b.w.a.e.AbstractErrorWebExceptionHandler : [63987cd8-8]  500 Server Error for HTTP GET "/api/gateway/owners/6"
api-gateway-1  | 2026-09-23T08:25:15.501094221Z 
api-gateway-1  | 2026-09-23T08:25:15.501103619Z org.springframework.web.reactive.function.client.WebClientResponseException$ServiceUnavailable: 503 Service Unavailable from UNKNOWN 
api-gateway-1  | 2026-09-23T08:25:15.501112196Z 	at org.springframework.web.reactive.function.client.WebClientResponseException.create(WebClientResponseException.java:322)
api-gateway-1  | 2026-09-23T08:25:15.501120913Z 	Suppressed: The stacktrace has been enhanced by Reactor, refer to additional information below: 
api-gateway-1  | 2026-09-23T08:25:15.501126574Z Error has been observed at the following site(s):
api-gateway-1  | 2026-09-23T08:25:15.501130883Z 	*__checkpoint ⇢ 503 SERVICE_UNAVAILABLE from GET http://customers-service/owners/6 [DefaultWebClient]
api-gateway-1  | 2026-09-23T08:25:15.501136023Z 	*__checkpoint ⇢ Handler org.springframework.samples.petclinic.api.boundary.web.ApiGatewayController#getOwnerDetails(int) [DispatcherHandler]
api-gateway-1  | 2026-09-23T08:25:15.501140872Z 	*__checkpoint ⇢ org.springframework.cloud.gateway.filter.WeightCalculatorWebFilter@5d94ac8a
api-gateway-1  | 2026-09-23T08:25:15.501145532Z 	*__checkpoint ⇢ HTTP GET "/api/gateway/owners/6" [ExceptionHandlingWebHandler]
api-gateway-1  | 2026-09-23T08:25:15.501149930Z Original Stack Trace:
api-gateway-1  | 2026-09-23T08:25:15.501153828Z 		at org.springframework.web.reactive.function.client.WebClientResponseException.create(WebClientResponseException.java:322)
api-gateway-1  | 2026-09-23T08:25:15.501158276Z 		at org.springframework.web.reactive.function.client.DefaultClientResponse.lambda$createException$1(DefaultClientResponse.java:214)
api-gateway-1  | 2026-09-23T08:25:15.501162395Z 		at reactor.core.publisher.FluxMap$MapSubscriber.onNext(FluxMap.java:106)
api-gateway-1  | 2026-09-23T08:25:15.501166232Z 		at reactor.core.publisher.FluxOnErrorReturn$ReturnSubscriber.onNext(FluxOnErrorReturn.java:159)
api-gateway-1  | 2026-09-23T08:25:15.501190770Z 		at reactor.core.publisher.FluxDefaultIfEmpty$DefaultIfEmptySubscriber.onNext(FluxDefaultIfEmpty.java:123)
api-gateway-1  | 2026-09-23T08:25:15.501195740Z 		at reactor.core.publisher.FluxMapFuseable$MapFuseableSubscriber.onNext(FluxMapFuseable.java:130)
api-gateway-1  | 2026-09-23T08:25:15.501200259Z 		at reactor.core.publisher.FluxContextWrite$ContextWriteSubscriber.onNext(FluxContextWrite.java:109)
api-gateway-1  | 2026-09-23T08:25:15.501204707Z 		at reactor.core.publisher.FluxMapFuseable$MapFuseableConditionalSubscriber.onNext(FluxMapFuseable.java:300)
api-gateway-1  | 2026-09-23T08:25:15.501211010Z 		at reactor.core.publisher.FluxFilterFuseable$FilterFuseableConditionalSubscriber.onNext(FluxFilterFuseable.java:338)
api-gateway-1  | 2026-09-23T08:25:15.501215559Z 		at reactor.core.publisher.Operators$BaseFluxToMonoOperator.completePossiblyEmpty(Operators.java:2093)
api-gateway-1  | 2026-09-23T08:25:15.501220017Z 		at reactor.core.publisher.MonoCollect$CollectSubscriber.onComplete(MonoCollect.java:144)
api-gateway-1  | 2026-09-23T08:25:15.501224426Z 		at reactor.core.publisher.FluxMapFuseable$MapFuseableSubscriber.onComplete(FluxMapFuseable.java:153)
api-gateway-1  | 2026-09-23T08:25:15.501229055Z 		at reactor.core.publisher.Operators$ScalarSubscription.request(Operators.java:2567)
api-gateway-1  | 2026-09-23T08:25:15.501233103Z 		at reactor.core.publisher.FluxMapFuseable$MapFuseableSubscriber.request(FluxMapFuseable.java:172)
api-gateway-1  | 2026-09-23T08:25:15.501237311Z 		at reactor.core.publisher.Operators$BaseFluxToMonoOperator.request(Operators.java:2063)
api-gateway-1  | 2026-09-23T08:25:15.501241479Z 		at reactor.core.publisher.FluxFilterFuseable$FilterFuseableConditionalSubscriber.request(FluxFilterFuseable.java:411)
api-gateway-1  | 2026-09-23T08:25:15.501245587Z 		at reactor.core.publisher.FluxMapFuseable$MapFuseableConditionalSubscriber.request(FluxMapFuseable.java:361)
api-gateway-1  | 2026-09-23T08:25:15.501249716Z 		at reactor.core.publisher.FluxContextWrite$ContextWriteSubscriber.request(FluxContextWrite.java:138)
api-gateway-1  | 2026-09-23T08:25:15.501253693Z 		at reactor.core.publisher.FluxMapFuseable$MapFuseableSubscriber.request(FluxMapFuseable.java:172)
api-gateway-1  | 2026-09-23T08:25:15.501257731Z 		at reactor.core.publisher.FluxDefaultIfEmpty$DefaultIfEmptySubscriber.request(FluxDefaultIfEmpty.java:99)
api-gateway-1  | 2026-09-23T08:25:15.501261859Z 		at reactor.core.publisher.FluxOnErrorReturn$ReturnSubscriber.request(FluxOnErrorReturn.java:150)
api-gateway-1  | 2026-09-23T08:25:15.501270386Z 		at reactor.core.publisher.FluxMap$MapSubscriber.request(FluxMap.java:163)
api-gateway-1  | 2026-09-23T08:25:15.501274544Z 		at reactor.core.publisher.MonoFlatMap$FlatMapMain.request(MonoFlatMap.java:195)
api-gateway-1  | 2026-09-23T08:25:15.501278462Z 		at reactor.core.publisher.Operators$MultiSubscriptionSubscriber.set(Operators.java:2361)
api-gateway-1  | 2026-09-23T08:25:15.501282560Z 		at reactor.core.publisher.FluxOnErrorResume$ResumeSubscriber.onSubscribe(FluxOnErrorResume.java:75)
api-gateway-1  | 2026-09-23T08:25:15.501286277Z 		at reactor.core.publisher.MonoFlatMap$FlatMapMain.onSubscribe(MonoFlatMap.java:118)
api-gateway-1  | 2026-09-23T08:25:15.501290235Z 		at reactor.core.publisher.FluxMap$MapSubscriber.onSubscribe(FluxMap.java:92)
api-gateway-1  | 2026-09-23T08:25:15.501302659Z 		at reactor.core.publisher.FluxOnErrorReturn$ReturnSubscriber.onSubscribe(FluxOnErrorReturn.java:92)
api-gateway-1  | 2026-09-23T08:25:15.501307599Z 		at reactor.core.publisher.Operators$BaseFluxToMonoOperator.onSubscribe(Operators.java:2047)
api-gateway-1  | 2026-09-23T08:25:15.501312288Z 		at reactor.core.publisher.FluxMapFuseable$MapFuseableSubscriber.onSubscribe(FluxMapFuseable.java:96)
api-gateway-1  | 2026-09-23T08:25:15.501317037Z 		at reactor.core.publisher.FluxContextWrite$ContextWriteSubscriber.onSubscribe(FluxContextWrite.java:103)
api-gateway-1  | 2026-09-23T08:25:15.501320835Z 		at reactor.core.publisher.FluxMapFuseable$MapFuseableConditionalSubscriber.onSubscribe(FluxMapFuseable.java:265)
api-gateway-1  | 2026-09-23T08:25:15.501324622Z 		at reactor.core.publisher.FluxFilterFuseable$FilterFuseableConditionalSubscriber.onSubscribe(FluxFilterFuseable.java:305)
api-gateway-1  | 2026-09-23T08:25:15.501328460Z 		at reactor.core.publisher.Operators$BaseFluxToMonoOperator.onSubscribe(Operators.java:2047)
api-gateway-1  | 2026-09-23T08:25:15.501332397Z 		at reactor.core.publisher.FluxMapFuseable$MapFuseableSubscriber.onSubscribe(FluxMapFuseable.java:96)
api-gateway-1  | 2026-09-23T08:25:15.501336355Z 		at reactor.core.publisher.FluxJust.subscribe(FluxJust.java:69)
api-gateway-1  | 2026-09-23T08:25:15.501340423Z 		at reactor.core.publisher.InternalMonoOperator.subscribe(InternalMonoOperator.java:75)
api-gateway-1  | 2026-09-23T08:25:15.501344471Z 		at reactor.core.publisher.MonoFlatMap$FlatMapMain.onNext(MonoFlatMap.java:166)
api-gateway-1  | 2026-09-23T08:25:15.501348529Z 		at reactor.core.publisher.MonoContextWriteRestoringThreadLocals$ContextWriteRestoringThreadLocalsSubscriber.onNext(MonoContextWriteRestoringThreadLocals.java:111)
api-gateway-1  | 2026-09-23T08:25:15.501352597Z 		at reactor.core.publisher.FluxDoFinally$DoFinallySubscriber.onNext(FluxDoFinally.java:113)
api-gateway-1  | 2026-09-23T08:25:15.501356505Z 		at reactor.core.publisher.MonoPeekTerminal$MonoTerminalPeekSubscriber.onNext(MonoPeekTerminal.java:184)
api-gateway-1  | 2026-09-23T08:25:15.501360482Z 		at reactor.core.publisher.FluxPeekFuseable$PeekConditionalSubscriber.onNext(FluxPeekFuseable.java:850)
api-gateway-1  | 2026-09-23T08:25:15.501364671Z 		at reactor.core.publisher.FluxSwitchIfEmpty$SwitchIfEmptySubscriber.onNext(FluxSwitchIfEmpty.java:75)
api-gateway-1  | 2026-09-23T08:25:15.501368528Z 		at reactor.core.publisher.MonoFlatMap$FlatMapMain.onNext(MonoFlatMap.java:159)
api-gateway-1  | 2026-09-23T08:25:15.501372536Z 		at reactor.core.publisher.FluxMap$MapSubscriber.onNext(FluxMap.java:122)
api-gateway-1  | 2026-09-23T08:25:15.501376474Z 		at reactor.core.publisher.MonoNext$NextSubscriber.onNext(MonoNext.java:83)
api-gateway-1  | 2026-09-23T08:25:15.501380512Z 		at reactor.core.publisher.FluxDematerialize$DematerializeSubscriber.onNext(FluxDematerialize.java:102)
api-gateway-1  | 2026-09-23T08:25:15.501384379Z 		at reactor.core.publisher.FluxDematerialize$DematerializeSubscriber.onNext(FluxDematerialize.java:44)
api-gateway-1  | 2026-09-23T08:25:15.501388517Z 		at reactor.core.publisher.FluxFlattenIterable$FlattenIterableSubscriber.drainAsync(FluxFlattenIterable.java:455)
api-gateway-1  | 2026-09-23T08:25:15.501392866Z 		at reactor.core.publisher.FluxFlattenIterable$FlattenIterableSubscriber.drain(FluxFlattenIterable.java:726)
api-gateway-1  | 2026-09-23T08:25:15.501408496Z 		at reactor.core.publisher.FluxFlattenIterable$FlattenIterableSubscriber.onNext(FluxFlattenIterable.java:258)
api-gateway-1  | 2026-09-23T08:25:15.501414158Z 		at reactor.core.publisher.FluxSwitchIfEmpty$SwitchIfEmptySubscriber.onNext(FluxSwitchIfEmpty.java:75)
api-gateway-1  | 2026-09-23T08:25:15.501419318Z 		at reactor.core.publisher.MonoFlatMap$FlatMapMain.secondComplete(MonoFlatMap.java:246)
api-gateway-1  | 2026-09-23T08:25:15.501423766Z 		at reactor.core.publisher.MonoFlatMap$FlatMapInner.onNext(MonoFlatMap.java:307)
api-gateway-1  | 2026-09-23T08:25:15.501428656Z 		at reactor.core.publisher.MonoIgnoreThen$ThenIgnoreMain.complete(MonoIgnoreThen.java:297)
api-gateway-1  | 2026-09-23T08:25:15.501433245Z 		at reactor.core.publisher.MonoIgnoreThen$ThenIgnoreMain.onNext(MonoIgnoreThen.java:191)
api-gateway-1  | 2026-09-23T08:25:15.501437503Z 		at reactor.core.publisher.MonoIgnoreThen$ThenIgnoreMain.subscribeNext(MonoIgnoreThen.java:240)
api-gateway-1  | 2026-09-23T08:25:15.501442182Z 		at reactor.core.publisher.MonoIgnoreThen$ThenIgnoreMain.onComplete(MonoIgnoreThen.java:207)
api-gateway-1  | 2026-09-23T08:25:15.501446872Z 		at reactor.core.publisher.MonoIgnoreElements$IgnoreElementsSubscriber.onComplete(MonoIgnoreElements.java:89)
api-gateway-1  | 2026-09-23T08:25:15.501452112Z 		at reactor.core.publisher.FluxPeek$PeekSubscriber.onComplete(FluxPeek.java:263)
api-gateway-1  | 2026-09-23T08:25:15.501456440Z 		at reactor.core.publisher.FluxDematerialize$DematerializeSubscriber.onComplete(FluxDematerialize.java:125)
api-gateway-1  | 2026-09-23T08:25:15.501460558Z 		at reactor.core.publisher.FluxDematerialize$DematerializeSubscriber.onNext(FluxDematerialize.java:91)
api-gateway-1  | 2026-09-23T08:25:15.501464747Z 		at reactor.core.publisher.FluxDematerialize$DematerializeSubscriber.onNext(FluxDematerialize.java:44)
api-gateway-1  | 2026-09-23T08:25:15.501468674Z 		at reactor.core.publisher.FluxIterable$IterableSubscription.fastPath(FluxIterable.java:402)
api-gateway-1  | 2026-09-23T08:25:15.501472782Z 		at reactor.core.publisher.FluxIterable$IterableSubscription.request(FluxIterable.java:291)
api-gateway-1  | 2026-09-23T08:25:15.501477351Z 		at reactor.core.publisher.FluxDematerialize$DematerializeSubscriber.request(FluxDematerialize.java:131)
api-gateway-1  | 2026-09-23T08:25:15.501482351Z 		at reactor.core.publisher.FluxPeek$PeekSubscriber.request(FluxPeek.java:141)
api-gateway-1  | 2026-09-23T08:25:15.501486690Z 		at reactor.core.publisher.MonoIgnoreElements$IgnoreElementsSubscriber.onSubscribe(MonoIgnoreElements.java:72)
api-gateway-1  | 2026-09-23T08:25:15.501491258Z 		at reactor.core.publisher.FluxPeek$PeekSubscriber.onSubscribe(FluxPeek.java:174)
api-gateway-1  | 2026-09-23T08:25:15.501496138Z 		at reactor.core.publisher.FluxDematerialize$DematerializeSubscriber.onSubscribe(FluxDematerialize.java:77)
api-gateway-1  | 2026-09-23T08:25:15.501500026Z 		at reactor.core.publisher.FluxIterable.subscribe(FluxIterable.java:200)
api-gateway-1  | 2026-09-23T08:25:15.501503372Z 		at reactor.core.publisher.FluxIterable.subscribe(FluxIterable.java:82)
api-gateway-1  | 2026-09-23T08:25:15.501506328Z 		at reactor.core.publisher.Mono.subscribe(Mono.java:4569)
api-gateway-1  | 2026-09-23T08:25:15.501510416Z 		at reactor.core.publisher.MonoIgnoreThen$ThenIgnoreMain.subscribeNext(MonoIgnoreThen.java:268)
api-gateway-1  | 2026-09-23T08:25:15.501525566Z 		at reactor.core.publisher.MonoIgnoreThen.subscribe(MonoIgnoreThen.java:51)
api-gateway-1  | 2026-09-23T08:25:15.501530836Z 		at reactor.core.publisher.MonoFlatMap$FlatMapMain.onNext(MonoFlatMap.java:166)
api-gateway-1  | 2026-09-23T08:25:15.501535144Z 		at reactor.core.publisher.Operators$BaseFluxToMonoOperator.completePossiblyEmpty(Operators.java:2093)
api-gateway-1  | 2026-09-23T08:25:15.501538130Z 		at reactor.core.publisher.MonoCollectList$MonoCollectListSubscriber.onComplete(MonoCollectList.java:117)
api-gateway-1  | 2026-09-23T08:25:15.501541126Z 		at reactor.core.publisher.DrainUtils.postCompleteDrain(DrainUtils.java:132)
api-gateway-1  | 2026-09-23T08:25:15.501544072Z 		at reactor.core.publisher.DrainUtils.postComplete(DrainUtils.java:187)
api-gateway-1  | 2026-09-23T08:25:15.501546958Z 		at reactor.core.publisher.FluxMaterialize$MaterializeSubscriber.onComplete(FluxMaterialize.java:141)
api-gateway-1  | 2026-09-23T08:25:15.501549933Z 		at reactor.core.publisher.FluxLimitRequest$FluxLimitRequestSubscriber.onNext(FluxLimitRequest.java:104)
api-gateway-1  | 2026-09-23T08:25:15.501552879Z 		at reactor.core.publisher.FluxOnErrorResume$ResumeSubscriber.onNext(FluxOnErrorResume.java:80)
api-gateway-1  | 2026-09-23T08:25:15.501555855Z 		at reactor.core.publisher.SerializedSubscriber.onNext(SerializedSubscriber.java:100)
api-gateway-1  | 2026-09-23T08:25:15.501558781Z 		at reactor.core.publisher.FluxTimeout$TimeoutMainSubscriber.onNext(FluxTimeout.java:182)
api-gateway-1  | 2026-09-23T08:25:15.501561716Z 		at reactor.core.publisher.Operators$BaseFluxToMonoOperator.completePossiblyEmpty(Operators.java:2093)
api-gateway-1  | 2026-09-23T08:25:15.501564672Z 		at reactor.core.publisher.MonoCollectList$MonoCollectListSubscriber.onComplete(MonoCollectList.java:117)
api-gateway-1  | 2026-09-23T08:25:15.501567678Z 		at reactor.core.publisher.FluxContextWriteRestoringThreadLocals$ContextWriteRestoringThreadLocalsSubscriber.onComplete(FluxContextWriteRestoringThreadLocals.java:150)
api-gateway-1  | 2026-09-23T08:25:15.501570764Z 		at org.springframework.cloud.commons.publisher.FluxFirstNonEmptyEmitting$FirstNonEmptyEmittingSubscriber.onComplete(FluxFirstNonEmptyEmitting.java:325)
api-gateway-1  | 2026-09-23T08:25:15.501573820Z 		at reactor.core.publisher.Operators.complete(Operators.java:137)
api-gateway-1  | 2026-09-23T08:25:15.501576746Z 		at reactor.core.publisher.FluxIterable.subscribe(FluxIterable.java:143)
api-gateway-1  | 2026-09-23T08:25:15.501579692Z 		at reactor.core.publisher.FluxIterable.subscribe(FluxIterable.java:82)
api-gateway-1  | 2026-09-23T08:25:15.501582597Z 		at reactor.core.publisher.Flux.subscribe(Flux.java:8888)
api-gateway-1  | 2026-09-23T08:25:15.501585834Z 		at org.springframework.cloud.commons.publisher.FluxFirstNonEmptyEmitting$RaceCoordinator.subscribe(FluxFirstNonEmptyEmitting.java:203)
api-gateway-1  | 2026-09-23T08:25:15.501588860Z 		at org.springframework.cloud.commons.publisher.FluxFirstNonEmptyEmitting.subscribe(FluxFirstNonEmptyEmitting.java:128)
api-gateway-1  | 2026-09-23T08:25:15.501591845Z 		at reactor.core.publisher.InternalFluxOperator.subscribe(InternalFluxOperator.java:67)
api-gateway-1  | 2026-09-23T08:25:15.501594801Z 		at reactor.core.publisher.FluxDefer.subscribe(FluxDefer.java:55)
api-gateway-1  | 2026-09-23T08:25:15.501603639Z 		at reactor.core.publisher.InternalFluxOperator.subscribe(InternalFluxOperator.java:67)
api-gateway-1  | 2026-09-23T08:25:15.501606664Z 		at reactor.core.publisher.FluxDefer.subscribe(FluxDefer.java:55)
api-gateway-1  | 2026-09-23T08:25:15.501609610Z 		at reactor.core.publisher.Mono.subscribe(Mono.java:4569)
api-gateway-1  | 2026-09-23T08:25:15.501612526Z 		at reactor.core.publisher.FluxSwitchIfEmpty$SwitchIfEmptySubscriber.onComplete(FluxSwitchIfEmpty.java:83)
api-gateway-1  | 2026-09-23T08:25:15.501615502Z 		at reactor.core.publisher.Operators.complete(Operators.java:137)
api-gateway-1  | 2026-09-23T08:25:15.501618407Z 		at reactor.core.publisher.MonoEmpty.subscribe(MonoEmpty.java:46)
api-gateway-1  | 2026-09-23T08:25:15.501621323Z 		at reactor.core.publisher.InternalFluxOperator.subscribe(InternalFluxOperator.java:67)
api-gateway-1  | 2026-09-23T08:25:15.501624269Z 		at reactor.core.publisher.FluxDefer.subscribe(FluxDefer.java:55)
api-gateway-1  | 2026-09-23T08:25:15.501684517Z 		at reactor.core.publisher.InternalMonoOperator.subscribe(InternalMonoOperator.java:75)
api-gateway-1  | 2026-09-23T08:25:15.501702753Z 		at reactor.core.publisher.MonoDefer.subscribe(MonoDefer.java:54)
api-gateway-1  | 2026-09-23T08:25:15.501707281Z 		at reactor.core.publisher.InternalMonoOperator.subscribe(InternalMonoOperator.java:75)
api-gateway-1  | 2026-09-23T08:25:15.501711279Z 		at reactor.core.publisher.MonoContextWriteRestoringThreadLocals.subscribe(MonoContextWriteRestoringThreadLocals.java:44)
api-gateway-1  | 2026-09-23T08:25:15.501715437Z 		at reactor.core.publisher.MonoDeferContextual.subscribe(MonoDeferContextual.java:56)
api-gateway-1  | 2026-09-23T08:25:15.501719606Z 		at reactor.core.publisher.FluxFromMonoOperator.subscribe(FluxFromMonoOperator.java:83)
api-gateway-1  | 2026-09-23T08:25:15.501723483Z 		at reactor.core.publisher.FluxDeferContextual.subscribe(FluxDeferContextual.java:58)
api-gateway-1  | 2026-09-23T08:25:15.501727271Z 		at reactor.core.publisher.InternalMonoOperator.subscribe(InternalMonoOperator.java:75)
api-gateway-1  | 2026-09-23T08:25:15.501731148Z 		at reactor.core.publisher.MonoFlatMap$FlatMapMain.onNext(MonoFlatMap.java:166)
api-gateway-1  | 2026-09-23T08:25:15.501735036Z 		at reactor.core.publisher.FluxOnErrorResume$ResumeSubscriber.onNext(FluxOnErrorResume.java:80)
api-gateway-1  | 2026-09-23T08:25:15.501738923Z 		at reactor.core.publisher.FluxOnErrorResume$ResumeSubscriber.onNext(FluxOnErrorResume.java:80)
api-gateway-1  | 2026-09-23T08:25:15.501742981Z 		at reactor.core.publisher.FluxPeek$PeekSubscriber.onNext(FluxPeek.java:203)
api-gateway-1  | 2026-09-23T08:25:15.501747380Z 		at reactor.core.publisher.MonoIgnoreThen$ThenIgnoreMain.complete(MonoIgnoreThen.java:297)
api-gateway-1  | 2026-09-23T08:25:15.501751228Z 		at reactor.core.publisher.MonoIgnoreThen$ThenIgnoreMain.onNext(MonoIgnoreThen.java:191)
api-gateway-1  | 2026-09-23T08:25:15.501755295Z 		at reactor.core.publisher.MonoFlatMap$FlatMapMain.onNext(MonoFlatMap.java:159)
api-gateway-1  | 2026-09-23T08:25:15.501759203Z 		at reactor.core.publisher.MonoZip$ZipCoordinator.signal(MonoZip.java:296)
api-gateway-1  | 2026-09-23T08:25:15.501793841Z 		at reactor.core.publisher.MonoZip$ZipInner.onNext(MonoZip.java:480)
api-gateway-1  | 2026-09-23T08:25:15.501808339Z 		at reactor.core.publisher.MonoPeekTerminal$MonoTerminalPeekSubscriber.onNext(MonoPeekTerminal.java:184)
api-gateway-1  | 2026-09-23T08:25:15.501812748Z 		at reactor.core.publisher.FluxDefaultIfEmpty$DefaultIfEmptySubscriber.onNext(FluxDefaultIfEmpty.java:123)
api-gateway-1  | 2026-09-23T08:25:15.501816616Z 		at reactor.core.publisher.FluxSwitchIfEmpty$SwitchIfEmptySubscriber.onNext(FluxSwitchIfEmpty.java:75)
api-gateway-1  | 2026-09-23T08:25:15.501820503Z 		at reactor.core.publisher.Operators$ScalarSubscription.request(Operators.java:2565)
api-gateway-1  | 2026-09-23T08:25:15.501824240Z 		at reactor.core.publisher.Operators$MultiSubscriptionSubscriber.set(Operators.java:2361)
api-gateway-1  | 2026-09-23T08:25:15.501828218Z 		at reactor.core.publisher.Operators$MultiSubscriptionSubscriber.onSubscribe(Operators.java:2235)
api-gateway-1  | 2026-09-23T08:25:15.501832106Z 		at reactor.core.publisher.FluxFlatMap.trySubscribeScalarMap(FluxFlatMap.java:193)
api-gateway-1  | 2026-09-23T08:25:15.501836975Z 		at reactor.core.publisher.MonoFlatMap.subscribeOrReturn(MonoFlatMap.java:53)
api-gateway-1  | 2026-09-23T08:25:15.501840773Z 		at reactor.core.publisher.InternalMonoOperator.subscribe(InternalMonoOperator.java:62)
api-gateway-1  | 2026-09-23T08:25:15.501844681Z 		at reactor.core.publisher.MonoZip$ZipCoordinator.request(MonoZip.java:219)
api-gateway-1  | 2026-09-23T08:25:15.501848438Z 		at reactor.core.publisher.MonoFlatMap$FlatMapMain.request(MonoFlatMap.java:195)
api-gateway-1  | 2026-09-23T08:25:15.501852315Z 		at reactor.core.publisher.MonoIgnoreThen$ThenIgnoreMain.onSubscribe(MonoIgnoreThen.java:135)
api-gateway-1  | 2026-09-23T08:25:15.501856624Z 		at reactor.core.publisher.MonoFlatMap$FlatMapMain.onSubscribe(MonoFlatMap.java:118)
api-gateway-1  | 2026-09-23T08:25:15.501860752Z 		at reactor.core.publisher.MonoZip.subscribe(MonoZip.java:129)
api-gateway-1  | 2026-09-23T08:25:15.501864880Z 		at reactor.core.publisher.InternalMonoOperator.subscribe(InternalMonoOperator.java:75)
api-gateway-1  | 2026-09-23T08:25:15.501869118Z 		at reactor.core.publisher.MonoDefer.subscribe(MonoDefer.java:54)
api-gateway-1  | 2026-09-23T08:25:15.501873196Z 		at reactor.core.publisher.MonoIgnoreThen$ThenIgnoreMain.subscribeNext(MonoIgnoreThen.java:244)
api-gateway-1  | 2026-09-23T08:25:15.501877545Z 		at reactor.core.publisher.MonoIgnoreThen$ThenIgnoreMain.onComplete(MonoIgnoreThen.java:207)
api-gateway-1  | 2026-09-23T08:25:15.501885160Z 		at reactor.core.publisher.MonoFlatMap$FlatMapMain.onComplete(MonoFlatMap.java:190)
api-gateway-1  | 2026-09-23T08:25:15.501889939Z 		at reactor.core.publisher.Operators.complete(Operators.java:137)
api-gateway-1  | 2026-09-23T08:25:15.501894037Z 		at reactor.core.publisher.MonoZip.subscribe(MonoZip.java:121)
api-gateway-1  | 2026-09-23T08:25:15.501898005Z 		at reactor.core.publisher.Mono.subscribe(Mono.java:4569)
api-gateway-1  | 2026-09-23T08:25:15.501902013Z 		at reactor.core.publisher.MonoIgnoreThen$ThenIgnoreMain.subscribeNext(MonoIgnoreThen.java:268)
api-gateway-1  | 2026-09-23T08:25:15.501906081Z 		at reactor.core.publisher.MonoIgnoreThen.subscribe(MonoIgnoreThen.java:51)
api-gateway-1  | 2026-09-23T08:25:15.501910349Z 		at reactor.core.publisher.InternalMonoOperator.subscribe(InternalMonoOperator.java:75)
api-gateway-1  | 2026-09-23T08:25:15.501926471Z 		at reactor.core.publisher.MonoFlatMap$FlatMapMain.onNext(MonoFlatMap.java:166)
api-gateway-1  | 2026-09-23T08:25:15.501931290Z 		at reactor.core.publisher.FluxOnErrorResume$ResumeSubscriber.onNext(FluxOnErrorResume.java:80)
api-gateway-1  | 2026-09-23T08:25:15.501936611Z 		at reactor.core.publisher.FluxSwitchIfEmpty$SwitchIfEmptySubscriber.onNext(FluxSwitchIfEmpty.java:75)
api-gateway-1  | 2026-09-23T08:25:15.501942001Z 		at reactor.core.publisher.MonoNext$NextSubscriber.onNext(MonoNext.java:83)
api-gateway-1  | 2026-09-23T08:25:15.501946289Z 		at reactor.core.publisher.FluxConcatMapNoPrefetch$FluxConcatMapNoPrefetchSubscriber.innerNext(FluxConcatMapNoPrefetch.java:259)
api-gateway-1  | 2026-09-23T08:25:15.501949315Z 		at reactor.core.publisher.FluxConcatMap$ConcatMapInner.onNext(FluxConcatMap.java:870)
api-gateway-1  | 2026-09-23T08:25:15.501952261Z 		at reactor.core.publisher.FluxMapFuseable$MapFuseableSubscriber.onNext(FluxMapFuseable.java:130)
api-gateway-1  | 2026-09-23T08:25:15.501955227Z 		at reactor.core.publisher.MonoPeekTerminal$MonoTerminalPeekSubscriber.onNext(MonoPeekTerminal.java:184)
api-gateway-1  | 2026-09-23T08:25:15.501958193Z 		at reactor.core.publisher.Operators$ScalarSubscription.request(Operators.java:2565)
api-gateway-1  | 2026-09-23T08:25:15.501961139Z 		at reactor.core.publisher.MonoPeekTerminal$MonoTerminalPeekSubscriber.request(MonoPeekTerminal.java:142)
api-gateway-1  | 2026-09-23T08:25:15.501964104Z 		at reactor.core.publisher.FluxMapFuseable$MapFuseableSubscriber.request(FluxMapFuseable.java:172)
api-gateway-1  | 2026-09-23T08:25:15.501967080Z 		at reactor.core.publisher.Operators$MultiSubscriptionSubscriber.request(Operators.java:2325)
api-gateway-1  | 2026-09-23T08:25:15.501970046Z 		at reactor.core.publisher.FluxConcatMapNoPrefetch$FluxConcatMapNoPrefetchSubscriber.request(FluxConcatMapNoPrefetch.java:339)
api-gateway-1  | 2026-09-23T08:25:15.501973052Z 		at reactor.core.publisher.MonoNext$NextSubscriber.request(MonoNext.java:109)
api-gateway-1  | 2026-09-23T08:25:15.501975968Z 		at reactor.core.publisher.Operators$MultiSubscriptionSubscriber.set(Operators.java:2361)
api-gateway-1  | 2026-09-23T08:25:15.501978953Z 		at reactor.core.publisher.Operators$MultiSubscriptionSubscriber.onSubscribe(Operators.java:2235)
api-gateway-1  | 2026-09-23T08:25:15.501982450Z 		at reactor.core.publisher.MonoNext$NextSubscriber.onSubscribe(MonoNext.java:71)
api-gateway-1  | 2026-09-23T08:25:15.501985506Z 		at reactor.core.publisher.FluxConcatMapNoPrefetch$FluxConcatMapNoPrefetchSubscriber.onSubscribe(FluxConcatMapNoPrefetch.java:164)
api-gateway-1  | 2026-09-23T08:25:15.501988532Z 		at reactor.core.publisher.FluxIterable.subscribe(FluxIterable.java:200)
api-gateway-1  | 2026-09-23T08:25:15.501991598Z 		at reactor.core.publisher.FluxIterable.subscribe(FluxIterable.java:82)
api-gateway-1  | 2026-09-23T08:25:15.501994514Z 		at reactor.core.publisher.InternalMonoOperator.subscribe(InternalMonoOperator.java:75)
api-gateway-1  | 2026-09-23T08:25:15.501997440Z 		at reactor.core.publisher.MonoDefer.subscribe(MonoDefer.java:54)
api-gateway-1  | 2026-09-23T08:25:15.502000365Z 		at reactor.core.publisher.InternalMonoOperator.subscribe(InternalMonoOperator.java:75)
api-gateway-1  | 2026-09-23T08:25:15.502009744Z 		at reactor.core.publisher.MonoDefer.subscribe(MonoDefer.java:54)
api-gateway-1  | 2026-09-23T08:25:15.502012750Z 		at reactor.core.publisher.InternalMonoOperator.subscribe(InternalMonoOperator.java:75)
api-gateway-1  | 2026-09-23T08:25:15.502015715Z 		at reactor.core.publisher.MonoTapRestoringThreadLocals.subscribe(MonoTapRestoringThreadLocals.java:78)
api-gateway-1  | 2026-09-23T08:25:15.502018691Z 		at reactor.core.publisher.Mono.subscribe(Mono.java:4569)
api-gateway-1  | 2026-09-23T08:25:15.502021597Z 		at reactor.core.publisher.MonoIgnoreThen$ThenIgnoreMain.subscribeNext(MonoIgnoreThen.java:268)
api-gateway-1  | 2026-09-23T08:25:15.502024523Z 		at reactor.core.publisher.MonoIgnoreThen.subscribe(MonoIgnoreThen.java:51)
api-gateway-1  | 2026-09-23T08:25:15.502027438Z 		at reactor.core.publisher.InternalMonoOperator.subscribe(InternalMonoOperator.java:75)
api-gateway-1  | 2026-09-23T08:25:15.502030444Z 		at reactor.core.publisher.MonoDeferContextual.subscribe(MonoDeferContextual.java:56)
api-gateway-1  | 2026-09-23T08:25:15.502033400Z 		at reactor.netty.http.server.HttpServer$HttpServerHandle.onStateChange(HttpServer.java:1344)
api-gateway-1  | 2026-09-23T08:25:15.502036426Z 		at reactor.netty.ReactorNetty$CompositeConnectionObserver.onStateChange(ReactorNetty.java:730)
api-gateway-1  | 2026-09-23T08:25:15.502039372Z 		at reactor.netty.transport.ServerTransport$ChildObserver.onStateChange(ServerTransport.java:489)
api-gateway-1  | 2026-09-23T08:25:15.502042338Z 		at reactor.netty.http.server.HttpServerOperations.handleDefaultHttpRequest(HttpServerOperations.java:863)
api-gateway-1  | 2026-09-23T08:25:15.502045414Z 		at reactor.netty.http.server.HttpServerOperations.onInboundNext(HttpServerOperations.java:789)
api-gateway-1  | 2026-09-23T08:25:15.502048389Z 		at reactor.netty.channel.ChannelOperationsHandler.channelRead(ChannelOperationsHandler.java:115)
api-gateway-1  | 2026-09-23T08:25:15.502051325Z 		at io.netty.channel.AbstractChannelHandlerContext.fireChannelRead(AbstractChannelHandlerContext.java:356)
api-gateway-1  | 2026-09-23T08:25:15.502055022Z 		at reactor.netty.http.server.HttpTrafficHandler.channelRead(HttpTrafficHandler.java:283)
api-gateway-1  | 2026-09-23T08:25:15.502058038Z 		at io.netty.channel.AbstractChannelHandlerContext.fireChannelRead(AbstractChannelHandlerContext.java:354)
api-gateway-1  | 2026-09-23T08:25:15.502061014Z 		at io.netty.channel.CombinedChannelDuplexHandler$DelegatingChannelHandlerContext.fireChannelRead(CombinedChannelDuplexHandler.java:434)
api-gateway-1  | 2026-09-23T08:25:15.502064050Z 		at io.netty.handler.codec.ByteToMessageDecoder.fireChannelRead(ByteToMessageDecoder.java:361)
api-gateway-1  | 2026-09-23T08:25:15.502067026Z 		at io.netty.handler.codec.ByteToMessageDecoder.channelRead(ByteToMessageDecoder.java:325)
api-gateway-1  | 2026-09-23T08:25:15.502069952Z 		at io.netty.channel.CombinedChannelDuplexHandler.channelRead(CombinedChannelDuplexHandler.java:249)
api-gateway-1  | 2026-09-23T08:25:15.502072887Z 		at io.netty.channel.AbstractChannelHandlerContext.fireChannelRead(AbstractChannelHandlerContext.java:354)
api-gateway-1  | 2026-09-23T08:25:15.502075833Z 		at io.netty.channel.DefaultChannelPipeline$HeadContext.channelRead(DefaultChannelPipeline.java:1429)
api-gateway-1  | 2026-09-23T08:25:15.502083939Z 		at io.netty.channel.DefaultChannelPipeline.fireChannelRead(DefaultChannelPipeline.java:918)
api-gateway-1  | 2026-09-23T08:25:15.502087095Z 		at io.netty.channel.epoll.AbstractEpollStreamChannel$EpollStreamUnsafe.epollInReady(AbstractEpollStreamChannel.java:804)
api-gateway-1  | 2026-09-23T08:25:15.502090051Z 		at io.netty.channel.epoll.AbstractEpollChannel$AbstractEpollUnsafe.handle(AbstractEpollChannel.java:482)
api-gateway-1  | 2026-09-23T08:25:15.502092987Z 		at io.netty.channel.epoll.EpollIoHandler$DefaultEpollIoRegistration.handle(EpollIoHandler.java:317)
api-gateway-1  | 2026-09-23T08:25:15.502096003Z 		at io.netty.channel.epoll.EpollIoHandler.processReady(EpollIoHandler.java:515)
api-gateway-1  | 2026-09-23T08:25:15.502098928Z 		at io.netty.channel.epoll.EpollIoHandler.run(EpollIoHandler.java:460)
api-gateway-1  | 2026-09-23T08:25:15.502101954Z 		at io.netty.channel.SingleThreadIoEventLoop.runIo(SingleThreadIoEventLoop.java:225)
api-gateway-1  | 2026-09-23T08:25:15.502104870Z 		at io.netty.channel.SingleThreadIoEventLoop.run(SingleThreadIoEventLoop.java:196)
api-gateway-1  | 2026-09-23T08:25:15.502107806Z 		at io.netty.util.concurrent.SingleThreadEventExecutor$5.run(SingleThreadEventExecutor.java:1195)
api-gateway-1  | 2026-09-23T08:25:15.502110751Z 		at io.netty.util.internal.ThreadExecutorMap$2.run(ThreadExecutorMap.java:74)
api-gateway-1  | 2026-09-23T08:25:15.502113657Z 		at io.netty.util.concurrent.FastThreadLocalRunnable.run(FastThreadLocalRunnable.java:30)
api-gateway-1  | 2026-09-23T08:25:15.502116603Z 		at java.base/java.lang.Thread.run(Thread.java:840)
api-gateway-1  | 2026-09-23T08:25:15.502119509Z 
api-gateway-1  | 2026-09-23T08:25:15.506117717Z 2026-09-23T08:25:15.505Z  WARN 1 --- [api-gateway] [or-http-epoll-9] [                                                 ] i.m.o.c.ObservationThreadLocalAccessor   : There is no current scope in thread local. This situation should not happen
api-gateway-1  | 2026-09-23T08:25:15.506530987Z 2026-09-23T08:25:15.506Z  WARN 1 --- [api-gateway] [or-http-epoll-9] [                                                 ] i.m.o.c.ObservationThreadLocalAccessor   : Observation <{name=http.server.requests(http get /api/gateway/owners/{ownerId}), error=org.springframework.web.reactive.function.client.WebClientResponseException$ServiceUnavailable: 503 Service Unavailable from UNKNOWN , context=name='http.server.requests', contextualName='http get /api/gateway/owners/{ownerId}', error='org.springframework.web.reactive.function.client.WebClientResponseException$ServiceUnavailable: 503 Service Unavailable from UNKNOWN ', lowCardinalityKeyValues=[exception='ServiceUnavailable', method='GET', outcome='SERVER_ERROR', status='500', uri='/api/gateway/owners/{ownerId}'], highCardinalityKeyValues=[http.url='/api/gateway/owners/6'], map=[class io.micrometer.tracing.handler.TracingObservationHandler$TracingContext='TracingContext{span=6ab38ceb3b136e52da6369dbf4a81b58/da6369dbf4a81b58}', class io.micrometer.core.instrument.LongTaskTimer$Sample='SampleImpl{duration(seconds)=-1.0E-9, duration(nanos)=-1.0, startTimeNanos=1394813041469}', class io.micrometer.core.instrument.Timer$Sample='io.micrometer.core.instrument.Timer$Sample@5e22bdea'], parentObservation=null}> to which we're restoring is not the same as the one set as this scope's parent observation <null>. Most likely a manually created Observation has a scope opened that was never closed. This may lead to thread polluting and memory leaks.
api-gateway-1  | 2026-09-23T08:25:18.521309518Z 2026-09-23T08:25:18.520Z  WARN 1 --- [api-gateway] [r-http-epoll-10] [6ab38cee45133eb142cefcd406cd6fe2-42cefcd406cd6fe2] i.m.o.c.ObservationThreadLocalAccessor   : Observation <{name=http.server.requests(null), error=null, context=name='http.server.requests', contextualName='null', error='null', lowCardinalityKeyValues=[exception='none', method='GET', outcome='SUCCESS', status='200', uri='UNKNOWN'], highCardinalityKeyValues=[http.url='/api/gateway/owners/6'], map=[class io.micrometer.tracing.handler.TracingObservationHandler$TracingContext='TracingContext{span=6ab38cee45133eb142cefcd406cd6fe2/42cefcd406cd6fe2}', class io.micrometer.core.instrument.LongTaskTimer$Sample='SampleImpl{duration(seconds)=0.003660921, duration(nanos)=3660921.0, startTimeNanos=1397839132653}', class io.micrometer.core.instrument.Timer$Sample='io.micrometer.core.instrument.Timer$Sample@670d91a5'], parentObservation=null}> to which we're restoring is not the same as the one set as this scope's parent observation <null>. Most likely a manually created Observation has a scope opened that was never closed. This may lead to thread polluting and memory leaks.
api-gateway-1  | 2026-09-23T08:25:18.523705635Z 2026-09-23T08:25:18.522Z  WARN 1 --- [api-gateway] [r-http-epoll-10] [                                                 ] o.s.c.l.core.RoundRobinLoadBalancer      : No servers available for service: customers-service
api-gateway-1  | 2026-09-23T08:25:18.523996653Z 2026-09-23T08:25:18.523Z  WARN 1 --- [api-gateway] [r-http-epoll-10] [                                                 ] eactorLoadBalancerExchangeFilterFunction : LoadBalancer does not contain an instance for the service customers-service
api-gateway-1  | 2026-09-23T08:25:18.529804853Z 2026-09-23T08:25:18.527Z ERROR 1 --- [api-gateway] [r-http-epoll-10] [6ab38cee45133eb142cefcd406cd6fe2-42cefcd406cd6fe2] b.w.a.e.AbstractErrorWebExceptionHandler : [bab93153-9]  500 Server Error for HTTP GET "/api/gateway/owners/6"
api-gateway-1  | 2026-09-23T08:25:18.529846326Z 
api-gateway-1  | 2026-09-23T08:25:18.529851075Z org.springframework.web.reactive.function.client.WebClientResponseException$ServiceUnavailable: 503 Service Unavailable from UNKNOWN 
api-gateway-1  | 2026-09-23T08:25:18.529854512Z 	at org.springframework.web.reactive.function.client.WebClientResponseException.create(WebClientResponseException.java:322)
api-gateway-1  | 2026-09-23T08:25:18.529858089Z 	Suppressed: The stacktrace has been enhanced by Reactor, refer to additional information below: 
api-gateway-1  | 2026-09-23T08:25:18.529861155Z Error has been observed at the following site(s):
api-gateway-1  | 2026-09-23T08:25:18.529864091Z 	*__checkpoint ⇢ 503 SERVICE_UNAVAILABLE from GET http://customers-service/owners/6 [DefaultWebClient]
api-gateway-1  | 2026-09-23T08:25:18.529867628Z 	*__checkpoint ⇢ Handler org.springframework.samples.petclinic.api.boundary.web.ApiGatewayController#getOwnerDetails(int) [DispatcherHandler]
api-gateway-1  | 2026-09-23T08:25:18.529872778Z 	*__checkpoint ⇢ org.springframework.cloud.gateway.filter.WeightCalculatorWebFilter@5d94ac8a
api-gateway-1  | 2026-09-23T08:25:18.529875835Z 	*__checkpoint ⇢ HTTP GET "/api/gateway/owners/6" [ExceptionHandlingWebHandler]
api-gateway-1  | 2026-09-23T08:25:18.529879001Z Original Stack Trace:
api-gateway-1  | 2026-09-23T08:25:18.529881917Z 		at org.springframework.web.reactive.function.client.WebClientResponseException.create(WebClientResponseException.java:322)
api-gateway-1  | 2026-09-23T08:25:18.529885033Z 		at org.springframework.web.reactive.function.client.DefaultClientResponse.lambda$createException$1(DefaultClientResponse.java:214)
api-gateway-1  | 2026-09-23T08:25:18.529888079Z 		at reactor.core.publisher.FluxMap$MapSubscriber.onNext(FluxMap.java:106)
api-gateway-1  | 2026-09-23T08:25:18.529907978Z 		at reactor.core.publisher.FluxOnErrorReturn$ReturnSubscriber.onNext(FluxOnErrorReturn.java:159)
api-gateway-1  | 2026-09-23T08:25:18.529911235Z 		at reactor.core.publisher.FluxDefaultIfEmpty$DefaultIfEmptySubscriber.onNext(FluxDefaultIfEmpty.java:123)
api-gateway-1  | 2026-09-23T08:25:18.529914181Z 		at reactor.core.publisher.FluxMapFuseable$MapFuseableSubscriber.onNext(FluxMapFuseable.java:130)
api-gateway-1  | 2026-09-23T08:25:18.529917157Z 		at reactor.core.publisher.FluxContextWrite$ContextWriteSubscriber.onNext(FluxContextWrite.java:109)
api-gateway-1  | 2026-09-23T08:25:18.529920082Z 		at reactor.core.publisher.FluxMapFuseable$MapFuseableConditionalSubscriber.onNext(FluxMapFuseable.java:300)
api-gateway-1  | 2026-09-23T08:25:18.529924321Z 		at reactor.core.publisher.FluxFilterFuseable$FilterFuseableConditionalSubscriber.onNext(FluxFilterFuseable.java:338)
api-gateway-1  | 2026-09-23T08:25:18.529927347Z 		at reactor.core.publisher.Operators$BaseFluxToMonoOperator.completePossiblyEmpty(Operators.java:2093)
api-gateway-1  | 2026-09-23T08:25:18.529930283Z 		at reactor.core.publisher.MonoCollect$CollectSubscriber.onComplete(MonoCollect.java:144)
api-gateway-1  | 2026-09-23T08:25:18.529933249Z 		at reactor.core.publisher.FluxMapFuseable$MapFuseableSubscriber.onComplete(FluxMapFuseable.java:153)
api-gateway-1  | 2026-09-23T08:25:18.529936265Z 		at reactor.core.publisher.Operators$ScalarSubscription.request(Operators.java:2567)
api-gateway-1  | 2026-09-23T08:25:18.529939180Z 		at reactor.core.publisher.FluxMapFuseable$MapFuseableSubscriber.request(FluxMapFuseable.java:172)
api-gateway-1  | 2026-09-23T08:25:18.529942146Z 		at reactor.core.publisher.Operators$BaseFluxToMonoOperator.request(Operators.java:2063)
api-gateway-1  | 2026-09-23T08:25:18.529945112Z 		at reactor.core.publisher.FluxFilterFuseable$FilterFuseableConditionalSubscriber.request(FluxFilterFuseable.java:411)
api-gateway-1  | 2026-09-23T08:25:18.529948078Z 		at reactor.core.publisher.FluxMapFuseable$MapFuseableConditionalSubscriber.request(FluxMapFuseable.java:361)
api-gateway-1  | 2026-09-23T08:25:18.529951034Z 		at reactor.core.publisher.FluxContextWrite$ContextWriteSubscriber.request(FluxContextWrite.java:138)
api-gateway-1  | 2026-09-23T08:25:18.529953980Z 		at reactor.core.publisher.FluxMapFuseable$MapFuseableSubscriber.request(FluxMapFuseable.java:172)
api-gateway-1  | 2026-09-23T08:25:18.529956926Z 		at reactor.core.publisher.FluxDefaultIfEmpty$DefaultIfEmptySubscriber.request(FluxDefaultIfEmpty.java:99)
api-gateway-1  | 2026-09-23T08:25:18.529959872Z 		at reactor.core.publisher.FluxOnErrorReturn$ReturnSubscriber.request(FluxOnErrorReturn.java:150)
api-gateway-1  | 2026-09-23T08:25:18.529962858Z 		at reactor.core.publisher.FluxMap$MapSubscriber.request(FluxMap.java:163)
api-gateway-1  | 2026-09-23T08:25:18.529965783Z 		at reactor.core.publisher.MonoFlatMap$FlatMapMain.request(MonoFlatMap.java:195)
api-gateway-1  | 2026-09-23T08:25:18.529968719Z 		at reactor.core.publisher.Operators$MultiSubscriptionSubscriber.set(Operators.java:2361)
api-gateway-1  | 2026-09-23T08:25:18.529971675Z 		at reactor.core.publisher.FluxOnErrorResume$ResumeSubscriber.onSubscribe(FluxOnErrorResume.java:75)
api-gateway-1  | 2026-09-23T08:25:18.529974631Z 		at reactor.core.publisher.MonoFlatMap$FlatMapMain.onSubscribe(MonoFlatMap.java:118)
api-gateway-1  | 2026-09-23T08:25:18.529984440Z 		at reactor.core.publisher.FluxMap$MapSubscriber.onSubscribe(FluxMap.java:92)
api-gateway-1  | 2026-09-23T08:25:18.529987497Z 		at reactor.core.publisher.FluxOnErrorReturn$ReturnSubscriber.onSubscribe(FluxOnErrorReturn.java:92)
api-gateway-1  | 2026-09-23T08:25:18.529990422Z 		at reactor.core.publisher.Operators$BaseFluxToMonoOperator.onSubscribe(Operators.java:2047)
api-gateway-1  | 2026-09-23T08:25:18.529993368Z 		at reactor.core.publisher.FluxMapFuseable$MapFuseableSubscriber.onSubscribe(FluxMapFuseable.java:96)
api-gateway-1  | 2026-09-23T08:25:18.529996625Z 		at reactor.core.publisher.FluxContextWrite$ContextWriteSubscriber.onSubscribe(FluxContextWrite.java:103)
api-gateway-1  | 2026-09-23T08:25:18.529999611Z 		at reactor.core.publisher.FluxMapFuseable$MapFuseableConditionalSubscriber.onSubscribe(FluxMapFuseable.java:265)
api-gateway-1  | 2026-09-23T08:25:18.530002627Z 		at reactor.core.publisher.FluxFilterFuseable$FilterFuseableConditionalSubscriber.onSubscribe(FluxFilterFuseable.java:305)
api-gateway-1  | 2026-09-23T08:25:18.530005613Z 		at reactor.core.publisher.Operators$BaseFluxToMonoOperator.onSubscribe(Operators.java:2047)
api-gateway-1  | 2026-09-23T08:25:18.530008879Z 		at reactor.core.publisher.FluxMapFuseable$MapFuseableSubscriber.onSubscribe(FluxMapFuseable.java:96)
api-gateway-1  | 2026-09-23T08:25:18.530011885Z 		at reactor.core.publisher.FluxJust.subscribe(FluxJust.java:69)
api-gateway-1  | 2026-09-23T08:25:18.530014801Z 		at reactor.core.publisher.InternalMonoOperator.subscribe(InternalMonoOperator.java:75)
api-gateway-1  | 2026-09-23T08:25:18.530017857Z 		at reactor.core.publisher.MonoFlatMap$FlatMapMain.onNext(MonoFlatMap.java:166)
api-gateway-1  | 2026-09-23T08:25:18.530020793Z 		at reactor.core.publisher.MonoContextWriteRestoringThreadLocals$ContextWriteRestoringThreadLocalsSubscriber.onNext(MonoContextWriteRestoringThreadLocals.java:111)
api-gateway-1  | 2026-09-23T08:25:18.530023829Z 		at reactor.core.publisher.FluxDoFinally$DoFinallySubscriber.onNext(FluxDoFinally.java:113)
api-gateway-1  | 2026-09-23T08:25:18.530026775Z 		at reactor.core.publisher.MonoPeekTerminal$MonoTerminalPeekSubscriber.onNext(MonoPeekTerminal.java:184)
api-gateway-1  | 2026-09-23T08:25:18.530029811Z 		at reactor.core.publisher.FluxPeekFuseable$PeekConditionalSubscriber.onNext(FluxPeekFuseable.java:850)
api-gateway-1  | 2026-09-23T08:25:18.530032756Z 		at reactor.core.publisher.FluxSwitchIfEmpty$SwitchIfEmptySubscriber.onNext(FluxSwitchIfEmpty.java:75)
api-gateway-1  | 2026-09-23T08:25:18.530035762Z 		at reactor.core.publisher.MonoFlatMap$FlatMapMain.onNext(MonoFlatMap.java:159)
api-gateway-1  | 2026-09-23T08:25:18.530038708Z 		at reactor.core.publisher.FluxMap$MapSubscriber.onNext(FluxMap.java:122)
api-gateway-1  | 2026-09-23T08:25:18.530041624Z 		at reactor.core.publisher.MonoNext$NextSubscriber.onNext(MonoNext.java:83)
api-gateway-1  | 2026-09-23T08:25:18.530044550Z 		at reactor.core.publisher.FluxDematerialize$DematerializeSubscriber.onNext(FluxDematerialize.java:102)
api-gateway-1  | 2026-09-23T08:25:18.530047516Z 		at reactor.core.publisher.FluxDematerialize$DematerializeSubscriber.onNext(FluxDematerialize.java:44)
api-gateway-1  | 2026-09-23T08:25:18.530050482Z 		at reactor.core.publisher.FluxFlattenIterable$FlattenIterableSubscriber.drainAsync(FluxFlattenIterable.java:455)
api-gateway-1  | 2026-09-23T08:25:18.530058818Z 		at reactor.core.publisher.FluxFlattenIterable$FlattenIterableSubscriber.drain(FluxFlattenIterable.java:726)
api-gateway-1  | 2026-09-23T08:25:18.530062145Z 		at reactor.core.publisher.FluxFlattenIterable$FlattenIterableSubscriber.onNext(FluxFlattenIterable.java:258)
api-gateway-1  | 2026-09-23T08:25:18.530065141Z 		at reactor.core.publisher.FluxSwitchIfEmpty$SwitchIfEmptySubscriber.onNext(FluxSwitchIfEmpty.java:75)
api-gateway-1  | 2026-09-23T08:25:18.530068107Z 		at reactor.core.publisher.MonoFlatMap$FlatMapMain.secondComplete(MonoFlatMap.java:246)
api-gateway-1  | 2026-09-23T08:25:18.530071083Z 		at reactor.core.publisher.MonoFlatMap$FlatMapInner.onNext(MonoFlatMap.java:307)
api-gateway-1  | 2026-09-23T08:25:18.530074009Z 		at reactor.core.publisher.MonoIgnoreThen$ThenIgnoreMain.complete(MonoIgnoreThen.java:297)
api-gateway-1  | 2026-09-23T08:25:18.530076954Z 		at reactor.core.publisher.MonoIgnoreThen$ThenIgnoreMain.onNext(MonoIgnoreThen.java:191)
api-gateway-1  | 2026-09-23T08:25:18.530079870Z 		at reactor.core.publisher.MonoIgnoreThen$ThenIgnoreMain.subscribeNext(MonoIgnoreThen.java:240)
api-gateway-1  | 2026-09-23T08:25:18.530082806Z 		at reactor.core.publisher.MonoIgnoreThen$ThenIgnoreMain.onComplete(MonoIgnoreThen.java:207)
api-gateway-1  | 2026-09-23T08:25:18.530085732Z 		at reactor.core.publisher.MonoIgnoreElements$IgnoreElementsSubscriber.onComplete(MonoIgnoreElements.java:89)
api-gateway-1  | 2026-09-23T08:25:18.530088678Z 		at reactor.core.publisher.FluxPeek$PeekSubscriber.onComplete(FluxPeek.java:263)
api-gateway-1  | 2026-09-23T08:25:18.530091593Z 		at reactor.core.publisher.FluxDematerialize$DematerializeSubscriber.onComplete(FluxDematerialize.java:125)
api-gateway-1  | 2026-09-23T08:25:18.530094549Z 		at reactor.core.publisher.FluxDematerialize$DematerializeSubscriber.onNext(FluxDematerialize.java:91)
api-gateway-1  | 2026-09-23T08:25:18.530097505Z 		at reactor.core.publisher.FluxDematerialize$DematerializeSubscriber.onNext(FluxDematerialize.java:44)
api-gateway-1  | 2026-09-23T08:25:18.530100451Z 		at reactor.core.publisher.FluxIterable$IterableSubscription.fastPath(FluxIterable.java:402)
api-gateway-1  | 2026-09-23T08:25:18.530103387Z 		at reactor.core.publisher.FluxIterable$IterableSubscription.request(FluxIterable.java:291)
api-gateway-1  | 2026-09-23T08:25:18.530106323Z 		at reactor.core.publisher.FluxDematerialize$DematerializeSubscriber.request(FluxDematerialize.java:131)
api-gateway-1  | 2026-09-23T08:25:18.530109269Z 		at reactor.core.publisher.FluxPeek$PeekSubscriber.request(FluxPeek.java:141)
api-gateway-1  | 2026-09-23T08:25:18.530112184Z 		at reactor.core.publisher.MonoIgnoreElements$IgnoreElementsSubscriber.onSubscribe(MonoIgnoreElements.java:72)
api-gateway-1  | 2026-09-23T08:25:18.530115140Z 		at reactor.core.publisher.FluxPeek$PeekSubscriber.onSubscribe(FluxPeek.java:174)
api-gateway-1  | 2026-09-23T08:25:18.530118056Z 		at reactor.core.publisher.FluxDematerialize$DematerializeSubscriber.onSubscribe(FluxDematerialize.java:77)
api-gateway-1  | 2026-09-23T08:25:18.530120992Z 		at reactor.core.publisher.FluxIterable.subscribe(FluxIterable.java:200)
api-gateway-1  | 2026-09-23T08:25:18.530124158Z 		at reactor.core.publisher.FluxIterable.subscribe(FluxIterable.java:82)
api-gateway-1  | 2026-09-23T08:25:18.530132435Z 		at reactor.core.publisher.Mono.subscribe(Mono.java:4569)
api-gateway-1  | 2026-09-23T08:25:18.530135421Z 		at reactor.core.publisher.MonoIgnoreThen$ThenIgnoreMain.subscribeNext(MonoIgnoreThen.java:268)
api-gateway-1  | 2026-09-23T08:25:18.530138376Z 		at reactor.core.publisher.MonoIgnoreThen.subscribe(MonoIgnoreThen.java:51)
api-gateway-1  | 2026-09-23T08:25:18.530141272Z 		at reactor.core.publisher.MonoFlatMap$FlatMapMain.onNext(MonoFlatMap.java:166)
api-gateway-1  | 2026-09-23T08:25:18.530144198Z 		at reactor.core.publisher.Operators$BaseFluxToMonoOperator.completePossiblyEmpty(Operators.java:2093)
api-gateway-1  | 2026-09-23T08:25:18.530147144Z 		at reactor.core.publisher.MonoCollectList$MonoCollectListSubscriber.onComplete(MonoCollectList.java:117)
api-gateway-1  | 2026-09-23T08:25:18.530150090Z 		at reactor.core.publisher.DrainUtils.postCompleteDrain(DrainUtils.java:132)
api-gateway-1  | 2026-09-23T08:25:18.530152996Z 		at reactor.core.publisher.DrainUtils.postComplete(DrainUtils.java:187)
api-gateway-1  | 2026-09-23T08:25:18.530155911Z 		at reactor.core.publisher.FluxMaterialize$MaterializeSubscriber.onComplete(FluxMaterialize.java:141)
api-gateway-1  | 2026-09-23T08:25:18.530158877Z 		at reactor.core.publisher.FluxLimitRequest$FluxLimitRequestSubscriber.onNext(FluxLimitRequest.java:104)
api-gateway-1  | 2026-09-23T08:25:18.530161823Z 		at reactor.core.publisher.FluxOnErrorResume$ResumeSubscriber.onNext(FluxOnErrorResume.java:80)
api-gateway-1  | 2026-09-23T08:25:18.530164769Z 		at reactor.core.publisher.SerializedSubscriber.onNext(SerializedSubscriber.java:100)
api-gateway-1  | 2026-09-23T08:25:18.530167685Z 		at reactor.core.publisher.FluxTimeout$TimeoutMainSubscriber.onNext(FluxTimeout.java:182)
api-gateway-1  | 2026-09-23T08:25:18.530170611Z 		at reactor.core.publisher.Operators$BaseFluxToMonoOperator.completePossiblyEmpty(Operators.java:2093)
api-gateway-1  | 2026-09-23T08:25:18.530173556Z 		at reactor.core.publisher.MonoCollectList$MonoCollectListSubscriber.onComplete(MonoCollectList.java:117)
api-gateway-1  | 2026-09-23T08:25:18.530176572Z 		at reactor.core.publisher.FluxContextWriteRestoringThreadLocals$ContextWriteRestoringThreadLocalsSubscriber.onComplete(FluxContextWriteRestoringThreadLocals.java:150)
api-gateway-1  | 2026-09-23T08:25:18.530179679Z 		at org.springframework.cloud.commons.publisher.FluxFirstNonEmptyEmitting$FirstNonEmptyEmittingSubscriber.onComplete(FluxFirstNonEmptyEmitting.java:325)
api-gateway-1  | 2026-09-23T08:25:18.530182715Z 		at reactor.core.publisher.Operators.complete(Operators.java:137)
api-gateway-1  | 2026-09-23T08:25:18.530185640Z 		at reactor.core.publisher.FluxIterable.subscribe(FluxIterable.java:143)
api-gateway-1  | 2026-09-23T08:25:18.530188556Z 		at reactor.core.publisher.FluxIterable.subscribe(FluxIterable.java:82)
api-gateway-1  | 2026-09-23T08:25:18.530191562Z 		at reactor.core.publisher.Flux.subscribe(Flux.java:8888)
api-gateway-1  | 2026-09-23T08:25:18.530194608Z 		at org.springframework.cloud.commons.publisher.FluxFirstNonEmptyEmitting$RaceCoordinator.subscribe(FluxFirstNonEmptyEmitting.java:203)
api-gateway-1  | 2026-09-23T08:25:18.530197654Z 		at org.springframework.cloud.commons.publisher.FluxFirstNonEmptyEmitting.subscribe(FluxFirstNonEmptyEmitting.java:128)
api-gateway-1  | 2026-09-23T08:25:18.530206101Z 		at reactor.core.publisher.InternalFluxOperator.subscribe(InternalFluxOperator.java:67)
api-gateway-1  | 2026-09-23T08:25:18.530209097Z 		at reactor.core.publisher.FluxDefer.subscribe(FluxDefer.java:55)
api-gateway-1  | 2026-09-23T08:25:18.530211993Z 		at reactor.core.publisher.InternalFluxOperator.subscribe(InternalFluxOperator.java:67)
api-gateway-1  | 2026-09-23T08:25:18.530214909Z 		at reactor.core.publisher.FluxDefer.subscribe(FluxDefer.java:55)
api-gateway-1  | 2026-09-23T08:25:18.530217824Z 		at reactor.core.publisher.Mono.subscribe(Mono.java:4569)
api-gateway-1  | 2026-09-23T08:25:18.530220730Z 		at reactor.core.publisher.FluxSwitchIfEmpty$SwitchIfEmptySubscriber.onComplete(FluxSwitchIfEmpty.java:83)
api-gateway-1  | 2026-09-23T08:25:18.530223696Z 		at reactor.core.publisher.Operators.complete(Operators.java:137)
api-gateway-1  | 2026-09-23T08:25:18.530226612Z 		at reactor.core.publisher.MonoEmpty.subscribe(MonoEmpty.java:46)
api-gateway-1  | 2026-09-23T08:25:18.530229518Z 		at reactor.core.publisher.InternalFluxOperator.subscribe(InternalFluxOperator.java:67)
api-gateway-1  | 2026-09-23T08:25:18.530232454Z 		at reactor.core.publisher.FluxDefer.subscribe(FluxDefer.java:55)
api-gateway-1  | 2026-09-23T08:25:18.530235359Z 		at reactor.core.publisher.InternalMonoOperator.subscribe(InternalMonoOperator.java:75)
api-gateway-1  | 2026-09-23T08:25:18.530238285Z 		at reactor.core.publisher.MonoDefer.subscribe(MonoDefer.java:54)
api-gateway-1  | 2026-09-23T08:25:18.530241191Z 		at reactor.core.publisher.InternalMonoOperator.subscribe(InternalMonoOperator.java:75)
api-gateway-1  | 2026-09-23T08:25:18.530244127Z 		at reactor.core.publisher.MonoContextWriteRestoringThreadLocals.subscribe(MonoContextWriteRestoringThreadLocals.java:44)
api-gateway-1  | 2026-09-23T08:25:18.530247103Z 		at reactor.core.publisher.MonoDeferContextual.subscribe(MonoDeferContextual.java:56)
api-gateway-1  | 2026-09-23T08:25:18.530250018Z 		at reactor.core.publisher.FluxFromMonoOperator.subscribe(FluxFromMonoOperator.java:83)
api-gateway-1  | 2026-09-23T08:25:18.530252954Z 		at reactor.core.publisher.FluxDeferContextual.subscribe(FluxDeferContextual.java:58)
api-gateway-1  | 2026-09-23T08:25:18.530255870Z 		at reactor.core.publisher.InternalMonoOperator.subscribe(InternalMonoOperator.java:75)
api-gateway-1  | 2026-09-23T08:25:18.530258816Z 		at reactor.core.publisher.MonoFlatMap$FlatMapMain.onNext(MonoFlatMap.java:166)
api-gateway-1  | 2026-09-23T08:25:18.530261782Z 		at reactor.core.publisher.FluxOnErrorResume$ResumeSubscriber.onNext(FluxOnErrorResume.java:80)
api-gateway-1  | 2026-09-23T08:25:18.530264738Z 		at reactor.core.publisher.FluxOnErrorResume$ResumeSubscriber.onNext(FluxOnErrorResume.java:80)
api-gateway-1  | 2026-09-23T08:25:18.530267664Z 		at reactor.core.publisher.FluxPeek$PeekSubscriber.onNext(FluxPeek.java:203)
api-gateway-1  | 2026-09-23T08:25:18.530270850Z 		at reactor.core.publisher.MonoIgnoreThen$ThenIgnoreMain.complete(MonoIgnoreThen.java:297)
api-gateway-1  | 2026-09-23T08:25:18.530273816Z 		at reactor.core.publisher.MonoIgnoreThen$ThenIgnoreMain.onNext(MonoIgnoreThen.java:191)
api-gateway-1  | 2026-09-23T08:25:18.530276772Z 		at reactor.core.publisher.MonoFlatMap$FlatMapMain.onNext(MonoFlatMap.java:159)
api-gateway-1  | 2026-09-23T08:25:18.530284898Z 		at reactor.core.publisher.MonoZip$ZipCoordinator.signal(MonoZip.java:296)
api-gateway-1  | 2026-09-23T08:25:18.530287884Z 		at reactor.core.publisher.MonoZip$ZipInner.onNext(MonoZip.java:480)
api-gateway-1  | 2026-09-23T08:25:18.530290789Z 		at reactor.core.publisher.MonoPeekTerminal$MonoTerminalPeekSubscriber.onNext(MonoPeekTerminal.java:184)
api-gateway-1  | 2026-09-23T08:25:18.530293755Z 		at reactor.core.publisher.FluxDefaultIfEmpty$DefaultIfEmptySubscriber.onNext(FluxDefaultIfEmpty.java:123)
api-gateway-1  | 2026-09-23T08:25:18.530296731Z 		at reactor.core.publisher.FluxSwitchIfEmpty$SwitchIfEmptySubscriber.onNext(FluxSwitchIfEmpty.java:75)
api-gateway-1  | 2026-09-23T08:25:18.530299657Z 		at reactor.core.publisher.Operators$ScalarSubscription.request(Operators.java:2565)
api-gateway-1  | 2026-09-23T08:25:18.530302583Z 		at reactor.core.publisher.Operators$MultiSubscriptionSubscriber.set(Operators.java:2361)
api-gateway-1  | 2026-09-23T08:25:18.530305509Z 		at reactor.core.publisher.Operators$MultiSubscriptionSubscriber.onSubscribe(Operators.java:2235)
api-gateway-1  | 2026-09-23T08:25:18.530308445Z 		at reactor.core.publisher.FluxFlatMap.trySubscribeScalarMap(FluxFlatMap.java:193)
api-gateway-1  | 2026-09-23T08:25:18.530311350Z 		at reactor.core.publisher.MonoFlatMap.subscribeOrReturn(MonoFlatMap.java:53)
api-gateway-1  | 2026-09-23T08:25:18.530314276Z 		at reactor.core.publisher.InternalMonoOperator.subscribe(InternalMonoOperator.java:62)
api-gateway-1  | 2026-09-23T08:25:18.530317202Z 		at reactor.core.publisher.MonoZip$ZipCoordinator.request(MonoZip.java:219)
api-gateway-1  | 2026-09-23T08:25:18.530320108Z 		at reactor.core.publisher.MonoFlatMap$FlatMapMain.request(MonoFlatMap.java:195)
api-gateway-1  | 2026-09-23T08:25:18.530323034Z 		at reactor.core.publisher.MonoIgnoreThen$ThenIgnoreMain.onSubscribe(MonoIgnoreThen.java:135)
api-gateway-1  | 2026-09-23T08:25:18.530325969Z 		at reactor.core.publisher.MonoFlatMap$FlatMapMain.onSubscribe(MonoFlatMap.java:118)
api-gateway-1  | 2026-09-23T08:25:18.530328905Z 		at reactor.core.publisher.MonoZip.subscribe(MonoZip.java:129)
api-gateway-1  | 2026-09-23T08:25:18.530331791Z 		at reactor.core.publisher.InternalMonoOperator.subscribe(InternalMonoOperator.java:75)
api-gateway-1  | 2026-09-23T08:25:18.530335719Z 		at reactor.core.publisher.MonoDefer.subscribe(MonoDefer.java:54)
api-gateway-1  | 2026-09-23T08:25:18.530338735Z 		at reactor.core.publisher.MonoIgnoreThen$ThenIgnoreMain.subscribeNext(MonoIgnoreThen.java:244)
api-gateway-1  | 2026-09-23T08:25:18.530341661Z 		at reactor.core.publisher.MonoIgnoreThen$ThenIgnoreMain.onComplete(MonoIgnoreThen.java:207)
api-gateway-1  | 2026-09-23T08:25:18.530344887Z 		at reactor.core.publisher.MonoFlatMap$FlatMapMain.onComplete(MonoFlatMap.java:190)
api-gateway-1  | 2026-09-23T08:25:18.530347863Z 		at reactor.core.publisher.Operators.complete(Operators.java:137)
api-gateway-1  | 2026-09-23T08:25:18.530350819Z 		at reactor.core.publisher.MonoZip.subscribe(MonoZip.java:121)
api-gateway-1  | 2026-09-23T08:25:18.530353715Z 		at reactor.core.publisher.Mono.subscribe(Mono.java:4569)
api-gateway-1  | 2026-09-23T08:25:18.530356600Z 		at reactor.core.publisher.MonoIgnoreThen$ThenIgnoreMain.subscribeNext(MonoIgnoreThen.java:268)
api-gateway-1  | 2026-09-23T08:25:18.530364877Z 		at reactor.core.publisher.MonoIgnoreThen.subscribe(MonoIgnoreThen.java:51)
api-gateway-1  | 2026-09-23T08:25:18.530367883Z 		at reactor.core.publisher.InternalMonoOperator.subscribe(InternalMonoOperator.java:75)
api-gateway-1  | 2026-09-23T08:25:18.530370819Z 		at reactor.core.publisher.MonoFlatMap$FlatMapMain.onNext(MonoFlatMap.java:166)
api-gateway-1  | 2026-09-23T08:25:18.530373794Z 		at reactor.core.publisher.FluxOnErrorResume$ResumeSubscriber.onNext(FluxOnErrorResume.java:80)
api-gateway-1  | 2026-09-23T08:25:18.530376740Z 		at reactor.core.publisher.FluxSwitchIfEmpty$SwitchIfEmptySubscriber.onNext(FluxSwitchIfEmpty.java:75)
api-gateway-1  | 2026-09-23T08:25:18.530379746Z 		at reactor.core.publisher.MonoNext$NextSubscriber.onNext(MonoNext.java:83)
api-gateway-1  | 2026-09-23T08:25:18.530382682Z 		at reactor.core.publisher.FluxConcatMapNoPrefetch$FluxConcatMapNoPrefetchSubscriber.innerNext(FluxConcatMapNoPrefetch.java:259)
api-gateway-1  | 2026-09-23T08:25:18.530385648Z 		at reactor.core.publisher.FluxConcatMap$ConcatMapInner.onNext(FluxConcatMap.java:870)
api-gateway-1  | 2026-09-23T08:25:18.530388574Z 		at reactor.core.publisher.FluxMapFuseable$MapFuseableSubscriber.onNext(FluxMapFuseable.java:130)
api-gateway-1  | 2026-09-23T08:25:18.530391580Z 		at reactor.core.publisher.MonoPeekTerminal$MonoTerminalPeekSubscriber.onNext(MonoPeekTerminal.java:184)
api-gateway-1  | 2026-09-23T08:25:18.530394536Z 		at reactor.core.publisher.Operators$ScalarSubscription.request(Operators.java:2565)
api-gateway-1  | 2026-09-23T08:25:18.530397442Z 		at reactor.core.publisher.MonoPeekTerminal$MonoTerminalPeekSubscriber.request(MonoPeekTerminal.java:142)
api-gateway-1  | 2026-09-23T08:25:18.530400397Z 		at reactor.core.publisher.FluxMapFuseable$MapFuseableSubscriber.request(FluxMapFuseable.java:172)
api-gateway-1  | 2026-09-23T08:25:18.530403323Z 		at reactor.core.publisher.Operators$MultiSubscriptionSubscriber.request(Operators.java:2325)
api-gateway-1  | 2026-09-23T08:25:18.530406259Z 		at reactor.core.publisher.FluxConcatMapNoPrefetch$FluxConcatMapNoPrefetchSubscriber.request(FluxConcatMapNoPrefetch.java:339)
api-gateway-1  | 2026-09-23T08:25:18.530409235Z 		at reactor.core.publisher.MonoNext$NextSubscriber.request(MonoNext.java:109)
api-gateway-1  | 2026-09-23T08:25:18.530412131Z 		at reactor.core.publisher.Operators$MultiSubscriptionSubscriber.set(Operators.java:2361)
api-gateway-1  | 2026-09-23T08:25:18.530415077Z 		at reactor.core.publisher.Operators$MultiSubscriptionSubscriber.onSubscribe(Operators.java:2235)
api-gateway-1  | 2026-09-23T08:25:18.530418223Z 		at reactor.core.publisher.MonoNext$NextSubscriber.onSubscribe(MonoNext.java:71)
api-gateway-1  | 2026-09-23T08:25:18.530421179Z 		at reactor.core.publisher.FluxConcatMapNoPrefetch$FluxConcatMapNoPrefetchSubscriber.onSubscribe(FluxConcatMapNoPrefetch.java:164)
api-gateway-1  | 2026-09-23T08:25:18.530424195Z 		at reactor.core.publisher.FluxIterable.subscribe(FluxIterable.java:200)
api-gateway-1  | 2026-09-23T08:25:18.530427171Z 		at reactor.core.publisher.FluxIterable.subscribe(FluxIterable.java:82)
api-gateway-1  | 2026-09-23T08:25:18.530430116Z 		at reactor.core.publisher.InternalMonoOperator.subscribe(InternalMonoOperator.java:75)
api-gateway-1  | 2026-09-23T08:25:18.530438193Z 		at reactor.core.publisher.MonoDefer.subscribe(MonoDefer.java:54)
api-gateway-1  | 2026-09-23T08:25:18.530441178Z 		at reactor.core.publisher.InternalMonoOperator.subscribe(InternalMonoOperator.java:75)
api-gateway-1  | 2026-09-23T08:25:18.530444094Z 		at reactor.core.publisher.MonoDefer.subscribe(MonoDefer.java:54)
api-gateway-1  | 2026-09-23T08:25:18.530446990Z 		at reactor.core.publisher.InternalMonoOperator.subscribe(InternalMonoOperator.java:75)
api-gateway-1  | 2026-09-23T08:25:18.530449946Z 		at reactor.core.publisher.MonoTapRestoringThreadLocals.subscribe(MonoTapRestoringThreadLocals.java:78)
api-gateway-1  | 2026-09-23T08:25:18.530452892Z 		at reactor.core.publisher.Mono.subscribe(Mono.java:4569)
api-gateway-1  | 2026-09-23T08:25:18.530455818Z 		at reactor.core.publisher.MonoIgnoreThen$ThenIgnoreMain.subscribeNext(MonoIgnoreThen.java:268)
api-gateway-1  | 2026-09-23T08:25:18.530458763Z 		at reactor.core.publisher.MonoIgnoreThen.subscribe(MonoIgnoreThen.java:51)
api-gateway-1  | 2026-09-23T08:25:18.530461679Z 		at reactor.core.publisher.InternalMonoOperator.subscribe(InternalMonoOperator.java:75)
api-gateway-1  | 2026-09-23T08:25:18.530464605Z 		at reactor.core.publisher.MonoDeferContextual.subscribe(MonoDeferContextual.java:56)
api-gateway-1  | 2026-09-23T08:25:18.530467521Z 		at reactor.netty.http.server.HttpServer$HttpServerHandle.onStateChange(HttpServer.java:1344)
api-gateway-1  | 2026-09-23T08:25:18.530470457Z 		at reactor.netty.ReactorNetty$CompositeConnectionObserver.onStateChange(ReactorNetty.java:730)
api-gateway-1  | 2026-09-23T08:25:18.530473433Z 		at reactor.netty.transport.ServerTransport$ChildObserver.onStateChange(ServerTransport.java:489)
api-gateway-1  | 2026-09-23T08:25:18.530476378Z 		at reactor.netty.http.server.HttpServerOperations.handleDefaultHttpRequest(HttpServerOperations.java:863)
api-gateway-1  | 2026-09-23T08:25:18.530479344Z 		at reactor.netty.http.server.HttpServerOperations.onInboundNext(HttpServerOperations.java:789)
api-gateway-1  | 2026-09-23T08:25:18.530482280Z 		at reactor.netty.channel.ChannelOperationsHandler.channelRead(ChannelOperationsHandler.java:115)
api-gateway-1  | 2026-09-23T08:25:18.530485426Z 		at io.netty.channel.AbstractChannelHandlerContext.fireChannelRead(AbstractChannelHandlerContext.java:356)
api-gateway-1  | 2026-09-23T08:25:18.530488593Z 		at reactor.netty.http.server.HttpTrafficHandler.channelRead(HttpTrafficHandler.java:283)
api-gateway-1  | 2026-09-23T08:25:18.530491549Z 		at io.netty.channel.AbstractChannelHandlerContext.fireChannelRead(AbstractChannelHandlerContext.java:354)
api-gateway-1  | 2026-09-23T08:25:18.530494525Z 		at io.netty.channel.CombinedChannelDuplexHandler$DelegatingChannelHandlerContext.fireChannelRead(CombinedChannelDuplexHandler.java:434)
api-gateway-1  | 2026-09-23T08:25:18.530497530Z 		at io.netty.handler.codec.ByteToMessageDecoder.fireChannelRead(ByteToMessageDecoder.java:361)
api-gateway-1  | 2026-09-23T08:25:18.530500486Z 		at io.netty.handler.codec.ByteToMessageDecoder.channelRead(ByteToMessageDecoder.java:325)
api-gateway-1  | 2026-09-23T08:25:18.530503432Z 		at io.netty.channel.CombinedChannelDuplexHandler.channelRead(CombinedChannelDuplexHandler.java:249)
api-gateway-1  | 2026-09-23T08:25:18.530506388Z 		at io.netty.channel.AbstractChannelHandlerContext.fireChannelRead(AbstractChannelHandlerContext.java:354)
api-gateway-1  | 2026-09-23T08:25:18.530519765Z 		at io.netty.channel.DefaultChannelPipeline$HeadContext.channelRead(DefaultChannelPipeline.java:1429)
api-gateway-1  | 2026-09-23T08:25:18.530522811Z 		at io.netty.channel.DefaultChannelPipeline.fireChannelRead(DefaultChannelPipeline.java:918)
api-gateway-1  | 2026-09-23T08:25:18.530525817Z 		at io.netty.channel.epoll.AbstractEpollStreamChannel$EpollStreamUnsafe.epollInReady(AbstractEpollStreamChannel.java:804)
api-gateway-1  | 2026-09-23T08:25:18.530528803Z 		at io.netty.channel.epoll.AbstractEpollChannel$AbstractEpollUnsafe.handle(AbstractEpollChannel.java:482)
api-gateway-1  | 2026-09-23T08:25:18.530531759Z 		at io.netty.channel.epoll.EpollIoHandler$DefaultEpollIoRegistration.handle(EpollIoHandler.java:317)
api-gateway-1  | 2026-09-23T08:25:18.530534714Z 		at io.netty.channel.epoll.EpollIoHandler.processReady(EpollIoHandler.java:515)
api-gateway-1  | 2026-09-23T08:25:18.530537660Z 		at io.netty.channel.epoll.EpollIoHandler.run(EpollIoHandler.java:460)
api-gateway-1  | 2026-09-23T08:25:18.530540626Z 		at io.netty.channel.SingleThreadIoEventLoop.runIo(SingleThreadIoEventLoop.java:225)
api-gateway-1  | 2026-09-23T08:25:18.530543592Z 		at io.netty.channel.SingleThreadIoEventLoop.run(SingleThreadIoEventLoop.java:196)
api-gateway-1  | 2026-09-23T08:25:18.530546518Z 		at io.netty.util.concurrent.SingleThreadEventExecutor$5.run(SingleThreadEventExecutor.java:1195)
api-gateway-1  | 2026-09-23T08:25:18.530549484Z 		at io.netty.util.internal.ThreadExecutorMap$2.run(ThreadExecutorMap.java:74)
api-gateway-1  | 2026-09-23T08:25:18.530552400Z 		at io.netty.util.concurrent.FastThreadLocalRunnable.run(FastThreadLocalRunnable.java:30)
api-gateway-1  | 2026-09-23T08:25:18.530555375Z 		at java.base/java.lang.Thread.run(Thread.java:840)
api-gateway-1  | 2026-09-23T08:25:18.530558301Z 
api-gateway-1  | 2026-09-23T08:25:18.534826364Z 2026-09-23T08:25:18.534Z  WARN 1 --- [api-gateway] [r-http-epoll-10] [                                                 ] i.m.o.c.ObservationThreadLocalAccessor   : There is no current scope in thread local. This situation should not happen
api-gateway-1  | 2026-09-23T08:25:18.535353945Z 2026-09-23T08:25:18.535Z  WARN 1 --- [api-gateway] [r-http-epoll-10] [                                                 ] i.m.o.c.ObservationThreadLocalAccessor   : Observation <{name=http.server.requests(http get /api/gateway/owners/{ownerId}), error=org.springframework.web.reactive.function.client.WebClientResponseException$ServiceUnavailable: 503 Service Unavailable from UNKNOWN , context=name='http.server.requests', contextualName='http get /api/gateway/owners/{ownerId}', error='org.springframework.web.reactive.function.client.WebClientResponseException$ServiceUnavailable: 503 Service Unavailable from UNKNOWN ', lowCardinalityKeyValues=[exception='ServiceUnavailable', method='GET', outcome='SERVER_ERROR', status='500', uri='/api/gateway/owners/{ownerId}'], highCardinalityKeyValues=[http.url='/api/gateway/owners/6'], map=[class io.micrometer.tracing.handler.TracingObservationHandler$TracingContext='TracingContext{span=6ab38cee45133eb142cefcd406cd6fe2/42cefcd406cd6fe2}', class io.micrometer.core.instrument.LongTaskTimer$Sample='SampleImpl{duration(seconds)=-1.0E-9, duration(nanos)=-1.0, startTimeNanos=1397839132653}', class io.micrometer.core.instrument.Timer$Sample='io.micrometer.core.instrument.Timer$Sample@670d91a5'], parentObservation=null}> to which we're restoring is not the same as the one set as this scope's parent observation <null>. Most likely a manually created Observation has a scope opened that was never closed. This may lead to thread polluting and memory leaks.
api-gateway-1  | 2026-09-23T08:25:21.556220909Z 2026-09-23T08:25:21.555Z  WARN 1 --- [api-gateway] [r-http-epoll-11] [6ab38cf130216e2af396999a53a992a0-f396999a53a992a0] i.m.o.c.ObservationThreadLocalAccessor   : Observation <{name=http.server.requests(null), error=null, context=name='http.server.requests', contextualName='null', error='null', lowCardinalityKeyValues=[exception='none', method='GET', outcome='SUCCESS', status='200', uri='UNKNOWN'], highCardinalityKeyValues=[http.url='/api/gateway/owners/6'], map=[class io.micrometer.tracing.handler.TracingObservationHandler$TracingContext='TracingContext{span=6ab38cf130216e2af396999a53a992a0/f396999a53a992a0}', class io.micrometer.core.instrument.LongTaskTimer$Sample='SampleImpl{duration(seconds)=0.002500929, duration(nanos)=2500929.0, startTimeNanos=1400875288178}', class io.micrometer.core.instrument.Timer$Sample='io.micrometer.core.instrument.Timer$Sample@2e694232'], parentObservation=null}> to which we're restoring is not the same as the one set as this scope's parent observation <null>. Most likely a manually created Observation has a scope opened that was never closed. This may lead to thread polluting and memory leaks.
api-gateway-1  | 2026-09-23T08:25:21.558653122Z 2026-09-23T08:25:21.557Z  WARN 1 --- [api-gateway] [r-http-epoll-11] [                                                 ] o.s.c.l.core.RoundRobinLoadBalancer      : No servers available for service: customers-service
api-gateway-1  | 2026-09-23T08:25:21.558683612Z 2026-09-23T08:25:21.558Z  WARN 1 --- [api-gateway] [r-http-epoll-11] [                                                 ] eactorLoadBalancerExchangeFilterFunction : LoadBalancer does not contain an instance for the service customers-service
api-gateway-1  | 2026-09-23T08:25:21.563921298Z 2026-09-23T08:25:21.560Z ERROR 1 --- [api-gateway] [r-http-epoll-11] [6ab38cf130216e2af396999a53a992a0-f396999a53a992a0] b.w.a.e.AbstractErrorWebExceptionHandler : [5b537519-10]  500 Server Error for HTTP GET "/api/gateway/owners/6"
api-gateway-1  | 2026-09-23T08:25:21.563970356Z 
api-gateway-1  | 2026-09-23T08:25:21.563977660Z org.springframework.web.reactive.function.client.WebClientResponseException$ServiceUnavailable: 503 Service Unavailable from UNKNOWN 
api-gateway-1  | 2026-09-23T08:25:21.563983462Z 	at org.springframework.web.reactive.function.client.WebClientResponseException.create(WebClientResponseException.java:322)
api-gateway-1  | 2026-09-23T08:25:21.563992510Z 	Suppressed: The stacktrace has been enhanced by Reactor, refer to additional information below: 
api-gateway-1  | 2026-09-23T08:25:21.564001448Z Error has been observed at the following site(s):
api-gateway-1  | 2026-09-23T08:25:21.564009464Z 	*__checkpoint ⇢ 503 SERVICE_UNAVAILABLE from GET http://customers-service/owners/6 [DefaultWebClient]
api-gateway-1  | 2026-09-23T08:25:21.564018532Z 	*__checkpoint ⇢ Handler org.springframework.samples.petclinic.api.boundary.web.ApiGatewayController#getOwnerDetails(int) [DispatcherHandler]
api-gateway-1  | 2026-09-23T08:25:21.564027289Z 	*__checkpoint ⇢ org.springframework.cloud.gateway.filter.WeightCalculatorWebFilter@5d94ac8a
api-gateway-1  | 2026-09-23T08:25:21.564035024Z 	*__checkpoint ⇢ HTTP GET "/api/gateway/owners/6" [ExceptionHandlingWebHandler]
api-gateway-1  | 2026-09-23T08:25:21.564045555Z Original Stack Trace:
api-gateway-1  | 2026-09-23T08:25:21.564053191Z 		at org.springframework.web.reactive.function.client.WebClientResponseException.create(WebClientResponseException.java:322)
api-gateway-1  | 2026-09-23T08:25:21.564087258Z 		at org.springframework.web.reactive.function.client.DefaultClientResponse.lambda$createException$1(DefaultClientResponse.java:214)
api-gateway-1  | 2026-09-23T08:25:21.564097418Z 		at reactor.core.publisher.FluxMap$MapSubscriber.onNext(FluxMap.java:106)
api-gateway-1  | 2026-09-23T08:25:21.564106376Z 		at reactor.core.publisher.FluxOnErrorReturn$ReturnSubscriber.onNext(FluxOnErrorReturn.java:159)
api-gateway-1  | 2026-09-23T08:25:21.564114803Z 		at reactor.core.publisher.FluxDefaultIfEmpty$DefaultIfEmptySubscriber.onNext(FluxDefaultIfEmpty.java:123)
api-gateway-1  | 2026-09-23T08:25:21.564121587Z 		at reactor.core.publisher.FluxMapFuseable$MapFuseableSubscriber.onNext(FluxMapFuseable.java:130)
api-gateway-1  | 2026-09-23T08:25:21.564128049Z 		at reactor.core.publisher.FluxContextWrite$ContextWriteSubscriber.onNext(FluxContextWrite.java:109)
api-gateway-1  | 2026-09-23T08:25:21.564133160Z 		at reactor.core.publisher.FluxMapFuseable$MapFuseableConditionalSubscriber.onNext(FluxMapFuseable.java:300)
api-gateway-1  | 2026-09-23T08:25:21.564140464Z 		at reactor.core.publisher.FluxFilterFuseable$FilterFuseableConditionalSubscriber.onNext(FluxFilterFuseable.java:338)
api-gateway-1  | 2026-09-23T08:25:21.564147508Z 		at reactor.core.publisher.Operators$BaseFluxToMonoOperator.completePossiblyEmpty(Operators.java:2093)
api-gateway-1  | 2026-09-23T08:25:21.564156356Z 		at reactor.core.publisher.MonoCollect$CollectSubscriber.onComplete(MonoCollect.java:144)
api-gateway-1  | 2026-09-23T08:25:21.564164532Z 		at reactor.core.publisher.FluxMapFuseable$MapFuseableSubscriber.onComplete(FluxMapFuseable.java:153)
api-gateway-1  | 2026-09-23T08:25:21.564189301Z 		at reactor.core.publisher.Operators$ScalarSubscription.request(Operators.java:2567)
api-gateway-1  | 2026-09-23T08:25:21.564195373Z 		at reactor.core.publisher.FluxMapFuseable$MapFuseableSubscriber.request(FluxMapFuseable.java:172)
api-gateway-1  | 2026-09-23T08:25:21.564200594Z 		at reactor.core.publisher.Operators$BaseFluxToMonoOperator.request(Operators.java:2063)
api-gateway-1  | 2026-09-23T08:25:21.564206305Z 		at reactor.core.publisher.FluxFilterFuseable$FilterFuseableConditionalSubscriber.request(FluxFilterFuseable.java:411)
api-gateway-1  | 2026-09-23T08:25:21.564211636Z 		at reactor.core.publisher.FluxMapFuseable$MapFuseableConditionalSubscriber.request(FluxMapFuseable.java:361)
api-gateway-1  | 2026-09-23T08:25:21.564216776Z 		at reactor.core.publisher.FluxContextWrite$ContextWriteSubscriber.request(FluxContextWrite.java:138)
api-gateway-1  | 2026-09-23T08:25:21.564221906Z 		at reactor.core.publisher.FluxMapFuseable$MapFuseableSubscriber.request(FluxMapFuseable.java:172)
api-gateway-1  | 2026-09-23T08:25:21.564227026Z 		at reactor.core.publisher.FluxDefaultIfEmpty$DefaultIfEmptySubscriber.request(FluxDefaultIfEmpty.java:99)
api-gateway-1  | 2026-09-23T08:25:21.564233679Z 		at reactor.core.publisher.FluxOnErrorReturn$ReturnSubscriber.request(FluxOnErrorReturn.java:150)
api-gateway-1  | 2026-09-23T08:25:21.564242246Z 		at reactor.core.publisher.FluxMap$MapSubscriber.request(FluxMap.java:163)
api-gateway-1  | 2026-09-23T08:25:21.564251214Z 		at reactor.core.publisher.MonoFlatMap$FlatMapMain.request(MonoFlatMap.java:195)
api-gateway-1  | 2026-09-23T08:25:21.564258980Z 		at reactor.core.publisher.Operators$MultiSubscriptionSubscriber.set(Operators.java:2361)
api-gateway-1  | 2026-09-23T08:25:21.564282657Z 		at reactor.core.publisher.FluxOnErrorResume$ResumeSubscriber.onSubscribe(FluxOnErrorResume.java:75)
api-gateway-1  | 2026-09-23T08:25:21.564289430Z 		at reactor.core.publisher.MonoFlatMap$FlatMapMain.onSubscribe(MonoFlatMap.java:118)
api-gateway-1  | 2026-09-23T08:25:21.564294641Z 		at reactor.core.publisher.FluxMap$MapSubscriber.onSubscribe(FluxMap.java:92)
api-gateway-1  | 2026-09-23T08:25:21.564299741Z 		at reactor.core.publisher.FluxOnErrorReturn$ReturnSubscriber.onSubscribe(FluxOnErrorReturn.java:92)
api-gateway-1  | 2026-09-23T08:25:21.564304901Z 		at reactor.core.publisher.Operators$BaseFluxToMonoOperator.onSubscribe(Operators.java:2047)
api-gateway-1  | 2026-09-23T08:25:21.564310111Z 		at reactor.core.publisher.FluxMapFuseable$MapFuseableSubscriber.onSubscribe(FluxMapFuseable.java:96)
api-gateway-1  | 2026-09-23T08:25:21.564315963Z 		at reactor.core.publisher.FluxContextWrite$ContextWriteSubscriber.onSubscribe(FluxContextWrite.java:103)
api-gateway-1  | 2026-09-23T08:25:21.564321193Z 		at reactor.core.publisher.FluxMapFuseable$MapFuseableConditionalSubscriber.onSubscribe(FluxMapFuseable.java:265)
api-gateway-1  | 2026-09-23T08:25:21.564326374Z 		at reactor.core.publisher.FluxFilterFuseable$FilterFuseableConditionalSubscriber.onSubscribe(FluxFilterFuseable.java:305)
api-gateway-1  | 2026-09-23T08:25:21.564331614Z 		at reactor.core.publisher.Operators$BaseFluxToMonoOperator.onSubscribe(Operators.java:2047)
api-gateway-1  | 2026-09-23T08:25:21.564336784Z 		at reactor.core.publisher.FluxMapFuseable$MapFuseableSubscriber.onSubscribe(FluxMapFuseable.java:96)
api-gateway-1  | 2026-09-23T08:25:21.564341955Z 		at reactor.core.publisher.FluxJust.subscribe(FluxJust.java:69)
api-gateway-1  | 2026-09-23T08:25:21.564347095Z 		at reactor.core.publisher.InternalMonoOperator.subscribe(InternalMonoOperator.java:75)
api-gateway-1  | 2026-09-23T08:25:21.564352215Z 		at reactor.core.publisher.MonoFlatMap$FlatMapMain.onNext(MonoFlatMap.java:166)
api-gateway-1  | 2026-09-23T08:25:21.564357455Z 		at reactor.core.publisher.MonoContextWriteRestoringThreadLocals$ContextWriteRestoringThreadLocalsSubscriber.onNext(MonoContextWriteRestoringThreadLocals.java:111)
api-gateway-1  | 2026-09-23T08:25:21.564362806Z 		at reactor.core.publisher.FluxDoFinally$DoFinallySubscriber.onNext(FluxDoFinally.java:113)
api-gateway-1  | 2026-09-23T08:25:21.564368036Z 		at reactor.core.publisher.MonoPeekTerminal$MonoTerminalPeekSubscriber.onNext(MonoPeekTerminal.java:184)
api-gateway-1  | 2026-09-23T08:25:21.564373257Z 		at reactor.core.publisher.FluxPeekFuseable$PeekConditionalSubscriber.onNext(FluxPeekFuseable.java:850)
api-gateway-1  | 2026-09-23T08:25:21.564378467Z 		at reactor.core.publisher.FluxSwitchIfEmpty$SwitchIfEmptySubscriber.onNext(FluxSwitchIfEmpty.java:75)
api-gateway-1  | 2026-09-23T08:25:21.564383738Z 		at reactor.core.publisher.MonoFlatMap$FlatMapMain.onNext(MonoFlatMap.java:159)
api-gateway-1  | 2026-09-23T08:25:21.564388908Z 		at reactor.core.publisher.FluxMap$MapSubscriber.onNext(FluxMap.java:122)
api-gateway-1  | 2026-09-23T08:25:21.564393998Z 		at reactor.core.publisher.MonoNext$NextSubscriber.onNext(MonoNext.java:83)
api-gateway-1  | 2026-09-23T08:25:21.564399148Z 		at reactor.core.publisher.FluxDematerialize$DematerializeSubscriber.onNext(FluxDematerialize.java:102)
api-gateway-1  | 2026-09-23T08:25:21.564414268Z 		at reactor.core.publisher.FluxDematerialize$DematerializeSubscriber.onNext(FluxDematerialize.java:44)
api-gateway-1  | 2026-09-23T08:25:21.564419589Z 		at reactor.core.publisher.FluxFlattenIterable$FlattenIterableSubscriber.drainAsync(FluxFlattenIterable.java:455)
api-gateway-1  | 2026-09-23T08:25:21.564424689Z 		at reactor.core.publisher.FluxFlattenIterable$FlattenIterableSubscriber.drain(FluxFlattenIterable.java:726)
api-gateway-1  | 2026-09-23T08:25:21.564428196Z 		at reactor.core.publisher.FluxFlattenIterable$FlattenIterableSubscriber.onNext(FluxFlattenIterable.java:258)
api-gateway-1  | 2026-09-23T08:25:21.564431212Z 		at reactor.core.publisher.FluxSwitchIfEmpty$SwitchIfEmptySubscriber.onNext(FluxSwitchIfEmpty.java:75)
api-gateway-1  | 2026-09-23T08:25:21.564434178Z 		at reactor.core.publisher.MonoFlatMap$FlatMapMain.secondComplete(MonoFlatMap.java:246)
api-gateway-1  | 2026-09-23T08:25:21.564437094Z 		at reactor.core.publisher.MonoFlatMap$FlatMapInner.onNext(MonoFlatMap.java:307)
api-gateway-1  | 2026-09-23T08:25:21.564440000Z 		at reactor.core.publisher.MonoIgnoreThen$ThenIgnoreMain.complete(MonoIgnoreThen.java:297)
api-gateway-1  | 2026-09-23T08:25:21.564442985Z 		at reactor.core.publisher.MonoIgnoreThen$ThenIgnoreMain.onNext(MonoIgnoreThen.java:191)
api-gateway-1  | 2026-09-23T08:25:21.564445921Z 		at reactor.core.publisher.MonoIgnoreThen$ThenIgnoreMain.subscribeNext(MonoIgnoreThen.java:240)
api-gateway-1  | 2026-09-23T08:25:21.564448857Z 		at reactor.core.publisher.MonoIgnoreThen$ThenIgnoreMain.onComplete(MonoIgnoreThen.java:207)
api-gateway-1  | 2026-09-23T08:25:21.564451783Z 		at reactor.core.publisher.MonoIgnoreElements$IgnoreElementsSubscriber.onComplete(MonoIgnoreElements.java:89)
api-gateway-1  | 2026-09-23T08:25:21.564454849Z 		at reactor.core.publisher.FluxPeek$PeekSubscriber.onComplete(FluxPeek.java:263)
api-gateway-1  | 2026-09-23T08:25:21.564457775Z 		at reactor.core.publisher.FluxDematerialize$DematerializeSubscriber.onComplete(FluxDematerialize.java:125)
api-gateway-1  | 2026-09-23T08:25:21.564460731Z 		at reactor.core.publisher.FluxDematerialize$DematerializeSubscriber.onNext(FluxDematerialize.java:91)
api-gateway-1  | 2026-09-23T08:25:21.564463687Z 		at reactor.core.publisher.FluxDematerialize$DematerializeSubscriber.onNext(FluxDematerialize.java:44)
api-gateway-1  | 2026-09-23T08:25:21.564466653Z 		at reactor.core.publisher.FluxIterable$IterableSubscription.fastPath(FluxIterable.java:402)
api-gateway-1  | 2026-09-23T08:25:21.564470019Z 		at reactor.core.publisher.FluxIterable$IterableSubscription.request(FluxIterable.java:291)
api-gateway-1  | 2026-09-23T08:25:21.564474668Z 		at reactor.core.publisher.FluxDematerialize$DematerializeSubscriber.request(FluxDematerialize.java:131)
api-gateway-1  | 2026-09-23T08:25:21.564479358Z 		at reactor.core.publisher.FluxPeek$PeekSubscriber.request(FluxPeek.java:141)
api-gateway-1  | 2026-09-23T08:25:21.564483867Z 		at reactor.core.publisher.MonoIgnoreElements$IgnoreElementsSubscriber.onSubscribe(MonoIgnoreElements.java:72)
api-gateway-1  | 2026-09-23T08:25:21.564488316Z 		at reactor.core.publisher.FluxPeek$PeekSubscriber.onSubscribe(FluxPeek.java:174)
api-gateway-1  | 2026-09-23T08:25:21.564492905Z 		at reactor.core.publisher.FluxDematerialize$DematerializeSubscriber.onSubscribe(FluxDematerialize.java:77)
api-gateway-1  | 2026-09-23T08:25:21.564504468Z 		at reactor.core.publisher.FluxIterable.subscribe(FluxIterable.java:200)
api-gateway-1  | 2026-09-23T08:25:21.564509949Z 		at reactor.core.publisher.FluxIterable.subscribe(FluxIterable.java:82)
api-gateway-1  | 2026-09-23T08:25:21.564514658Z 		at reactor.core.publisher.Mono.subscribe(Mono.java:4569)
api-gateway-1  | 2026-09-23T08:25:21.564518275Z 		at reactor.core.publisher.MonoIgnoreThen$ThenIgnoreMain.subscribeNext(MonoIgnoreThen.java:268)
api-gateway-1  | 2026-09-23T08:25:21.564521211Z 		at reactor.core.publisher.MonoIgnoreThen.subscribe(MonoIgnoreThen.java:51)
api-gateway-1  | 2026-09-23T08:25:21.564524157Z 		at reactor.core.publisher.MonoFlatMap$FlatMapMain.onNext(MonoFlatMap.java:166)
api-gateway-1  | 2026-09-23T08:25:21.564527083Z 		at reactor.core.publisher.Operators$BaseFluxToMonoOperator.completePossiblyEmpty(Operators.java:2093)
api-gateway-1  | 2026-09-23T08:25:21.564530059Z 		at reactor.core.publisher.MonoCollectList$MonoCollectListSubscriber.onComplete(MonoCollectList.java:117)
api-gateway-1  | 2026-09-23T08:25:21.564533045Z 		at reactor.core.publisher.DrainUtils.postCompleteDrain(DrainUtils.java:132)
api-gateway-1  | 2026-09-23T08:25:21.564535950Z 		at reactor.core.publisher.DrainUtils.postComplete(DrainUtils.java:187)
api-gateway-1  | 2026-09-23T08:25:21.564538906Z 		at reactor.core.publisher.FluxMaterialize$MaterializeSubscriber.onComplete(FluxMaterialize.java:141)
api-gateway-1  | 2026-09-23T08:25:21.564541862Z 		at reactor.core.publisher.FluxLimitRequest$FluxLimitRequestSubscriber.onNext(FluxLimitRequest.java:104)
api-gateway-1  | 2026-09-23T08:25:21.564544868Z 		at reactor.core.publisher.FluxOnErrorResume$ResumeSubscriber.onNext(FluxOnErrorResume.java:80)
api-gateway-1  | 2026-09-23T08:25:21.564547844Z 		at reactor.core.publisher.SerializedSubscriber.onNext(SerializedSubscriber.java:100)
api-gateway-1  | 2026-09-23T08:25:21.564550790Z 		at reactor.core.publisher.FluxTimeout$TimeoutMainSubscriber.onNext(FluxTimeout.java:182)
api-gateway-1  | 2026-09-23T08:25:21.564553776Z 		at reactor.core.publisher.Operators$BaseFluxToMonoOperator.completePossiblyEmpty(Operators.java:2093)
api-gateway-1  | 2026-09-23T08:25:21.564556752Z 		at reactor.core.publisher.MonoCollectList$MonoCollectListSubscriber.onComplete(MonoCollectList.java:117)
api-gateway-1  | 2026-09-23T08:25:21.564559738Z 		at reactor.core.publisher.FluxContextWriteRestoringThreadLocals$ContextWriteRestoringThreadLocalsSubscriber.onComplete(FluxContextWriteRestoringThreadLocals.java:150)
api-gateway-1  | 2026-09-23T08:25:21.564562834Z 		at org.springframework.cloud.commons.publisher.FluxFirstNonEmptyEmitting$FirstNonEmptyEmittingSubscriber.onComplete(FluxFirstNonEmptyEmitting.java:325)
api-gateway-1  | 2026-09-23T08:25:21.564565900Z 		at reactor.core.publisher.Operators.complete(Operators.java:137)
api-gateway-1  | 2026-09-23T08:25:21.564568856Z 		at reactor.core.publisher.FluxIterable.subscribe(FluxIterable.java:143)
api-gateway-1  | 2026-09-23T08:25:21.564571802Z 		at reactor.core.publisher.FluxIterable.subscribe(FluxIterable.java:82)
api-gateway-1  | 2026-09-23T08:25:21.564574727Z 		at reactor.core.publisher.Flux.subscribe(Flux.java:8888)
api-gateway-1  | 2026-09-23T08:25:21.564577854Z 		at org.springframework.cloud.commons.publisher.FluxFirstNonEmptyEmitting$RaceCoordinator.subscribe(FluxFirstNonEmptyEmitting.java:203)
api-gateway-1  | 2026-09-23T08:25:21.564592122Z 		at org.springframework.cloud.commons.publisher.FluxFirstNonEmptyEmitting.subscribe(FluxFirstNonEmptyEmitting.java:128)
api-gateway-1  | 2026-09-23T08:25:21.564595178Z 		at reactor.core.publisher.InternalFluxOperator.subscribe(InternalFluxOperator.java:67)
api-gateway-1  | 2026-09-23T08:25:21.564598104Z 		at reactor.core.publisher.FluxDefer.subscribe(FluxDefer.java:55)
api-gateway-1  | 2026-09-23T08:25:21.564601010Z 		at reactor.core.publisher.InternalFluxOperator.subscribe(InternalFluxOperator.java:67)
api-gateway-1  | 2026-09-23T08:25:21.564603935Z 		at reactor.core.publisher.FluxDefer.subscribe(FluxDefer.java:55)
api-gateway-1  | 2026-09-23T08:25:21.564606851Z 		at reactor.core.publisher.Mono.subscribe(Mono.java:4569)
api-gateway-1  | 2026-09-23T08:25:21.564609757Z 		at reactor.core.publisher.FluxSwitchIfEmpty$SwitchIfEmptySubscriber.onComplete(FluxSwitchIfEmpty.java:83)
api-gateway-1  | 2026-09-23T08:25:21.564612713Z 		at reactor.core.publisher.Operators.complete(Operators.java:137)
api-gateway-1  | 2026-09-23T08:25:21.564615619Z 		at reactor.core.publisher.MonoEmpty.subscribe(MonoEmpty.java:46)
api-gateway-1  | 2026-09-23T08:25:21.564618524Z 		at reactor.core.publisher.InternalFluxOperator.subscribe(InternalFluxOperator.java:67)
api-gateway-1  | 2026-09-23T08:25:21.564621450Z 		at reactor.core.publisher.FluxDefer.subscribe(FluxDefer.java:55)
api-gateway-1  | 2026-09-23T08:25:21.564624356Z 		at reactor.core.publisher.InternalMonoOperator.subscribe(InternalMonoOperator.java:75)
api-gateway-1  | 2026-09-23T08:25:21.564661931Z 		at reactor.core.publisher.MonoDefer.subscribe(MonoDefer.java:54)
api-gateway-1  | 2026-09-23T08:25:21.564665578Z 		at reactor.core.publisher.InternalMonoOperator.subscribe(InternalMonoOperator.java:75)
api-gateway-1  | 2026-09-23T08:25:21.564668564Z 		at reactor.core.publisher.MonoContextWriteRestoringThreadLocals.subscribe(MonoContextWriteRestoringThreadLocals.java:44)
api-gateway-1  | 2026-09-23T08:25:21.564671640Z 		at reactor.core.publisher.MonoDeferContextual.subscribe(MonoDeferContextual.java:56)
api-gateway-1  | 2026-09-23T08:25:21.564674586Z 		at reactor.core.publisher.FluxFromMonoOperator.subscribe(FluxFromMonoOperator.java:83)
api-gateway-1  | 2026-09-23T08:25:21.564677522Z 		at reactor.core.publisher.FluxDeferContextual.subscribe(FluxDeferContextual.java:58)
api-gateway-1  | 2026-09-23T08:25:21.564680478Z 		at reactor.core.publisher.InternalMonoOperator.subscribe(InternalMonoOperator.java:75)
api-gateway-1  | 2026-09-23T08:25:21.564683413Z 		at reactor.core.publisher.MonoFlatMap$FlatMapMain.onNext(MonoFlatMap.java:166)
api-gateway-1  | 2026-09-23T08:25:21.564686349Z 		at reactor.core.publisher.FluxOnErrorResume$ResumeSubscriber.onNext(FluxOnErrorResume.java:80)
api-gateway-1  | 2026-09-23T08:25:21.564689325Z 		at reactor.core.publisher.FluxOnErrorResume$ResumeSubscriber.onNext(FluxOnErrorResume.java:80)
api-gateway-1  | 2026-09-23T08:25:21.564692271Z 		at reactor.core.publisher.FluxPeek$PeekSubscriber.onNext(FluxPeek.java:203)
api-gateway-1  | 2026-09-23T08:25:21.564695608Z 		at reactor.core.publisher.MonoIgnoreThen$ThenIgnoreMain.complete(MonoIgnoreThen.java:297)
api-gateway-1  | 2026-09-23T08:25:21.564705517Z 		at reactor.core.publisher.MonoIgnoreThen$ThenIgnoreMain.onNext(MonoIgnoreThen.java:191)
api-gateway-1  | 2026-09-23T08:25:21.564708604Z 		at reactor.core.publisher.MonoFlatMap$FlatMapMain.onNext(MonoFlatMap.java:159)
api-gateway-1  | 2026-09-23T08:25:21.564711519Z 		at reactor.core.publisher.MonoZip$ZipCoordinator.signal(MonoZip.java:296)
api-gateway-1  | 2026-09-23T08:25:21.564714425Z 		at reactor.core.publisher.MonoZip$ZipInner.onNext(MonoZip.java:480)
api-gateway-1  | 2026-09-23T08:25:21.564718243Z 		at reactor.core.publisher.MonoPeekTerminal$MonoTerminalPeekSubscriber.onNext(MonoPeekTerminal.java:184)
api-gateway-1  | 2026-09-23T08:25:21.564723714Z 		at reactor.core.publisher.FluxDefaultIfEmpty$DefaultIfEmptySubscriber.onNext(FluxDefaultIfEmpty.java:123)
api-gateway-1  | 2026-09-23T08:25:21.564728343Z 		at reactor.core.publisher.FluxSwitchIfEmpty$SwitchIfEmptySubscriber.onNext(FluxSwitchIfEmpty.java:75)
api-gateway-1  | 2026-09-23T08:25:21.564732842Z 		at reactor.core.publisher.Operators$ScalarSubscription.request(Operators.java:2565)
api-gateway-1  | 2026-09-23T08:25:21.564737491Z 		at reactor.core.publisher.Operators$MultiSubscriptionSubscriber.set(Operators.java:2361)
api-gateway-1  | 2026-09-23T08:25:21.564742230Z 		at reactor.core.publisher.Operators$MultiSubscriptionSubscriber.onSubscribe(Operators.java:2235)
api-gateway-1  | 2026-09-23T08:25:21.564746198Z 		at reactor.core.publisher.FluxFlatMap.trySubscribeScalarMap(FluxFlatMap.java:193)
api-gateway-1  | 2026-09-23T08:25:21.564750006Z 		at reactor.core.publisher.MonoFlatMap.subscribeOrReturn(MonoFlatMap.java:53)
api-gateway-1  | 2026-09-23T08:25:21.564752942Z 		at reactor.core.publisher.InternalMonoOperator.subscribe(InternalMonoOperator.java:62)
api-gateway-1  | 2026-09-23T08:25:21.564755998Z 		at reactor.core.publisher.MonoZip$ZipCoordinator.request(MonoZip.java:219)
api-gateway-1  | 2026-09-23T08:25:21.564758924Z 		at reactor.core.publisher.MonoFlatMap$FlatMapMain.request(MonoFlatMap.java:195)
api-gateway-1  | 2026-09-23T08:25:21.564761889Z 		at reactor.core.publisher.MonoIgnoreThen$ThenIgnoreMain.onSubscribe(MonoIgnoreThen.java:135)
api-gateway-1  | 2026-09-23T08:25:21.564765136Z 		at reactor.core.publisher.MonoFlatMap$FlatMapMain.onSubscribe(MonoFlatMap.java:118)
api-gateway-1  | 2026-09-23T08:25:21.564768102Z 		at reactor.core.publisher.MonoZip.subscribe(MonoZip.java:129)
api-gateway-1  | 2026-09-23T08:25:21.564771028Z 		at reactor.core.publisher.InternalMonoOperator.subscribe(InternalMonoOperator.java:75)
api-gateway-1  | 2026-09-23T08:25:21.564773953Z 		at reactor.core.publisher.MonoDefer.subscribe(MonoDefer.java:54)
api-gateway-1  | 2026-09-23T08:25:21.564776879Z 		at reactor.core.publisher.MonoIgnoreThen$ThenIgnoreMain.subscribeNext(MonoIgnoreThen.java:244)
api-gateway-1  | 2026-09-23T08:25:21.564779865Z 		at reactor.core.publisher.MonoIgnoreThen$ThenIgnoreMain.onComplete(MonoIgnoreThen.java:207)
api-gateway-1  | 2026-09-23T08:25:21.564783472Z 		at reactor.core.publisher.MonoFlatMap$FlatMapMain.onComplete(MonoFlatMap.java:190)
api-gateway-1  | 2026-09-23T08:25:21.564786458Z 		at reactor.core.publisher.Operators.complete(Operators.java:137)
api-gateway-1  | 2026-09-23T08:25:21.564789384Z 		at reactor.core.publisher.MonoZip.subscribe(MonoZip.java:121)
api-gateway-1  | 2026-09-23T08:25:21.564798292Z 		at reactor.core.publisher.Mono.subscribe(Mono.java:4569)
api-gateway-1  | 2026-09-23T08:25:21.564801308Z 		at reactor.core.publisher.MonoIgnoreThen$ThenIgnoreMain.subscribeNext(MonoIgnoreThen.java:268)
api-gateway-1  | 2026-09-23T08:25:21.564804264Z 		at reactor.core.publisher.MonoIgnoreThen.subscribe(MonoIgnoreThen.java:51)
api-gateway-1  | 2026-09-23T08:25:21.564807170Z 		at reactor.core.publisher.InternalMonoOperator.subscribe(InternalMonoOperator.java:75)
api-gateway-1  | 2026-09-23T08:25:21.564810115Z 		at reactor.core.publisher.MonoFlatMap$FlatMapMain.onNext(MonoFlatMap.java:166)
api-gateway-1  | 2026-09-23T08:25:21.564813051Z 		at reactor.core.publisher.FluxOnErrorResume$ResumeSubscriber.onNext(FluxOnErrorResume.java:80)
api-gateway-1  | 2026-09-23T08:25:21.564815997Z 		at reactor.core.publisher.FluxSwitchIfEmpty$SwitchIfEmptySubscriber.onNext(FluxSwitchIfEmpty.java:75)
api-gateway-1  | 2026-09-23T08:25:21.564818953Z 		at reactor.core.publisher.MonoNext$NextSubscriber.onNext(MonoNext.java:83)
api-gateway-1  | 2026-09-23T08:25:21.564821949Z 		at reactor.core.publisher.FluxConcatMapNoPrefetch$FluxConcatMapNoPrefetchSubscriber.innerNext(FluxConcatMapNoPrefetch.java:259)
api-gateway-1  | 2026-09-23T08:25:21.564824945Z 		at reactor.core.publisher.FluxConcatMap$ConcatMapInner.onNext(FluxConcatMap.java:870)
api-gateway-1  | 2026-09-23T08:25:21.564827911Z 		at reactor.core.publisher.FluxMapFuseable$MapFuseableSubscriber.onNext(FluxMapFuseable.java:130)
api-gateway-1  | 2026-09-23T08:25:21.564830877Z 		at reactor.core.publisher.MonoPeekTerminal$MonoTerminalPeekSubscriber.onNext(MonoPeekTerminal.java:184)
api-gateway-1  | 2026-09-23T08:25:21.564833833Z 		at reactor.core.publisher.Operators$ScalarSubscription.request(Operators.java:2565)
api-gateway-1  | 2026-09-23T08:25:21.564836808Z 		at reactor.core.publisher.MonoPeekTerminal$MonoTerminalPeekSubscriber.request(MonoPeekTerminal.java:142)
api-gateway-1  | 2026-09-23T08:25:21.564839734Z 		at reactor.core.publisher.FluxMapFuseable$MapFuseableSubscriber.request(FluxMapFuseable.java:172)
api-gateway-1  | 2026-09-23T08:25:21.564842710Z 		at reactor.core.publisher.Operators$MultiSubscriptionSubscriber.request(Operators.java:2325)
api-gateway-1  | 2026-09-23T08:25:21.564845666Z 		at reactor.core.publisher.FluxConcatMapNoPrefetch$FluxConcatMapNoPrefetchSubscriber.request(FluxConcatMapNoPrefetch.java:339)
api-gateway-1  | 2026-09-23T08:25:21.564848642Z 		at reactor.core.publisher.MonoNext$NextSubscriber.request(MonoNext.java:109)
api-gateway-1  | 2026-09-23T08:25:21.564851558Z 		at reactor.core.publisher.Operators$MultiSubscriptionSubscriber.set(Operators.java:2361)
api-gateway-1  | 2026-09-23T08:25:21.564854514Z 		at reactor.core.publisher.Operators$MultiSubscriptionSubscriber.onSubscribe(Operators.java:2235)
api-gateway-1  | 2026-09-23T08:25:21.564857750Z 		at reactor.core.publisher.MonoNext$NextSubscriber.onSubscribe(MonoNext.java:71)
api-gateway-1  | 2026-09-23T08:25:21.564860756Z 		at reactor.core.publisher.FluxConcatMapNoPrefetch$FluxConcatMapNoPrefetchSubscriber.onSubscribe(FluxConcatMapNoPrefetch.java:164)
api-gateway-1  | 2026-09-23T08:25:21.564863782Z 		at reactor.core.publisher.FluxIterable.subscribe(FluxIterable.java:200)
api-gateway-1  | 2026-09-23T08:25:21.564908070Z 		at reactor.core.publisher.FluxIterable.subscribe(FluxIterable.java:82)
api-gateway-1  | 2026-09-23T08:25:21.564914363Z 		at reactor.core.publisher.InternalMonoOperator.subscribe(InternalMonoOperator.java:75)
api-gateway-1  | 2026-09-23T08:25:21.564918962Z 		at reactor.core.publisher.MonoDefer.subscribe(MonoDefer.java:54)
api-gateway-1  | 2026-09-23T08:25:21.564924082Z 		at reactor.core.publisher.InternalMonoOperator.subscribe(InternalMonoOperator.java:75)
api-gateway-1  | 2026-09-23T08:25:21.564928801Z 		at reactor.core.publisher.MonoDefer.subscribe(MonoDefer.java:54)
api-gateway-1  | 2026-09-23T08:25:21.564933180Z 		at reactor.core.publisher.InternalMonoOperator.subscribe(InternalMonoOperator.java:75)
api-gateway-1  | 2026-09-23T08:25:21.564937729Z 		at reactor.core.publisher.MonoTapRestoringThreadLocals.subscribe(MonoTapRestoringThreadLocals.java:78)
api-gateway-1  | 2026-09-23T08:25:21.564942328Z 		at reactor.core.publisher.Mono.subscribe(Mono.java:4569)
api-gateway-1  | 2026-09-23T08:25:21.564947268Z 		at reactor.core.publisher.MonoIgnoreThen$ThenIgnoreMain.subscribeNext(MonoIgnoreThen.java:268)
api-gateway-1  | 2026-09-23T08:25:21.564951436Z 		at reactor.core.publisher.MonoIgnoreThen.subscribe(MonoIgnoreThen.java:51)
api-gateway-1  | 2026-09-23T08:25:21.564956276Z 		at reactor.core.publisher.InternalMonoOperator.subscribe(InternalMonoOperator.java:75)
api-gateway-1  | 2026-09-23T08:25:21.564960625Z 		at reactor.core.publisher.MonoDeferContextual.subscribe(MonoDeferContextual.java:56)
api-gateway-1  | 2026-09-23T08:25:21.564963761Z 		at reactor.netty.http.server.HttpServer$HttpServerHandle.onStateChange(HttpServer.java:1344)
api-gateway-1  | 2026-09-23T08:25:21.564966717Z 		at reactor.netty.ReactorNetty$CompositeConnectionObserver.onStateChange(ReactorNetty.java:730)
api-gateway-1  | 2026-09-23T08:25:21.564969803Z 		at reactor.netty.transport.ServerTransport$ChildObserver.onStateChange(ServerTransport.java:489)
api-gateway-1  | 2026-09-23T08:25:21.564972759Z 		at reactor.netty.http.server.HttpServerOperations.handleDefaultHttpRequest(HttpServerOperations.java:863)
api-gateway-1  | 2026-09-23T08:25:21.564975675Z 		at reactor.netty.http.server.HttpServerOperations.onInboundNext(HttpServerOperations.java:789)
api-gateway-1  | 2026-09-23T08:25:21.564978580Z 		at reactor.netty.channel.ChannelOperationsHandler.channelRead(ChannelOperationsHandler.java:115)
api-gateway-1  | 2026-09-23T08:25:21.564982097Z 		at io.netty.channel.AbstractChannelHandlerContext.fireChannelRead(AbstractChannelHandlerContext.java:356)
api-gateway-1  | 2026-09-23T08:25:21.564987678Z 		at reactor.netty.http.server.HttpTrafficHandler.channelRead(HttpTrafficHandler.java:283)
api-gateway-1  | 2026-09-23T08:25:21.564992748Z 		at io.netty.channel.AbstractChannelHandlerContext.fireChannelRead(AbstractChannelHandlerContext.java:354)
api-gateway-1  | 2026-09-23T08:25:21.564998079Z 		at io.netty.channel.CombinedChannelDuplexHandler$DelegatingChannelHandlerContext.fireChannelRead(CombinedChannelDuplexHandler.java:434)
api-gateway-1  | 2026-09-23T08:25:21.565003309Z 		at io.netty.handler.codec.ByteToMessageDecoder.fireChannelRead(ByteToMessageDecoder.java:361)
api-gateway-1  | 2026-09-23T08:25:21.565008189Z 		at io.netty.handler.codec.ByteToMessageDecoder.channelRead(ByteToMessageDecoder.java:325)
api-gateway-1  | 2026-09-23T08:25:21.565022357Z 		at io.netty.channel.CombinedChannelDuplexHandler.channelRead(CombinedChannelDuplexHandler.java:249)
api-gateway-1  | 2026-09-23T08:25:21.565027748Z 		at io.netty.channel.AbstractChannelHandlerContext.fireChannelRead(AbstractChannelHandlerContext.java:354)
api-gateway-1  | 2026-09-23T08:25:21.565032568Z 		at io.netty.channel.DefaultChannelPipeline$HeadContext.channelRead(DefaultChannelPipeline.java:1429)
api-gateway-1  | 2026-09-23T08:25:21.565036155Z 		at io.netty.channel.DefaultChannelPipeline.fireChannelRead(DefaultChannelPipeline.java:918)
api-gateway-1  | 2026-09-23T08:25:21.565039251Z 		at io.netty.channel.epoll.AbstractEpollStreamChannel$EpollStreamUnsafe.epollInReady(AbstractEpollStreamChannel.java:804)
api-gateway-1  | 2026-09-23T08:25:21.565042217Z 		at io.netty.channel.epoll.AbstractEpollChannel$AbstractEpollUnsafe.handle(AbstractEpollChannel.java:482)
api-gateway-1  | 2026-09-23T08:25:21.565045193Z 		at io.netty.channel.epoll.EpollIoHandler$DefaultEpollIoRegistration.handle(EpollIoHandler.java:317)
api-gateway-1  | 2026-09-23T08:25:21.565048139Z 		at io.netty.channel.epoll.EpollIoHandler.processReady(EpollIoHandler.java:515)
api-gateway-1  | 2026-09-23T08:25:21.565051145Z 		at io.netty.channel.epoll.EpollIoHandler.run(EpollIoHandler.java:460)
api-gateway-1  | 2026-09-23T08:25:21.565054060Z 		at io.netty.channel.SingleThreadIoEventLoop.runIo(SingleThreadIoEventLoop.java:225)
api-gateway-1  | 2026-09-23T08:25:21.565056986Z 		at io.netty.channel.SingleThreadIoEventLoop.run(SingleThreadIoEventLoop.java:196)
api-gateway-1  | 2026-09-23T08:25:21.565059922Z 		at io.netty.util.concurrent.SingleThreadEventExecutor$5.run(SingleThreadEventExecutor.java:1195)
api-gateway-1  | 2026-09-23T08:25:21.565062878Z 		at io.netty.util.internal.ThreadExecutorMap$2.run(ThreadExecutorMap.java:74)
api-gateway-1  | 2026-09-23T08:25:21.565065794Z 		at io.netty.util.concurrent.FastThreadLocalRunnable.run(FastThreadLocalRunnable.java:30)
api-gateway-1  | 2026-09-23T08:25:21.565068750Z 		at java.base/java.lang.Thread.run(Thread.java:840)
api-gateway-1  | 2026-09-23T08:25:21.565071655Z 
api-gateway-1  | 2026-09-23T08:25:21.570259780Z 2026-09-23T08:25:21.569Z  WARN 1 --- [api-gateway] [r-http-epoll-11] [                                                 ] i.m.o.c.ObservationThreadLocalAccessor   : There is no current scope in thread local. This situation should not happen
api-gateway-1  | 2026-09-23T08:25:21.570655577Z 2026-09-23T08:25:21.570Z  WARN 1 --- [api-gateway] [r-http-epoll-11] [                                                 ] i.m.o.c.ObservationThreadLocalAccessor   : Observation <{name=http.server.requests(http get /api/gateway/owners/{ownerId}), error=org.springframework.web.reactive.function.client.WebClientResponseException$ServiceUnavailable: 503 Service Unavailable from UNKNOWN , context=name='http.server.requests', contextualName='http get /api/gateway/owners/{ownerId}', error='org.springframework.web.reactive.function.client.WebClientResponseException$ServiceUnavailable: 503 Service Unavailable from UNKNOWN ', lowCardinalityKeyValues=[exception='ServiceUnavailable', method='GET', outcome='SERVER_ERROR', status='500', uri='/api/gateway/owners/{ownerId}'], highCardinalityKeyValues=[http.url='/api/gateway/owners/6'], map=[class io.micrometer.tracing.handler.TracingObservationHandler$TracingContext='TracingContext{span=6ab38cf130216e2af396999a53a992a0/f396999a53a992a0}', class io.micrometer.core.instrument.LongTaskTimer$Sample='SampleImpl{duration(seconds)=-1.0E-9, duration(nanos)=-1.0, startTimeNanos=1400875288178}', class io.micrometer.core.instrument.Timer$Sample='io.micrometer.core.instrument.Timer$Sample@2e694232'], parentObservation=null}> to which we're restoring is not the same as the one set as this scope's parent observation <null>. Most likely a manually created Observation has a scope opened that was never closed. This may lead to thread polluting and memory leaks.
api-gateway-1  | 2026-09-23T08:25:21.807153867Z 2026-09-23T08:25:21.806Z  INFO 1 --- [api-gateway] [reshExecutor-%d] [                                                 ] com.netflix.discovery.DiscoveryClient    : Disable delta property : false
api-gateway-1  | 2026-09-23T08:25:21.807295541Z 2026-09-23T08:25:21.807Z  INFO 1 --- [api-gateway] [reshExecutor-%d] [                                                 ] com.netflix.discovery.DiscoveryClient    : Single vip registry refresh property : null
api-gateway-1  | 2026-09-23T08:25:21.807575518Z 2026-09-23T08:25:21.807Z  INFO 1 --- [api-gateway] [reshExecutor-%d] [                                                 ] com.netflix.discovery.DiscoveryClient    : Force full registry fetch : false
api-gateway-1  | 2026-09-23T08:25:21.807609117Z 2026-09-23T08:25:21.807Z  INFO 1 --- [api-gateway] [reshExecutor-%d] [                                                 ] com.netflix.discovery.DiscoveryClient    : Application is null : false
api-gateway-1  | 2026-09-23T08:25:21.807869613Z 2026-09-23T08:25:21.807Z  INFO 1 --- [api-gateway] [reshExecutor-%d] [                                                 ] com.netflix.discovery.DiscoveryClient    : Registered Applications size is zero : true
api-gateway-1  | 2026-09-23T08:25:21.808091005Z 2026-09-23T08:25:21.807Z  INFO 1 --- [api-gateway] [reshExecutor-%d] [                                                 ] com.netflix.discovery.DiscoveryClient    : Application version is -1: false
api-gateway-1  | 2026-09-23T08:25:21.808294029Z 2026-09-23T08:25:21.808Z  INFO 1 --- [api-gateway] [reshExecutor-%d] [                                                 ] com.netflix.discovery.DiscoveryClient    : Getting all instance registry info from the eureka server
api-gateway-1  | 2026-09-23T08:25:21.830307332Z 2026-09-23T08:25:21.829Z  INFO 1 --- [api-gateway] [reshExecutor-%d] [                                                 ] com.netflix.discovery.DiscoveryClient    : The response status is 200
api-gateway-1  | 2026-09-23T08:25:24.583851815Z 2026-09-23T08:25:24.583Z  WARN 1 --- [api-gateway] [r-http-epoll-12] [6ab38cf42650a8b48bcc55291a3f3897-8bcc55291a3f3897] i.m.o.c.ObservationThreadLocalAccessor   : Observation <{name=http.server.requests(null), error=null, context=name='http.server.requests', contextualName='null', error='null', lowCardinalityKeyValues=[exception='none', method='GET', outcome='SUCCESS', status='200', uri='UNKNOWN'], highCardinalityKeyValues=[http.url='/api/gateway/owners/6'], map=[class io.micrometer.tracing.handler.TracingObservationHandler$TracingContext='TracingContext{span=6ab38cf42650a8b48bcc55291a3f3897/8bcc55291a3f3897}', class io.micrometer.core.instrument.LongTaskTimer$Sample='SampleImpl{duration(seconds)=0.002950504, duration(nanos)=2950504.0, startTimeNanos=1403902670241}', class io.micrometer.core.instrument.Timer$Sample='io.micrometer.core.instrument.Timer$Sample@51a574d0'], parentObservation=null}> to which we're restoring is not the same as the one set as this scope's parent observation <null>. Most likely a manually created Observation has a scope opened that was never closed. This may lead to thread polluting and memory leaks.
api-gateway-1  | 2026-09-23T08:25:24.682062608Z 2026-09-23T08:25:24.681Z  WARN 1 --- [api-gateway] [r-http-epoll-12] [                                                 ] i.m.o.c.ObservationThreadLocalAccessor   : There is no current scope in thread local. This situation should not happen
api-gateway-1  | 2026-09-23T08:25:24.682461047Z 2026-09-23T08:25:24.682Z  WARN 1 --- [api-gateway] [r-http-epoll-12] [                                                 ] i.m.o.c.ObservationThreadLocalAccessor   : Observation <{name=http.server.requests(null), error=null, context=name='http.server.requests', contextualName='null', error='null', lowCardinalityKeyValues=[exception='none', method='GET', outcome='SUCCESS', status='200', uri='UNKNOWN'], highCardinalityKeyValues=[http.url='/api/gateway/owners/6'], map=[class io.micrometer.tracing.handler.TracingObservationHandler$TracingContext='TracingContext{span=6ab38cf42650a8b48bcc55291a3f3897/8bcc55291a3f3897}', class io.micrometer.core.instrument.LongTaskTimer$Sample='SampleImpl{duration(seconds)=0.101821354, duration(nanos)=1.01821354E8, startTimeNanos=1403902670241}', class io.micrometer.core.instrument.Timer$Sample='io.micrometer.core.instrument.Timer$Sample@51a574d0'], parentObservation=null}> to which we're restoring is not the same as the one set as this scope's parent observation <null>. Most likely a manually created Observation has a scope opened that was never closed. This may lead to thread polluting and memory leaks.
api-gateway-1  | 2026-09-23T08:25:24.853513083Z 2026-09-23T08:25:24.852Z  WARN 1 --- [api-gateway] [r-http-epoll-12] [6ab38cf42650a8b48bcc55291a3f3897-8bcc55291a3f3897] i.m.o.c.ObservationThreadLocalAccessor   : Observation <{name=http.server.requests(null), error=null, context=name='http.server.requests', contextualName='null', error='null', lowCardinalityKeyValues=[exception='none', method='GET', outcome='SUCCESS', status='200', uri='UNKNOWN'], highCardinalityKeyValues=[http.url='/api/gateway/owners/6'], map=[class io.micrometer.tracing.handler.TracingObservationHandler$TracingContext='TracingContext{span=6ab38cf42650a8b48bcc55291a3f3897/8bcc55291a3f3897}', class io.micrometer.core.instrument.LongTaskTimer$Sample='SampleImpl{duration(seconds)=0.272470024, duration(nanos)=2.72470024E8, startTimeNanos=1403902670241}', class io.micrometer.core.instrument.Timer$Sample='io.micrometer.core.instrument.Timer$Sample@51a574d0'], parentObservation=null}> to which we're restoring is not the same as the one set as this scope's parent observation <null>. Most likely a manually created Observation has a scope opened that was never closed. This may lead to thread polluting and memory leaks.
api-gateway-1  | 2026-09-23T08:25:24.857308459Z 2026-09-23T08:25:24.856Z  WARN 1 --- [api-gateway] [r-http-epoll-12] [                                                 ] i.m.o.c.ObservationThreadLocalAccessor   : There is no current scope in thread local. This situation should not happen
api-gateway-1  | 2026-09-23T08:25:24.857613934Z 2026-09-23T08:25:24.857Z  WARN 1 --- [api-gateway] [r-http-epoll-12] [                                                 ] i.m.o.c.ObservationThreadLocalAccessor   : Observation <{name=http.server.requests(null), error=null, context=name='http.server.requests', contextualName='null', error='null', lowCardinalityKeyValues=[exception='none', method='GET', outcome='SUCCESS', status='200', uri='UNKNOWN'], highCardinalityKeyValues=[http.url='/api/gateway/owners/6'], map=[class io.micrometer.tracing.handler.TracingObservationHandler$TracingContext='TracingContext{span=6ab38cf42650a8b48bcc55291a3f3897/8bcc55291a3f3897}', class io.micrometer.core.instrument.LongTaskTimer$Sample='SampleImpl{duration(seconds)=0.276968132, duration(nanos)=2.76968132E8, startTimeNanos=1403902670241}', class io.micrometer.core.instrument.Timer$Sample='io.micrometer.core.instrument.Timer$Sample@51a574d0'], parentObservation=null}> to which we're restoring is not the same as the one set as this scope's parent observation <null>. Most likely a manually created Observation has a scope opened that was never closed. This may lead to thread polluting and memory leaks.
api-gateway-1  | 2026-09-23T08:25:24.858019637Z 2026-09-23T08:25:24.857Z  WARN 1 --- [api-gateway] [r-http-epoll-12] [                                                 ] i.m.o.c.ObservationThreadLocalAccessor   : There is no current scope in thread local. This situation should not happen
api-gateway-1  | 2026-09-23T08:25:24.858347416Z 2026-09-23T08:25:24.858Z  WARN 1 --- [api-gateway] [r-http-epoll-12] [                                                 ] i.m.o.c.ObservationThreadLocalAccessor   : Observation <{name=http.server.requests(null), error=null, context=name='http.server.requests', contextualName='null', error='null', lowCardinalityKeyValues=[exception='none', method='GET', outcome='SUCCESS', status='200', uri='UNKNOWN'], highCardinalityKeyValues=[http.url='/api/gateway/owners/6'], map=[class io.micrometer.tracing.handler.TracingObservationHandler$TracingContext='TracingContext{span=6ab38cf42650a8b48bcc55291a3f3897/8bcc55291a3f3897}', class io.micrometer.core.instrument.LongTaskTimer$Sample='SampleImpl{duration(seconds)=0.277725611, duration(nanos)=2.77725611E8, startTimeNanos=1403902670241}', class io.micrometer.core.instrument.Timer$Sample='io.micrometer.core.instrument.Timer$Sample@51a574d0'], parentObservation=null}> to which we're restoring is not the same as the one set as this scope's parent observation <null>. Most likely a manually created Observation has a scope opened that was never closed. This may lead to thread polluting and memory leaks.
api-gateway-1  | 2026-09-23T08:25:24.858370693Z 2026-09-23T08:25:24.858Z  WARN 1 --- [api-gateway] [r-http-epoll-12] [                                                 ] i.m.o.c.ObservationThreadLocalAccessor   : There is no current scope in thread local. This situation should not happen
api-gateway-1  | 2026-09-23T08:25:24.859236209Z 2026-09-23T08:25:24.858Z  WARN 1 --- [api-gateway] [r-http-epoll-12] [                                                 ] i.m.o.c.ObservationThreadLocalAccessor   : Observation <{name=http.server.requests(null), error=null, context=name='http.server.requests', contextualName='null', error='null', lowCardinalityKeyValues=[exception='none', method='GET', outcome='SUCCESS', status='200', uri='UNKNOWN'], highCardinalityKeyValues=[http.url='/api/gateway/owners/6'], map=[class io.micrometer.tracing.handler.TracingObservationHandler$TracingContext='TracingContext{span=6ab38cf42650a8b48bcc55291a3f3897/8bcc55291a3f3897}', class io.micrometer.core.instrument.LongTaskTimer$Sample='SampleImpl{duration(seconds)=0.27815933, duration(nanos)=2.7815933E8, startTimeNanos=1403902670241}', class io.micrometer.core.instrument.Timer$Sample='io.micrometer.core.instrument.Timer$Sample@51a574d0'], parentObservation=null}> to which we're restoring is not the same as the one set as this scope's parent observation <null>. Most likely a manually created Observation has a scope opened that was never closed. This may lead to thread polluting and memory leaks.
api-gateway-1  | 2026-09-23T08:25:24.859275227Z 2026-09-23T08:25:24.858Z  WARN 1 --- [api-gateway] [r-http-epoll-12] [                                                 ] i.m.o.c.ObservationThreadLocalAccessor   : There is no current scope in thread local. This situation should not happen
api-gateway-1  | 2026-09-23T08:25:24.859476380Z 2026-09-23T08:25:24.859Z  WARN 1 --- [api-gateway] [r-http-epoll-12] [                                                 ] i.m.o.c.ObservationThreadLocalAccessor   : Observation <{name=http.server.requests(null), error=null, context=name='http.server.requests', contextualName='null', error='null', lowCardinalityKeyValues=[exception='none', method='GET', outcome='SUCCESS', status='200', uri='UNKNOWN'], highCardinalityKeyValues=[http.url='/api/gateway/owners/6'], map=[class io.micrometer.tracing.handler.TracingObservationHandler$TracingContext='TracingContext{span=6ab38cf42650a8b48bcc55291a3f3897/8bcc55291a3f3897}', class io.micrometer.core.instrument.LongTaskTimer$Sample='SampleImpl{duration(seconds)=0.278789829, duration(nanos)=2.78789829E8, startTimeNanos=1403902670241}', class io.micrometer.core.instrument.Timer$Sample='io.micrometer.core.instrument.Timer$Sample@51a574d0'], parentObservation=null}> to which we're restoring is not the same as the one set as this scope's parent observation <null>. Most likely a manually created Observation has a scope opened that was never closed. This may lead to thread polluting and memory leaks.
api-gateway-1  | 2026-09-23T08:25:24.971888842Z 2026-09-23T08:25:24.971Z  WARN 1 --- [api-gateway] [or-http-epoll-1] [6ab38cf4ab76ef46f7481d59ad018837-f7481d59ad018837] i.m.o.c.ObservationThreadLocalAccessor   : Observation <{name=http.server.requests(null), error=null, context=name='http.server.requests', contextualName='null', error='null', lowCardinalityKeyValues=[exception='none', method='GET', outcome='SUCCESS', status='200', uri='UNKNOWN'], highCardinalityKeyValues=[http.url='/api/gateway/owners/6'], map=[class io.micrometer.tracing.handler.TracingObservationHandler$TracingContext='TracingContext{span=6ab38cf4ab76ef46f7481d59ad018837/f7481d59ad018837}', class io.micrometer.core.instrument.LongTaskTimer$Sample='SampleImpl{duration(seconds)=0.003952368, duration(nanos)=3952368.0, startTimeNanos=1404289747616}', class io.micrometer.core.instrument.Timer$Sample='io.micrometer.core.instrument.Timer$Sample@e4bbe30'], parentObservation=null}> to which we're restoring is not the same as the one set as this scope's parent observation <null>. Most likely a manually created Observation has a scope opened that was never closed. This may lead to thread polluting and memory leaks.
api-gateway-1  | 2026-09-23T08:25:24.973457972Z 2026-09-23T08:25:24.973Z  WARN 1 --- [api-gateway] [or-http-epoll-1] [                                                 ] i.m.o.c.ObservationThreadLocalAccessor   : There is no current scope in thread local. This situation should not happen
api-gateway-1  | 2026-09-23T08:25:24.973769827Z 2026-09-23T08:25:24.973Z  WARN 1 --- [api-gateway] [or-http-epoll-1] [                                                 ] i.m.o.c.ObservationThreadLocalAccessor   : Observation <{name=http.server.requests(null), error=null, context=name='http.server.requests', contextualName='null', error='null', lowCardinalityKeyValues=[exception='none', method='GET', outcome='SUCCESS', status='200', uri='UNKNOWN'], highCardinalityKeyValues=[http.url='/api/gateway/owners/6'], map=[class io.micrometer.tracing.handler.TracingObservationHandler$TracingContext='TracingContext{span=6ab38cf4ab76ef46f7481d59ad018837/f7481d59ad018837}', class io.micrometer.core.instrument.LongTaskTimer$Sample='SampleImpl{duration(seconds)=0.006049612, duration(nanos)=6049612.0, startTimeNanos=1404289747616}', class io.micrometer.core.instrument.Timer$Sample='io.micrometer.core.instrument.Timer$Sample@e4bbe30'], parentObservation=null}> to which we're restoring is not the same as the one set as this scope's parent observation <null>. Most likely a manually created Observation has a scope opened that was never closed. This may lead to thread polluting and memory leaks.
api-gateway-1  | 2026-09-23T08:25:24.991462420Z 2026-09-23T08:25:24.991Z  WARN 1 --- [api-gateway] [r-http-epoll-12] [6ab38cf4ab76ef46f7481d59ad018837-f7481d59ad018837] i.m.o.c.ObservationThreadLocalAccessor   : Observation <{name=http.server.requests(null), error=null, context=name='http.server.requests', contextualName='null', error='null', lowCardinalityKeyValues=[exception='none', method='GET', outcome='SUCCESS', status='200', uri='UNKNOWN'], highCardinalityKeyValues=[http.url='/api/gateway/owners/6'], map=[class io.micrometer.tracing.handler.TracingObservationHandler$TracingContext='TracingContext{span=6ab38cf4ab76ef46f7481d59ad018837/f7481d59ad018837}', class io.micrometer.core.instrument.LongTaskTimer$Sample='SampleImpl{duration(seconds)=0.023549491, duration(nanos)=2.3549491E7, startTimeNanos=1404289747616}', class io.micrometer.core.instrument.Timer$Sample='io.micrometer.core.instrument.Timer$Sample@e4bbe30'], parentObservation=null}> to which we're restoring is not the same as the one set as this scope's parent observation <null>. Most likely a manually created Observation has a scope opened that was never closed. This may lead to thread polluting and memory leaks.
api-gateway-1  | 2026-09-23T08:25:24.991787853Z 2026-09-23T08:25:24.991Z  WARN 1 --- [api-gateway] [r-http-epoll-12] [                                                 ] i.m.o.c.ObservationThreadLocalAccessor   : There is no current scope in thread local. This situation should not happen
api-gateway-1  | 2026-09-23T08:25:24.992332220Z 2026-09-23T08:25:24.991Z  WARN 1 --- [api-gateway] [r-http-epoll-12] [                                                 ] i.m.o.c.ObservationThreadLocalAccessor   : Observation <{name=http.server.requests(null), error=null, context=name='http.server.requests', contextualName='null', error='null', lowCardinalityKeyValues=[exception='none', method='GET', outcome='SUCCESS', status='200', uri='UNKNOWN'], highCardinalityKeyValues=[http.url='/api/gateway/owners/6'], map=[class io.micrometer.tracing.handler.TracingObservationHandler$TracingContext='TracingContext{span=6ab38cf4ab76ef46f7481d59ad018837/f7481d59ad018837}', class io.micrometer.core.instrument.LongTaskTimer$Sample='SampleImpl{duration(seconds)=0.024370748, duration(nanos)=2.4370748E7, startTimeNanos=1404289747616}', class io.micrometer.core.instrument.Timer$Sample='io.micrometer.core.instrument.Timer$Sample@e4bbe30'], parentObservation=null}> to which we're restoring is not the same as the one set as this scope's parent observation <null>. Most likely a manually created Observation has a scope opened that was never closed. This may lead to thread polluting and memory leaks.
api-gateway-1  | 2026-09-23T08:25:24.992371518Z 2026-09-23T08:25:24.991Z  WARN 1 --- [api-gateway] [r-http-epoll-12] [                                                 ] i.m.o.c.ObservationThreadLocalAccessor   : There is no current scope in thread local. This situation should not happen
api-gateway-1  | 2026-09-23T08:25:24.992714149Z 2026-09-23T08:25:24.992Z  WARN 1 --- [api-gateway] [r-http-epoll-12] [                                                 ] i.m.o.c.ObservationThreadLocalAccessor   : Observation <{name=http.server.requests(null), error=null, context=name='http.server.requests', contextualName='null', error='null', lowCardinalityKeyValues=[exception='none', method='GET', outcome='SUCCESS', status='200', uri='UNKNOWN'], highCardinalityKeyValues=[http.url='/api/gateway/owners/6'], map=[class io.micrometer.tracing.handler.TracingObservationHandler$TracingContext='TracingContext{span=6ab38cf4ab76ef46f7481d59ad018837/f7481d59ad018837}', class io.micrometer.core.instrument.LongTaskTimer$Sample='SampleImpl{duration(seconds)=0.024840849, duration(nanos)=2.4840849E7, startTimeNanos=1404289747616}', class io.micrometer.core.instrument.Timer$Sample='io.micrometer.core.instrument.Timer$Sample@e4bbe30'], parentObservation=null}> to which we're restoring is not the same as the one set as this scope's parent observation <null>. Most likely a manually created Observation has a scope opened that was never closed. This may lead to thread polluting and memory leaks.
api-gateway-1  | 2026-09-23T08:25:24.994643435Z 2026-09-23T08:25:24.994Z  WARN 1 --- [api-gateway] [r-http-epoll-12] [                                                 ] i.m.o.c.ObservationThreadLocalAccessor   : There is no current scope in thread local. This situation should not happen
api-gateway-1  | 2026-09-23T08:25:24.995035536Z 2026-09-23T08:25:24.994Z  WARN 1 --- [api-gateway] [r-http-epoll-12] [                                                 ] i.m.o.c.ObservationThreadLocalAccessor   : Observation <{name=http.server.requests(null), error=null, context=name='http.server.requests', contextualName='null', error='null', lowCardinalityKeyValues=[exception='none', method='GET', outcome='SUCCESS', status='200', uri='UNKNOWN'], highCardinalityKeyValues=[http.url='/api/gateway/owners/6'], map=[class io.micrometer.tracing.handler.TracingObservationHandler$TracingContext='TracingContext{span=6ab38cf4ab76ef46f7481d59ad018837/f7481d59ad018837}', class io.micrometer.core.instrument.LongTaskTimer$Sample='SampleImpl{duration(seconds)=0.027397132, duration(nanos)=2.7397132E7, startTimeNanos=1404289747616}', class io.micrometer.core.instrument.Timer$Sample='io.micrometer.core.instrument.Timer$Sample@e4bbe30'], parentObservation=null}> to which we're restoring is not the same as the one set as this scope's parent observation <null>. Most likely a manually created Observation has a scope opened that was never closed. This may lead to thread polluting and memory leaks.
api-gateway-1  | 2026-09-23T08:25:24.995187813Z 2026-09-23T08:25:24.995Z  WARN 1 --- [api-gateway] [r-http-epoll-12] [                                                 ] i.m.o.c.ObservationThreadLocalAccessor   : There is no current scope in thread local. This situation should not happen
api-gateway-1  | 2026-09-23T08:25:24.995523592Z 2026-09-23T08:25:24.995Z  WARN 1 --- [api-gateway] [r-http-epoll-12] [                                                 ] i.m.o.c.ObservationThreadLocalAccessor   : Observation <{name=http.server.requests(null), error=null, context=name='http.server.requests', contextualName='null', error='null', lowCardinalityKeyValues=[exception='none', method='GET', outcome='SUCCESS', status='200', uri='UNKNOWN'], highCardinalityKeyValues=[http.url='/api/gateway/owners/6'], map=[class io.micrometer.tracing.handler.TracingObservationHandler$TracingContext='TracingContext{span=6ab38cf4ab76ef46f7481d59ad018837/f7481d59ad018837}', class io.micrometer.core.instrument.LongTaskTimer$Sample='SampleImpl{duration(seconds)=0.027867684, duration(nanos)=2.7867684E7, startTimeNanos=1404289747616}', class io.micrometer.core.instrument.Timer$Sample='io.micrometer.core.instrument.Timer$Sample@e4bbe30'], parentObservation=null}> to which we're restoring is not the same as the one set as this scope's parent observation <null>. Most likely a manually created Observation has a scope opened that was never closed. This may lead to thread polluting and memory leaks.
api-gateway-1  | 2026-09-23T08:25:24.995577379Z 2026-09-23T08:25:24.995Z  WARN 1 --- [api-gateway] [r-http-epoll-12] [                                                 ] i.m.o.c.ObservationThreadLocalAccessor   : There is no current scope in thread local. This situation should not happen
api-gateway-1  | 2026-09-23T08:25:24.995876330Z 2026-09-23T08:25:24.995Z  WARN 1 --- [api-gateway] [r-http-epoll-12] [                                                 ] i.m.o.c.ObservationThreadLocalAccessor   : Observation <{name=http.server.requests(null), error=null, context=name='http.server.requests', contextualName='null', error='null', lowCardinalityKeyValues=[exception='none', method='GET', outcome='SUCCESS', status='200', uri='UNKNOWN'], highCardinalityKeyValues=[http.url='/api/gateway/owners/6'], map=[class io.micrometer.tracing.handler.TracingObservationHandler$TracingContext='TracingContext{span=6ab38cf4ab76ef46f7481d59ad018837/f7481d59ad018837}', class io.micrometer.core.instrument.LongTaskTimer$Sample='SampleImpl{duration(seconds)=0.02826432, duration(nanos)=2.826432E7, startTimeNanos=1404289747616}', class io.micrometer.core.instrument.Timer$Sample='io.micrometer.core.instrument.Timer$Sample@e4bbe30'], parentObservation=null}> to which we're restoring is not the same as the one set as this scope's parent observation <null>. Most likely a manually created Observation has a scope opened that was never closed. This may lead to thread polluting and memory leaks.
api-gateway-1  | 2026-09-23T08:25:24.996056316Z 2026-09-23T08:25:24.995Z  WARN 1 --- [api-gateway] [r-http-epoll-12] [                                                 ] i.m.o.c.ObservationThreadLocalAccessor   : There is no current scope in thread local. This situation should not happen
api-gateway-1  | 2026-09-23T08:25:24.996344558Z 2026-09-23T08:25:24.996Z  WARN 1 --- [api-gateway] [r-http-epoll-12] [                                                 ] i.m.o.c.ObservationThreadLocalAccessor   : Observation <{name=http.server.requests(null), error=null, context=name='http.server.requests', contextualName='null', error='null', lowCardinalityKeyValues=[exception='none', method='GET', outcome='SUCCESS', status='200', uri='UNKNOWN'], highCardinalityKeyValues=[http.url='/api/gateway/owners/6'], map=[class io.micrometer.tracing.handler.TracingObservationHandler$TracingContext='TracingContext{span=6ab38cf4ab76ef46f7481d59ad018837/f7481d59ad018837}', class io.micrometer.core.instrument.LongTaskTimer$Sample='SampleImpl{duration(seconds)=0.028716615, duration(nanos)=2.8716615E7, startTimeNanos=1404289747616}', class io.micrometer.core.instrument.Timer$Sample='io.micrometer.core.instrument.Timer$Sample@e4bbe30'], parentObservation=null}> to which we're restoring is not the same as the one set as this scope's parent observation <null>. Most likely a manually created Observation has a scope opened that was never closed. This may lead to thread polluting and memory leaks.
api-gateway-1  | 2026-09-23T08:26:02.132722193Z 2026-09-23T08:26:02.131Z  WARN 1 --- [api-gateway] [r-http-epoll-13] [6ab38d1a3bfa9d7a5cbc271ccbf06520-5cbc271ccbf06520] i.m.o.c.ObservationThreadLocalAccessor   : Observation <{name=http.server.requests(null), error=null, context=name='http.server.requests', contextualName='null', error='null', lowCardinalityKeyValues=[exception='none', method='GET', outcome='SUCCESS', status='200', uri='UNKNOWN'], highCardinalityKeyValues=[http.url='/api/gateway/owners/6'], map=[class io.micrometer.tracing.handler.TracingObservationHandler$TracingContext='TracingContext{span=6ab38d1a3bfa9d7a5cbc271ccbf06520/5cbc271ccbf06520}', class io.micrometer.core.instrument.LongTaskTimer$Sample='SampleImpl{duration(seconds)=0.0052902, duration(nanos)=5290200.0, startTimeNanos=1441450560943}', class io.micrometer.core.instrument.Timer$Sample='io.micrometer.core.instrument.Timer$Sample@633f414e'], parentObservation=null}> to which we're restoring is not the same as the one set as this scope's parent observation <null>. Most likely a manually created Observation has a scope opened that was never closed. This may lead to thread polluting and memory leaks.
api-gateway-1  | 2026-09-23T08:26:02.137271090Z 2026-09-23T08:26:02.136Z  WARN 1 --- [api-gateway] [r-http-epoll-13] [                                                 ] i.m.o.c.ObservationThreadLocalAccessor   : There is no current scope in thread local. This situation should not happen
api-gateway-1  | 2026-09-23T08:26:02.137578126Z 2026-09-23T08:26:02.137Z  WARN 1 --- [api-gateway] [r-http-epoll-13] [                                                 ] i.m.o.c.ObservationThreadLocalAccessor   : Observation <{name=http.server.requests(null), error=null, context=name='http.server.requests', contextualName='null', error='null', lowCardinalityKeyValues=[exception='none', method='GET', outcome='SUCCESS', status='200', uri='UNKNOWN'], highCardinalityKeyValues=[http.url='/api/gateway/owners/6'], map=[class io.micrometer.tracing.handler.TracingObservationHandler$TracingContext='TracingContext{span=6ab38d1a3bfa9d7a5cbc271ccbf06520/5cbc271ccbf06520}', class io.micrometer.core.instrument.LongTaskTimer$Sample='SampleImpl{duration(seconds)=0.010935699, duration(nanos)=1.0935699E7, startTimeNanos=1441450560943}', class io.micrometer.core.instrument.Timer$Sample='io.micrometer.core.instrument.Timer$Sample@633f414e'], parentObservation=null}> to which we're restoring is not the same as the one set as this scope's parent observation <null>. Most likely a manually created Observation has a scope opened that was never closed. This may lead to thread polluting and memory leaks.
api-gateway-1  | 2026-09-23T08:26:02.166803119Z 2026-09-23T08:26:02.166Z  WARN 1 --- [api-gateway] [r-http-epoll-12] [6ab38d1a3bfa9d7a5cbc271ccbf06520-5cbc271ccbf06520] i.m.o.c.ObservationThreadLocalAccessor   : Observation <{name=http.server.requests(null), error=null, context=name='http.server.requests', contextualName='null', error='null', lowCardinalityKeyValues=[exception='none', method='GET', outcome='SUCCESS', status='200', uri='UNKNOWN'], highCardinalityKeyValues=[http.url='/api/gateway/owners/6'], map=[class io.micrometer.tracing.handler.TracingObservationHandler$TracingContext='TracingContext{span=6ab38d1a3bfa9d7a5cbc271ccbf06520/5cbc271ccbf06520}', class io.micrometer.core.instrument.LongTaskTimer$Sample='SampleImpl{duration(seconds)=0.039919177, duration(nanos)=3.9919177E7, startTimeNanos=1441450560943}', class io.micrometer.core.instrument.Timer$Sample='io.micrometer.core.instrument.Timer$Sample@633f414e'], parentObservation=null}> to which we're restoring is not the same as the one set as this scope's parent observation <null>. Most likely a manually created Observation has a scope opened that was never closed. This may lead to thread polluting and memory leaks.
api-gateway-1  | 2026-09-23T08:26:02.167401314Z 2026-09-23T08:26:02.167Z  WARN 1 --- [api-gateway] [r-http-epoll-12] [                                                 ] o.s.c.l.core.RoundRobinLoadBalancer      : No servers available for service: visits-service
api-gateway-1  | 2026-09-23T08:26:02.167630491Z 2026-09-23T08:26:02.167Z  WARN 1 --- [api-gateway] [r-http-epoll-12] [                                                 ] eactorLoadBalancerExchangeFilterFunction : LoadBalancer does not contain an instance for the service visits-service
api-gateway-1  | 2026-09-23T08:26:02.174493442Z 2026-09-23T08:26:02.174Z  WARN 1 --- [api-gateway] [r-http-epoll-12] [                                                 ] i.m.o.c.ObservationThreadLocalAccessor   : There is no current scope in thread local. This situation should not happen
api-gateway-1  | 2026-09-23T08:26:02.175107745Z 2026-09-23T08:26:02.174Z  WARN 1 --- [api-gateway] [r-http-epoll-12] [                                                 ] i.m.o.c.ObservationThreadLocalAccessor   : Observation <{name=http.server.requests(http get /api/gateway/owners/{ownerId}), error=null, context=name='http.server.requests', contextualName='http get /api/gateway/owners/{ownerId}', error='null', lowCardinalityKeyValues=[exception='none', method='GET', outcome='SUCCESS', status='200', uri='/api/gateway/owners/{ownerId}'], highCardinalityKeyValues=[http.url='/api/gateway/owners/6'], map=[class io.micrometer.tracing.handler.TracingObservationHandler$TracingContext='TracingContext{span=6ab38d1a3bfa9d7a5cbc271ccbf06520/5cbc271ccbf06520}', class io.micrometer.core.instrument.LongTaskTimer$Sample='SampleImpl{duration(seconds)=-1.0E-9, duration(nanos)=-1.0, startTimeNanos=1441450560943}', class io.micrometer.core.instrument.Timer$Sample='io.micrometer.core.instrument.Timer$Sample@633f414e'], parentObservation=null}> to which we're restoring is not the same as the one set as this scope's parent observation <null>. Most likely a manually created Observation has a scope opened that was never closed. This may lead to thread polluting and memory leaks.
api-gateway-1  | 2026-09-23T08:26:02.176135734Z 2026-09-23T08:26:02.175Z  WARN 1 --- [api-gateway] [r-http-epoll-12] [                                                 ] i.m.o.c.ObservationThreadLocalAccessor   : There is no current scope in thread local. This situation should not happen
api-gateway-1  | 2026-09-23T08:26:02.176792863Z 2026-09-23T08:26:02.176Z  WARN 1 --- [api-gateway] [r-http-epoll-12] [                                                 ] i.m.o.c.ObservationThreadLocalAccessor   : Observation <{name=http.server.requests(http get /api/gateway/owners/{ownerId}), error=null, context=name='http.server.requests', contextualName='http get /api/gateway/owners/{ownerId}', error='null', lowCardinalityKeyValues=[exception='none', method='GET', outcome='SUCCESS', status='200', uri='/api/gateway/owners/{ownerId}'], highCardinalityKeyValues=[http.url='/api/gateway/owners/6'], map=[class io.micrometer.tracing.handler.TracingObservationHandler$TracingContext='TracingContext{span=6ab38d1a3bfa9d7a5cbc271ccbf06520/5cbc271ccbf06520}', class io.micrometer.core.instrument.LongTaskTimer$Sample='SampleImpl{duration(seconds)=-1.0E-9, duration(nanos)=-1.0, startTimeNanos=1441450560943}', class io.micrometer.core.instrument.Timer$Sample='io.micrometer.core.instrument.Timer$Sample@633f414e'], parentObservation=null}> to which we're restoring is not the same as the one set as this scope's parent observation <null>. Most likely a manually created Observation has a scope opened that was never closed. This may lead to thread polluting and memory leaks.
api-gateway-1  | 2026-09-23T08:26:02.177083578Z 2026-09-23T08:26:02.176Z  WARN 1 --- [api-gateway] [r-http-epoll-12] [                                                 ] i.m.o.c.ObservationThreadLocalAccessor   : There is no current scope in thread local. This situation should not happen
api-gateway-1  | 2026-09-23T08:26:02.177776614Z 2026-09-23T08:26:02.177Z  WARN 1 --- [api-gateway] [r-http-epoll-12] [                                                 ] i.m.o.c.ObservationThreadLocalAccessor   : Observation <{name=http.server.requests(http get /api/gateway/owners/{ownerId}), error=null, context=name='http.server.requests', contextualName='http get /api/gateway/owners/{ownerId}', error='null', lowCardinalityKeyValues=[exception='none', method='GET', outcome='SUCCESS', status='200', uri='/api/gateway/owners/{ownerId}'], highCardinalityKeyValues=[http.url='/api/gateway/owners/6'], map=[class io.micrometer.tracing.handler.TracingObservationHandler$TracingContext='TracingContext{span=6ab38d1a3bfa9d7a5cbc271ccbf06520/5cbc271ccbf06520}', class io.micrometer.core.instrument.LongTaskTimer$Sample='SampleImpl{duration(seconds)=-1.0E-9, duration(nanos)=-1.0, startTimeNanos=1441450560943}', class io.micrometer.core.instrument.Timer$Sample='io.micrometer.core.instrument.Timer$Sample@633f414e'], parentObservation=null}> to which we're restoring is not the same as the one set as this scope's parent observation <null>. Most likely a manually created Observation has a scope opened that was never closed. This may lead to thread polluting and memory leaks.
api-gateway-1  | 2026-09-23T08:26:02.177982290Z 2026-09-23T08:26:02.177Z  WARN 1 --- [api-gateway] [r-http-epoll-12] [                                                 ] i.m.o.c.ObservationThreadLocalAccessor   : There is no current scope in thread local. This situation should not happen
api-gateway-1  | 2026-09-23T08:26:02.178631373Z 2026-09-23T08:26:02.178Z  WARN 1 --- [api-gateway] [r-http-epoll-12] [                                                 ] i.m.o.c.ObservationThreadLocalAccessor   : Observation <{name=http.server.requests(http get /api/gateway/owners/{ownerId}), error=null, context=name='http.server.requests', contextualName='http get /api/gateway/owners/{ownerId}', error='null', lowCardinalityKeyValues=[exception='none', method='GET', outcome='SUCCESS', status='200', uri='/api/gateway/owners/{ownerId}'], highCardinalityKeyValues=[http.url='/api/gateway/owners/6'], map=[class io.micrometer.tracing.handler.TracingObservationHandler$TracingContext='TracingContext{span=6ab38d1a3bfa9d7a5cbc271ccbf06520/5cbc271ccbf06520}', class io.micrometer.core.instrument.LongTaskTimer$Sample='SampleImpl{duration(seconds)=-1.0E-9, duration(nanos)=-1.0, startTimeNanos=1441450560943}', class io.micrometer.core.instrument.Timer$Sample='io.micrometer.core.instrument.Timer$Sample@633f414e'], parentObservation=null}> to which we're restoring is not the same as the one set as this scope's parent observation <null>. Most likely a manually created Observation has a scope opened that was never closed. This may lead to thread polluting and memory leaks.
api-gateway-1  | 2026-09-23T08:26:02.178966514Z 2026-09-23T08:26:02.178Z  WARN 1 --- [api-gateway] [r-http-epoll-12] [                                                 ] i.m.o.c.ObservationThreadLocalAccessor   : There is no current scope in thread local. This situation should not happen
api-gateway-1  | 2026-09-23T08:26:02.179406283Z 2026-09-23T08:26:02.179Z  WARN 1 --- [api-gateway] [r-http-epoll-12] [                                                 ] i.m.o.c.ObservationThreadLocalAccessor   : Observation <{name=http.server.requests(http get /api/gateway/owners/{ownerId}), error=null, context=name='http.server.requests', contextualName='http get /api/gateway/owners/{ownerId}', error='null', lowCardinalityKeyValues=[exception='none', method='GET', outcome='SUCCESS', status='200', uri='/api/gateway/owners/{ownerId}'], highCardinalityKeyValues=[http.url='/api/gateway/owners/6'], map=[class io.micrometer.tracing.handler.TracingObservationHandler$TracingContext='TracingContext{span=6ab38d1a3bfa9d7a5cbc271ccbf06520/5cbc271ccbf06520}', class io.micrometer.core.instrument.LongTaskTimer$Sample='SampleImpl{duration(seconds)=-1.0E-9, duration(nanos)=-1.0, startTimeNanos=1441450560943}', class io.micrometer.core.instrument.Timer$Sample='io.micrometer.core.instrument.Timer$Sample@633f414e'], parentObservation=null}> to which we're restoring is not the same as the one set as this scope's parent observation <null>. Most likely a manually created Observation has a scope opened that was never closed. This may lead to thread polluting and memory leaks.
