api-gateway-1  | 2026-09-23T08:18:15.306982780Z 08:18:15,306 |-WARN in ch.qos.logback.core.model.processor.ImplicitModelHandler - Ignoring unknown property [jmxConfigurator] in [ch.qos.logback.classic.LoggerContext]
api-gateway-1  | 2026-09-23T08:18:15.382071362Z 
api-gateway-1  | 2026-09-23T08:18:15.382103725Z   .   ____          _            __ _ _
api-gateway-1  | 2026-09-23T08:18:15.382107372Z  /\\ / ___'_ __ _ _(_)_ __  __ _ \ \ \ \
api-gateway-1  | 2026-09-23T08:18:15.382110438Z ( ( )\___ | '_ | '_| | '_ \/ _` | \ \ \ \
api-gateway-1  | 2026-09-23T08:18:15.382113194Z  \\/  ___)| |_)| | | | | || (_| |  ) ) ) )
api-gateway-1  | 2026-09-23T08:18:15.382115839Z   '  |____| .__|_| |_|_| |_\__, | / / / /
api-gateway-1  | 2026-09-23T08:18:15.382118594Z  =========|_|==============|___/=/_/_/_/
api-gateway-1  | 2026-09-23T08:18:15.382121169Z 
api-gateway-1  | 2026-09-23T08:18:15.382502711Z  :: Spring Boot ::                (v4.0.1)
api-gateway-1  | 2026-09-23T08:18:15.382516678Z 
api-gateway-1  | 2026-09-23T08:18:15.466485561Z 2026-09-23T08:18:15.462Z  INFO 1 --- [api-gateway] [           main] [                                                 ] o.s.s.p.api.ApiGatewayApplication        : Starting ApiGatewayApplication v4.0.1 using Java 17.0.20 with PID 1 (/application/BOOT-INF/classes started by root in /application)
api-gateway-1  | 2026-09-23T08:18:15.469387443Z 2026-09-23T08:18:15.468Z  INFO 1 --- [api-gateway] [           main] [                                                 ] o.s.s.p.api.ApiGatewayApplication        : The following 1 profile is active: "docker"
api-gateway-1  | 2026-09-23T08:18:15.517935955Z 2026-09-23T08:18:15.517Z  INFO 1 --- [api-gateway] [           main] [                                                 ] o.s.c.c.c.ConfigServerConfigDataLoader   : Fetching config from server at : http://localhost:8888/
api-gateway-1  | 2026-09-23T08:18:15.518198247Z 2026-09-23T08:18:15.517Z  INFO 1 --- [api-gateway] [           main] [                                                 ] o.s.c.c.c.ConfigServerConfigDataLoader   : Exception on Url - http://localhost:8888/:org.springframework.web.client.ResourceAccessException: I/O error on GET request for "http://localhost:8888/api-gateway/default": Connection refused. Will be trying the next url if available
api-gateway-1  | 2026-09-23T08:18:15.518535493Z 2026-09-23T08:18:15.518Z  WARN 1 --- [api-gateway] [           main] [                                                 ] o.s.c.c.c.ConfigServerConfigDataLoader   : Could not locate PropertySource ([ConfigServerConfigDataResource@3ee39da0 uris = array<String>['http://localhost:8888/'], optional = true, profiles = 'default']): I/O error on GET request for "http://localhost:8888/api-gateway/default": Connection refused
api-gateway-1  | 2026-09-23T08:18:15.519599833Z 2026-09-23T08:18:15.519Z  INFO 1 --- [api-gateway] [           main] [                                                 ] o.s.c.c.c.ConfigServerConfigDataLoader   : Fetching config from server at : http://config-server:8888
api-gateway-1  | 2026-09-23T08:18:15.519963132Z 2026-09-23T08:18:15.519Z  INFO 1 --- [api-gateway] [           main] [                                                 ] o.s.c.c.c.ConfigServerConfigDataLoader   : Located environment: name=api-gateway, profiles=[docker], label=null, version=323993ce2519c6d02df63e08bf4458d123d3b611, state=
api-gateway-1  | 2026-09-23T08:18:15.520392167Z 2026-09-23T08:18:15.520Z  INFO 1 --- [api-gateway] [           main] [                                                 ] o.s.c.c.c.ConfigServerConfigDataLoader   : Fetching config from server at : http://config-server:8888
api-gateway-1  | 2026-09-23T08:18:15.520697102Z 2026-09-23T08:18:15.520Z  INFO 1 --- [api-gateway] [           main] [                                                 ] o.s.c.c.c.ConfigServerConfigDataLoader   : Located environment: name=api-gateway, profiles=[default], label=null, version=323993ce2519c6d02df63e08bf4458d123d3b611, state=
api-gateway-1  | 2026-09-23T08:18:15.521630865Z 2026-09-23T08:18:15.521Z  INFO 1 --- [api-gateway] [           main] [                                                 ] o.s.c.c.c.ConfigServerConfigDataLoader   : Fetching config from server at : http://localhost:8888/
api-gateway-1  | 2026-09-23T08:18:15.521965370Z 2026-09-23T08:18:15.521Z  INFO 1 --- [api-gateway] [           main] [                                                 ] o.s.c.c.c.ConfigServerConfigDataLoader   : Exception on Url - http://localhost:8888/:org.springframework.web.client.ResourceAccessException: I/O error on GET request for "http://localhost:8888/api-gateway/docker": Connection refused. Will be trying the next url if available
api-gateway-1  | 2026-09-23T08:18:15.522094312Z 2026-09-23T08:18:15.521Z  WARN 1 --- [api-gateway] [           main] [                                                 ] o.s.c.c.c.ConfigServerConfigDataLoader   : Could not locate PropertySource ([ConfigServerConfigDataResource@25c5e994 uris = array<String>['http://localhost:8888/'], optional = true, profiles = 'docker']): I/O error on GET request for "http://localhost:8888/api-gateway/docker": Connection refused
api-gateway-1  | 2026-09-23T08:18:15.522555192Z 2026-09-23T08:18:15.522Z  INFO 1 --- [api-gateway] [           main] [                                                 ] o.s.c.c.c.ConfigServerConfigDataLoader   : Fetching config from server at : http://localhost:8888/
api-gateway-1  | 2026-09-23T08:18:15.522850663Z 2026-09-23T08:18:15.522Z  INFO 1 --- [api-gateway] [           main] [                                                 ] o.s.c.c.c.ConfigServerConfigDataLoader   : Exception on Url - http://localhost:8888/:org.springframework.web.client.ResourceAccessException: I/O error on GET request for "http://localhost:8888/api-gateway/default": Connection refused. Will be trying the next url if available
api-gateway-1  | 2026-09-23T08:18:15.523093101Z 2026-09-23T08:18:15.522Z  WARN 1 --- [api-gateway] [           main] [                                                 ] o.s.c.c.c.ConfigServerConfigDataLoader   : Could not locate PropertySource ([ConfigServerConfigDataResource@378bd86d uris = array<String>['http://localhost:8888/'], optional = true, profiles = 'default']): I/O error on GET request for "http://localhost:8888/api-gateway/default": Connection refused
api-gateway-1  | 2026-09-23T08:18:18.041449250Z 2026-09-23T08:18:18.040Z  INFO 1 --- [api-gateway] [           main] [                                                 ] o.s.cloud.context.scope.GenericScope     : BeanFactory id=4e6f2acc-c6f8-3291-a3f9-5cf9a8a06056
api-gateway-1  | 2026-09-23T08:18:19.650738286Z 2026-09-23T08:18:19.649Z  INFO 1 --- [api-gateway] [           main] [                                                 ] o.s.c.g.r.RouteDefinitionRouteLocator    : Loaded RoutePredicateFactory [After]
api-gateway-1  | 2026-09-23T08:18:19.651154066Z 2026-09-23T08:18:19.650Z  INFO 1 --- [api-gateway] [           main] [                                                 ] o.s.c.g.r.RouteDefinitionRouteLocator    : Loaded RoutePredicateFactory [Before]
api-gateway-1  | 2026-09-23T08:18:19.651382994Z 2026-09-23T08:18:19.651Z  INFO 1 --- [api-gateway] [           main] [                                                 ] o.s.c.g.r.RouteDefinitionRouteLocator    : Loaded RoutePredicateFactory [Between]
api-gateway-1  | 2026-09-23T08:18:19.651516123Z 2026-09-23T08:18:19.651Z  INFO 1 --- [api-gateway] [           main] [                                                 ] o.s.c.g.r.RouteDefinitionRouteLocator    : Loaded RoutePredicateFactory [Cookie]
api-gateway-1  | 2026-09-23T08:18:19.651611229Z 2026-09-23T08:18:19.651Z  INFO 1 --- [api-gateway] [           main] [                                                 ] o.s.c.g.r.RouteDefinitionRouteLocator    : Loaded RoutePredicateFactory [Header]
api-gateway-1  | 2026-09-23T08:18:19.651929670Z 2026-09-23T08:18:19.651Z  INFO 1 --- [api-gateway] [           main] [                                                 ] o.s.c.g.r.RouteDefinitionRouteLocator    : Loaded RoutePredicateFactory [Host]
api-gateway-1  | 2026-09-23T08:18:19.652108849Z 2026-09-23T08:18:19.651Z  INFO 1 --- [api-gateway] [           main] [                                                 ] o.s.c.g.r.RouteDefinitionRouteLocator    : Loaded RoutePredicateFactory [Method]
api-gateway-1  | 2026-09-23T08:18:19.652271447Z 2026-09-23T08:18:19.652Z  INFO 1 --- [api-gateway] [           main] [                                                 ] o.s.c.g.r.RouteDefinitionRouteLocator    : Loaded RoutePredicateFactory [Path]
api-gateway-1  | 2026-09-23T08:18:19.652559458Z 2026-09-23T08:18:19.652Z  INFO 1 --- [api-gateway] [           main] [                                                 ] o.s.c.g.r.RouteDefinitionRouteLocator    : Loaded RoutePredicateFactory [Query]
api-gateway-1  | 2026-09-23T08:18:19.652811598Z 2026-09-23T08:18:19.652Z  INFO 1 --- [api-gateway] [           main] [                                                 ] o.s.c.g.r.RouteDefinitionRouteLocator    : Loaded RoutePredicateFactory [ReadBody]
api-gateway-1  | 2026-09-23T08:18:19.652903818Z 2026-09-23T08:18:19.652Z  INFO 1 --- [api-gateway] [           main] [                                                 ] o.s.c.g.r.RouteDefinitionRouteLocator    : Loaded RoutePredicateFactory [RemoteAddr]
api-gateway-1  | 2026-09-23T08:18:19.653055624Z 2026-09-23T08:18:19.652Z  INFO 1 --- [api-gateway] [           main] [                                                 ] o.s.c.g.r.RouteDefinitionRouteLocator    : Loaded RoutePredicateFactory [Version]
api-gateway-1  | 2026-09-23T08:18:19.653597037Z 2026-09-23T08:18:19.653Z  INFO 1 --- [api-gateway] [           main] [                                                 ] o.s.c.g.r.RouteDefinitionRouteLocator    : Loaded RoutePredicateFactory [XForwardedRemoteAddr]
api-gateway-1  | 2026-09-23T08:18:19.653766837Z 2026-09-23T08:18:19.653Z  INFO 1 --- [api-gateway] [           main] [                                                 ] o.s.c.g.r.RouteDefinitionRouteLocator    : Loaded RoutePredicateFactory [Weight]
api-gateway-1  | 2026-09-23T08:18:19.654046780Z 2026-09-23T08:18:19.653Z  INFO 1 --- [api-gateway] [           main] [                                                 ] o.s.c.g.r.RouteDefinitionRouteLocator    : Loaded RoutePredicateFactory [CloudFoundryRouteService]
api-gateway-1  | 2026-09-23T08:18:20.350286584Z 2026-09-23T08:18:20.349Z  INFO 1 --- [api-gateway] [           main] [                                                 ] o.s.b.a.e.web.EndpointLinksResolver      : Exposing 31 endpoints beneath base path '/actuator'
api-gateway-1  | 2026-09-23T08:18:20.925096563Z 2026-09-23T08:18:20.924Z  INFO 1 --- [api-gateway] [           main] [                                                 ] DiscoveryClientOptionalArgsConfiguration : Eureka HTTP Client uses RestClient.
api-gateway-1  | 2026-09-23T08:18:21.084158034Z 2026-09-23T08:18:21.083Z  INFO 1 --- [api-gateway] [           main] [                                                 ] o.s.c.n.eureka.InstanceInfoFactory       : Setting initial instance status as: STARTING
api-gateway-1  | 2026-09-23T08:18:21.125027912Z 2026-09-23T08:18:21.124Z  INFO 1 --- [api-gateway] [           main] [                                                 ] com.netflix.discovery.DiscoveryClient    : Initializing Eureka in region us-east-1
api-gateway-1  | 2026-09-23T08:18:21.129408929Z 2026-09-23T08:18:21.128Z  INFO 1 --- [api-gateway] [           main] [                                                 ] c.n.d.s.r.aws.ConfigClusterResolver      : Resolving eureka endpoints via configuration
api-gateway-1  | 2026-09-23T08:18:21.140108169Z 2026-09-23T08:18:21.139Z  INFO 1 --- [api-gateway] [           main] [                                                 ] com.netflix.discovery.DiscoveryClient    : Disable delta property : false
api-gateway-1  | 2026-09-23T08:18:21.140313800Z 2026-09-23T08:18:21.139Z  INFO 1 --- [api-gateway] [           main] [                                                 ] com.netflix.discovery.DiscoveryClient    : Single vip registry refresh property : null
api-gateway-1  | 2026-09-23T08:18:21.141295234Z 2026-09-23T08:18:21.140Z  INFO 1 --- [api-gateway] [           main] [                                                 ] com.netflix.discovery.DiscoveryClient    : Force full registry fetch : false
api-gateway-1  | 2026-09-23T08:18:21.141692680Z 2026-09-23T08:18:21.141Z  INFO 1 --- [api-gateway] [           main] [                                                 ] com.netflix.discovery.DiscoveryClient    : Application is null : false
api-gateway-1  | 2026-09-23T08:18:21.141867511Z 2026-09-23T08:18:21.141Z  INFO 1 --- [api-gateway] [           main] [                                                 ] com.netflix.discovery.DiscoveryClient    : Registered Applications size is zero : true
api-gateway-1  | 2026-09-23T08:18:21.141967085Z 2026-09-23T08:18:21.141Z  INFO 1 --- [api-gateway] [           main] [                                                 ] com.netflix.discovery.DiscoveryClient    : Application version is -1: true
api-gateway-1  | 2026-09-23T08:18:21.142501922Z 2026-09-23T08:18:21.141Z  INFO 1 --- [api-gateway] [           main] [                                                 ] com.netflix.discovery.DiscoveryClient    : Getting all instance registry info from the eureka server
api-gateway-1  | 2026-09-23T08:18:21.485336127Z 2026-09-23T08:18:21.484Z  INFO 1 --- [api-gateway] [           main] [                                                 ] com.netflix.discovery.DiscoveryClient    : The response status is 200
api-gateway-1  | 2026-09-23T08:18:21.487867935Z 2026-09-23T08:18:21.487Z  INFO 1 --- [api-gateway] [           main] [                                                 ] com.netflix.discovery.DiscoveryClient    : Starting heartbeat executor: renew interval is: 30
api-gateway-1  | 2026-09-23T08:18:21.490069092Z 2026-09-23T08:18:21.489Z  INFO 1 --- [api-gateway] [           main] [                                                 ] c.n.discovery.InstanceInfoReplicator     : InstanceInfoReplicator onDemand update allowed rate per min is 4
api-gateway-1  | 2026-09-23T08:18:21.492334906Z 2026-09-23T08:18:21.491Z  INFO 1 --- [api-gateway] [           main] [                                                 ] com.netflix.discovery.DiscoveryClient    : Discovery Client initialized at timestamp 1790151501491 with initial instances count: 0
api-gateway-1  | 2026-09-23T08:18:21.496697393Z 2026-09-23T08:18:21.496Z  INFO 1 --- [api-gateway] [           main] [                                                 ] o.s.c.n.e.s.EurekaServiceRegistry        : Registering application API-GATEWAY with eureka with status UP
api-gateway-1  | 2026-09-23T08:18:21.497449857Z 2026-09-23T08:18:21.497Z  INFO 1 --- [api-gateway] [           main] [                                                 ] com.netflix.discovery.DiscoveryClient    : Saw local status change event StatusChangeEvent [timestamp=1790151501497, current=UP, previous=STARTING]
api-gateway-1  | 2026-09-23T08:18:21.499598870Z 2026-09-23T08:18:21.498Z  INFO 1 --- [api-gateway] [foReplicator-%d] [                                                 ] com.netflix.discovery.DiscoveryClient    : DiscoveryClient_API-GATEWAY/5aec6877dbcf:api-gateway:8080: registering service...
api-gateway-1  | 2026-09-23T08:18:21.547444112Z 2026-09-23T08:18:21.546Z  INFO 1 --- [api-gateway] [foReplicator-%d] [                                                 ] com.netflix.discovery.DiscoveryClient    : DiscoveryClient_API-GATEWAY/5aec6877dbcf:api-gateway:8080 - registration status: 204
api-gateway-1  | 2026-09-23T08:18:21.746687776Z 2026-09-23T08:18:21.746Z  INFO 1 --- [api-gateway] [           main] [                                                 ] o.s.boot.reactor.netty.NettyWebServer    : Netty started on port 8080 (http)
api-gateway-1  | 2026-09-23T08:18:21.749293316Z 2026-09-23T08:18:21.748Z  INFO 1 --- [api-gateway] [           main] [                                                 ] .s.c.n.e.s.EurekaAutoServiceRegistration : Updating port to 8080
api-gateway-1  | 2026-09-23T08:18:21.788705883Z 2026-09-23T08:18:21.788Z  INFO 1 --- [api-gateway] [           main] [                                                 ] o.s.s.p.api.ApiGatewayApplication        : Started ApiGatewayApplication in 9.829 seconds (process running for 10.97)
api-gateway-1  | 2026-09-23T08:18:23.536209624Z 2026-09-23T08:18:23.535Z  WARN 1 --- [api-gateway] [or-http-epoll-2] [6ab38b4fa64779bdb2edfe052745b95a-b2edfe052745b95a] i.m.o.c.ObservationThreadLocalAccessor   : Observation <{name=http.server.requests(null), error=null, context=name='http.server.requests', contextualName='null', error='null', lowCardinalityKeyValues=[exception='none', method='GET', outcome='SUCCESS', status='200', uri='UNKNOWN'], highCardinalityKeyValues=[http.url='/api/gateway/owners/6'], map=[class io.micrometer.tracing.handler.TracingObservationHandler$TracingContext='TracingContext{span=6ab38b4fa64779bdb2edfe052745b95a/b2edfe052745b95a}', class io.micrometer.core.instrument.Timer$Sample='io.micrometer.core.instrument.Timer$Sample@3b6f436c', class io.micrometer.core.instrument.LongTaskTimer$Sample='SampleImpl{duration(seconds)=0.096092771, duration(nanos)=9.6092771E7, startTimeNanos=982737723357}'], parentObservation=null}> to which we're restoring is not the same as the one set as this scope's parent observation <null>. Most likely a manually created Observation has a scope opened that was never closed. This may lead to thread polluting and memory leaks.
api-gateway-1  | 2026-09-23T08:18:23.631919948Z 2026-09-23T08:18:23.630Z  WARN 1 --- [api-gateway] [or-http-epoll-2] [                                                 ] o.s.c.l.core.RoundRobinLoadBalancer      : No servers available for service: customers-service
api-gateway-1  | 2026-09-23T08:18:23.633508890Z 2026-09-23T08:18:23.632Z  WARN 1 --- [api-gateway] [or-http-epoll-2] [                                                 ] eactorLoadBalancerExchangeFilterFunction : LoadBalancer does not contain an instance for the service customers-service
api-gateway-1  | 2026-09-23T08:18:23.696133155Z 2026-09-23T08:18:23.685Z ERROR 1 --- [api-gateway] [or-http-epoll-2] [6ab38b4fa64779bdb2edfe052745b95a-b2edfe052745b95a] b.w.a.e.AbstractErrorWebExceptionHandler : [0357d385-1]  500 Server Error for HTTP GET "/api/gateway/owners/6"
api-gateway-1  | 2026-09-23T08:18:23.696181068Z 
api-gateway-1  | 2026-09-23T08:18:23.696186539Z org.springframework.web.reactive.function.client.WebClientResponseException$ServiceUnavailable: 503 Service Unavailable from UNKNOWN 
api-gateway-1  | 2026-09-23T08:18:23.696191328Z 	at org.springframework.web.reactive.function.client.WebClientResponseException.create(WebClientResponseException.java:322)
api-gateway-1  | 2026-09-23T08:18:23.696216187Z 	Suppressed: The stacktrace has been enhanced by Reactor, refer to additional information below: 
api-gateway-1  | 2026-09-23T08:18:23.696221157Z Error has been observed at the following site(s):
api-gateway-1  | 2026-09-23T08:18:23.696225375Z 	*__checkpoint ⇢ 503 SERVICE_UNAVAILABLE from GET http://customers-service/owners/6 [DefaultWebClient]
api-gateway-1  | 2026-09-23T08:18:23.696230334Z 	*__checkpoint ⇢ Handler org.springframework.samples.petclinic.api.boundary.web.ApiGatewayController#getOwnerDetails(int) [DispatcherHandler]
api-gateway-1  | 2026-09-23T08:18:23.696234903Z 	*__checkpoint ⇢ org.springframework.cloud.gateway.filter.WeightCalculatorWebFilter@5d94ac8a
api-gateway-1  | 2026-09-23T08:18:23.696239192Z 	*__checkpoint ⇢ HTTP GET "/api/gateway/owners/6" [ExceptionHandlingWebHandler]
api-gateway-1  | 2026-09-23T08:18:23.696243500Z Original Stack Trace:
api-gateway-1  | 2026-09-23T08:18:23.696247688Z 		at org.springframework.web.reactive.function.client.WebClientResponseException.create(WebClientResponseException.java:322)
api-gateway-1  | 2026-09-23T08:18:23.696252227Z 		at org.springframework.web.reactive.function.client.DefaultClientResponse.lambda$createException$1(DefaultClientResponse.java:214)
api-gateway-1  | 2026-09-23T08:18:23.696256626Z 		at reactor.core.publisher.FluxMap$MapSubscriber.onNext(FluxMap.java:106)
api-gateway-1  | 2026-09-23T08:18:23.696260944Z 		at reactor.core.publisher.FluxOnErrorReturn$ReturnSubscriber.onNext(FluxOnErrorReturn.java:159)
api-gateway-1  | 2026-09-23T08:18:23.696265092Z 		at reactor.core.publisher.FluxDefaultIfEmpty$DefaultIfEmptySubscriber.onNext(FluxDefaultIfEmpty.java:123)
api-gateway-1  | 2026-09-23T08:18:23.696269321Z 		at reactor.core.publisher.FluxMapFuseable$MapFuseableSubscriber.onNext(FluxMapFuseable.java:130)
api-gateway-1  | 2026-09-23T08:18:23.696273599Z 		at reactor.core.publisher.FluxContextWrite$ContextWriteSubscriber.onNext(FluxContextWrite.java:109)
api-gateway-1  | 2026-09-23T08:18:23.696277877Z 		at reactor.core.publisher.FluxMapFuseable$MapFuseableConditionalSubscriber.onNext(FluxMapFuseable.java:300)
api-gateway-1  | 2026-09-23T08:18:23.696283508Z 		at reactor.core.publisher.FluxFilterFuseable$FilterFuseableConditionalSubscriber.onNext(FluxFilterFuseable.java:338)
api-gateway-1  | 2026-09-23T08:18:23.696288288Z 		at reactor.core.publisher.Operators$BaseFluxToMonoOperator.completePossiblyEmpty(Operators.java:2093)
api-gateway-1  | 2026-09-23T08:18:23.696292606Z 		at reactor.core.publisher.MonoCollect$CollectSubscriber.onComplete(MonoCollect.java:144)
api-gateway-1  | 2026-09-23T08:18:23.696296774Z 		at reactor.core.publisher.FluxMapFuseable$MapFuseableSubscriber.onComplete(FluxMapFuseable.java:153)
api-gateway-1  | 2026-09-23T08:18:23.696301193Z 		at reactor.core.publisher.Operators$ScalarSubscription.request(Operators.java:2567)
api-gateway-1  | 2026-09-23T08:18:23.696305401Z 		at reactor.core.publisher.FluxMapFuseable$MapFuseableSubscriber.request(FluxMapFuseable.java:172)
api-gateway-1  | 2026-09-23T08:18:23.696309679Z 		at reactor.core.publisher.Operators$BaseFluxToMonoOperator.request(Operators.java:2063)
api-gateway-1  | 2026-09-23T08:18:23.696313817Z 		at reactor.core.publisher.FluxFilterFuseable$FilterFuseableConditionalSubscriber.request(FluxFilterFuseable.java:411)
api-gateway-1  | 2026-09-23T08:18:23.696325600Z 		at reactor.core.publisher.FluxMapFuseable$MapFuseableConditionalSubscriber.request(FluxMapFuseable.java:361)
api-gateway-1  | 2026-09-23T08:18:23.696330149Z 		at reactor.core.publisher.FluxContextWrite$ContextWriteSubscriber.request(FluxContextWrite.java:138)
api-gateway-1  | 2026-09-23T08:18:23.696334508Z 		at reactor.core.publisher.FluxMapFuseable$MapFuseableSubscriber.request(FluxMapFuseable.java:172)
api-gateway-1  | 2026-09-23T08:18:23.696338746Z 		at reactor.core.publisher.FluxDefaultIfEmpty$DefaultIfEmptySubscriber.request(FluxDefaultIfEmpty.java:99)
api-gateway-1  | 2026-09-23T08:18:23.696343055Z 		at reactor.core.publisher.FluxOnErrorReturn$ReturnSubscriber.request(FluxOnErrorReturn.java:150)
api-gateway-1  | 2026-09-23T08:18:23.696346832Z 		at reactor.core.publisher.FluxMap$MapSubscriber.request(FluxMap.java:163)
api-gateway-1  | 2026-09-23T08:18:23.696350960Z 		at reactor.core.publisher.MonoFlatMap$FlatMapMain.request(MonoFlatMap.java:195)
api-gateway-1  | 2026-09-23T08:18:23.696355168Z 		at reactor.core.publisher.Operators$MultiSubscriptionSubscriber.set(Operators.java:2361)
api-gateway-1  | 2026-09-23T08:18:23.696359457Z 		at reactor.core.publisher.FluxOnErrorResume$ResumeSubscriber.onSubscribe(FluxOnErrorResume.java:75)
api-gateway-1  | 2026-09-23T08:18:23.696363735Z 		at reactor.core.publisher.MonoFlatMap$FlatMapMain.onSubscribe(MonoFlatMap.java:118)
api-gateway-1  | 2026-09-23T08:18:23.696367873Z 		at reactor.core.publisher.FluxMap$MapSubscriber.onSubscribe(FluxMap.java:92)
api-gateway-1  | 2026-09-23T08:18:23.696371961Z 		at reactor.core.publisher.FluxOnErrorReturn$ReturnSubscriber.onSubscribe(FluxOnErrorReturn.java:92)
api-gateway-1  | 2026-09-23T08:18:23.696376500Z 		at reactor.core.publisher.Operators$BaseFluxToMonoOperator.onSubscribe(Operators.java:2047)
api-gateway-1  | 2026-09-23T08:18:23.696380969Z 		at reactor.core.publisher.FluxMapFuseable$MapFuseableSubscriber.onSubscribe(FluxMapFuseable.java:96)
api-gateway-1  | 2026-09-23T08:18:23.696386099Z 		at reactor.core.publisher.FluxContextWrite$ContextWriteSubscriber.onSubscribe(FluxContextWrite.java:103)
api-gateway-1  | 2026-09-23T08:18:23.696389996Z 		at reactor.core.publisher.FluxMapFuseable$MapFuseableConditionalSubscriber.onSubscribe(FluxMapFuseable.java:265)
api-gateway-1  | 2026-09-23T08:18:23.696393884Z 		at reactor.core.publisher.FluxFilterFuseable$FilterFuseableConditionalSubscriber.onSubscribe(FluxFilterFuseable.java:305)
api-gateway-1  | 2026-09-23T08:18:23.696397681Z 		at reactor.core.publisher.Operators$BaseFluxToMonoOperator.onSubscribe(Operators.java:2047)
api-gateway-1  | 2026-09-23T08:18:23.696401539Z 		at reactor.core.publisher.FluxMapFuseable$MapFuseableSubscriber.onSubscribe(FluxMapFuseable.java:96)
api-gateway-1  | 2026-09-23T08:18:23.696405396Z 		at reactor.core.publisher.FluxJust.subscribe(FluxJust.java:69)
api-gateway-1  | 2026-09-23T08:18:23.696409073Z 		at reactor.core.publisher.InternalMonoOperator.subscribe(InternalMonoOperator.java:75)
api-gateway-1  | 2026-09-23T08:18:23.696412781Z 		at reactor.core.publisher.MonoFlatMap$FlatMapMain.onNext(MonoFlatMap.java:166)
api-gateway-1  | 2026-09-23T08:18:23.696416548Z 		at reactor.core.publisher.MonoContextWriteRestoringThreadLocals$ContextWriteRestoringThreadLocalsSubscriber.onNext(MonoContextWriteRestoringThreadLocals.java:111)
api-gateway-1  | 2026-09-23T08:18:23.696427960Z 		at reactor.core.publisher.FluxDoFinally$DoFinallySubscriber.onNext(FluxDoFinally.java:113)
api-gateway-1  | 2026-09-23T08:18:23.696432649Z 		at reactor.core.publisher.MonoPeekTerminal$MonoTerminalPeekSubscriber.onNext(MonoPeekTerminal.java:184)
api-gateway-1  | 2026-09-23T08:18:23.696437028Z 		at reactor.core.publisher.FluxPeekFuseable$PeekConditionalSubscriber.onNext(FluxPeekFuseable.java:850)
api-gateway-1  | 2026-09-23T08:18:23.696441437Z 		at reactor.core.publisher.FluxSwitchIfEmpty$SwitchIfEmptySubscriber.onNext(FluxSwitchIfEmpty.java:75)
api-gateway-1  | 2026-09-23T08:18:23.696445915Z 		at reactor.core.publisher.MonoFlatMap$FlatMapMain.onNext(MonoFlatMap.java:159)
api-gateway-1  | 2026-09-23T08:18:23.696450224Z 		at reactor.core.publisher.FluxMap$MapSubscriber.onNext(FluxMap.java:122)
api-gateway-1  | 2026-09-23T08:18:23.696454472Z 		at reactor.core.publisher.MonoNext$NextSubscriber.onNext(MonoNext.java:83)
api-gateway-1  | 2026-09-23T08:18:23.696458740Z 		at reactor.core.publisher.FluxDematerialize$DematerializeSubscriber.onNext(FluxDematerialize.java:102)
api-gateway-1  | 2026-09-23T08:18:23.696462919Z 		at reactor.core.publisher.FluxDematerialize$DematerializeSubscriber.onNext(FluxDematerialize.java:44)
api-gateway-1  | 2026-09-23T08:18:23.696467147Z 		at reactor.core.publisher.FluxFlattenIterable$FlattenIterableSubscriber.drainAsync(FluxFlattenIterable.java:455)
api-gateway-1  | 2026-09-23T08:18:23.696471756Z 		at reactor.core.publisher.FluxFlattenIterable$FlattenIterableSubscriber.drain(FluxFlattenIterable.java:726)
api-gateway-1  | 2026-09-23T08:18:23.696476826Z 		at reactor.core.publisher.FluxFlattenIterable$FlattenIterableSubscriber.onNext(FluxFlattenIterable.java:258)
api-gateway-1  | 2026-09-23T08:18:23.696480954Z 		at reactor.core.publisher.FluxSwitchIfEmpty$SwitchIfEmptySubscriber.onNext(FluxSwitchIfEmpty.java:75)
api-gateway-1  | 2026-09-23T08:18:23.696484651Z 		at reactor.core.publisher.MonoFlatMap$FlatMapMain.secondComplete(MonoFlatMap.java:246)
api-gateway-1  | 2026-09-23T08:18:23.696488428Z 		at reactor.core.publisher.MonoFlatMap$FlatMapInner.onNext(MonoFlatMap.java:307)
api-gateway-1  | 2026-09-23T08:18:23.696492126Z 		at reactor.core.publisher.MonoIgnoreThen$ThenIgnoreMain.complete(MonoIgnoreThen.java:297)
api-gateway-1  | 2026-09-23T08:18:23.696496284Z 		at reactor.core.publisher.MonoIgnoreThen$ThenIgnoreMain.onNext(MonoIgnoreThen.java:191)
api-gateway-1  | 2026-09-23T08:18:23.696500682Z 		at reactor.core.publisher.MonoIgnoreThen$ThenIgnoreMain.subscribeNext(MonoIgnoreThen.java:240)
api-gateway-1  | 2026-09-23T08:18:23.696505001Z 		at reactor.core.publisher.MonoIgnoreThen$ThenIgnoreMain.onComplete(MonoIgnoreThen.java:207)
api-gateway-1  | 2026-09-23T08:18:23.696509269Z 		at reactor.core.publisher.MonoIgnoreElements$IgnoreElementsSubscriber.onComplete(MonoIgnoreElements.java:89)
api-gateway-1  | 2026-09-23T08:18:23.696513668Z 		at reactor.core.publisher.FluxPeek$PeekSubscriber.onComplete(FluxPeek.java:263)
api-gateway-1  | 2026-09-23T08:18:23.696517986Z 		at reactor.core.publisher.FluxDematerialize$DematerializeSubscriber.onComplete(FluxDematerialize.java:125)
api-gateway-1  | 2026-09-23T08:18:23.696522335Z 		at reactor.core.publisher.FluxDematerialize$DematerializeSubscriber.onNext(FluxDematerialize.java:91)
api-gateway-1  | 2026-09-23T08:18:23.696533657Z 		at reactor.core.publisher.FluxDematerialize$DematerializeSubscriber.onNext(FluxDematerialize.java:44)
api-gateway-1  | 2026-09-23T08:18:23.696538296Z 		at reactor.core.publisher.FluxIterable$IterableSubscription.fastPath(FluxIterable.java:402)
api-gateway-1  | 2026-09-23T08:18:23.696542604Z 		at reactor.core.publisher.FluxIterable$IterableSubscription.request(FluxIterable.java:291)
api-gateway-1  | 2026-09-23T08:18:23.696546953Z 		at reactor.core.publisher.FluxDematerialize$DematerializeSubscriber.request(FluxDematerialize.java:131)
api-gateway-1  | 2026-09-23T08:18:23.696551471Z 		at reactor.core.publisher.FluxPeek$PeekSubscriber.request(FluxPeek.java:141)
api-gateway-1  | 2026-09-23T08:18:23.696555710Z 		at reactor.core.publisher.MonoIgnoreElements$IgnoreElementsSubscriber.onSubscribe(MonoIgnoreElements.java:72)
api-gateway-1  | 2026-09-23T08:18:23.696560058Z 		at reactor.core.publisher.FluxPeek$PeekSubscriber.onSubscribe(FluxPeek.java:174)
api-gateway-1  | 2026-09-23T08:18:23.696564226Z 		at reactor.core.publisher.FluxDematerialize$DematerializeSubscriber.onSubscribe(FluxDematerialize.java:77)
api-gateway-1  | 2026-09-23T08:18:23.696568545Z 		at reactor.core.publisher.FluxIterable.subscribe(FluxIterable.java:200)
api-gateway-1  | 2026-09-23T08:18:23.696573334Z 		at reactor.core.publisher.FluxIterable.subscribe(FluxIterable.java:82)
api-gateway-1  | 2026-09-23T08:18:23.696577653Z 		at reactor.core.publisher.Mono.subscribe(Mono.java:4569)
api-gateway-1  | 2026-09-23T08:18:23.696581891Z 		at reactor.core.publisher.MonoIgnoreThen$ThenIgnoreMain.subscribeNext(MonoIgnoreThen.java:268)
api-gateway-1  | 2026-09-23T08:18:23.696586219Z 		at reactor.core.publisher.MonoIgnoreThen.subscribe(MonoIgnoreThen.java:51)
api-gateway-1  | 2026-09-23T08:18:23.696590598Z 		at reactor.core.publisher.MonoFlatMap$FlatMapMain.onNext(MonoFlatMap.java:166)
api-gateway-1  | 2026-09-23T08:18:23.696594936Z 		at reactor.core.publisher.Operators$BaseFluxToMonoOperator.completePossiblyEmpty(Operators.java:2093)
api-gateway-1  | 2026-09-23T08:18:23.696599385Z 		at reactor.core.publisher.MonoCollectList$MonoCollectListSubscriber.onComplete(MonoCollectList.java:117)
api-gateway-1  | 2026-09-23T08:18:23.696603733Z 		at reactor.core.publisher.DrainUtils.postCompleteDrain(DrainUtils.java:132)
api-gateway-1  | 2026-09-23T08:18:23.696607902Z 		at reactor.core.publisher.DrainUtils.postComplete(DrainUtils.java:187)
api-gateway-1  | 2026-09-23T08:18:23.696612440Z 		at reactor.core.publisher.FluxMaterialize$MaterializeSubscriber.onComplete(FluxMaterialize.java:141)
api-gateway-1  | 2026-09-23T08:18:23.696616779Z 		at reactor.core.publisher.FluxLimitRequest$FluxLimitRequestSubscriber.onNext(FluxLimitRequest.java:104)
api-gateway-1  | 2026-09-23T08:18:23.696621107Z 		at reactor.core.publisher.FluxOnErrorResume$ResumeSubscriber.onNext(FluxOnErrorResume.java:80)
api-gateway-1  | 2026-09-23T08:18:23.696625255Z 		at reactor.core.publisher.SerializedSubscriber.onNext(SerializedSubscriber.java:100)
api-gateway-1  | 2026-09-23T08:18:23.696628993Z 		at reactor.core.publisher.FluxTimeout$TimeoutMainSubscriber.onNext(FluxTimeout.java:182)
api-gateway-1  | 2026-09-23T08:18:23.696633401Z 		at reactor.core.publisher.Operators$BaseFluxToMonoOperator.completePossiblyEmpty(Operators.java:2093)
api-gateway-1  | 2026-09-23T08:18:23.696644804Z 		at reactor.core.publisher.MonoCollectList$MonoCollectListSubscriber.onComplete(MonoCollectList.java:117)
api-gateway-1  | 2026-09-23T08:18:23.696649162Z 		at reactor.core.publisher.FluxContextWriteRestoringThreadLocals$ContextWriteRestoringThreadLocalsSubscriber.onComplete(FluxContextWriteRestoringThreadLocals.java:150)
api-gateway-1  | 2026-09-23T08:18:23.696653521Z 		at org.springframework.cloud.commons.publisher.FluxFirstNonEmptyEmitting$FirstNonEmptyEmittingSubscriber.onComplete(FluxFirstNonEmptyEmitting.java:325)
api-gateway-1  | 2026-09-23T08:18:23.696657929Z 		at reactor.core.publisher.Operators.complete(Operators.java:137)
api-gateway-1  | 2026-09-23T08:18:23.696662117Z 		at reactor.core.publisher.FluxIterable.subscribe(FluxIterable.java:143)
api-gateway-1  | 2026-09-23T08:18:23.696666316Z 		at reactor.core.publisher.FluxIterable.subscribe(FluxIterable.java:82)
api-gateway-1  | 2026-09-23T08:18:23.696670233Z 		at reactor.core.publisher.Flux.subscribe(Flux.java:8888)
api-gateway-1  | 2026-09-23T08:18:23.696674151Z 		at org.springframework.cloud.commons.publisher.FluxFirstNonEmptyEmitting$RaceCoordinator.subscribe(FluxFirstNonEmptyEmitting.java:203)
api-gateway-1  | 2026-09-23T08:18:23.696678059Z 		at org.springframework.cloud.commons.publisher.FluxFirstNonEmptyEmitting.subscribe(FluxFirstNonEmptyEmitting.java:128)
api-gateway-1  | 2026-09-23T08:18:23.696681696Z 		at reactor.core.publisher.InternalFluxOperator.subscribe(InternalFluxOperator.java:67)
api-gateway-1  | 2026-09-23T08:18:23.696685092Z 		at reactor.core.publisher.FluxDefer.subscribe(FluxDefer.java:55)
api-gateway-1  | 2026-09-23T08:18:23.696688499Z 		at reactor.core.publisher.InternalFluxOperator.subscribe(InternalFluxOperator.java:67)
api-gateway-1  | 2026-09-23T08:18:23.696691856Z 		at reactor.core.publisher.FluxDefer.subscribe(FluxDefer.java:55)
api-gateway-1  | 2026-09-23T08:18:23.696695412Z 		at reactor.core.publisher.Mono.subscribe(Mono.java:4569)
api-gateway-1  | 2026-09-23T08:18:23.696698679Z 		at reactor.core.publisher.FluxSwitchIfEmpty$SwitchIfEmptySubscriber.onComplete(FluxSwitchIfEmpty.java:83)
api-gateway-1  | 2026-09-23T08:18:23.696702176Z 		at reactor.core.publisher.Operators.complete(Operators.java:137)
api-gateway-1  | 2026-09-23T08:18:23.696705422Z 		at reactor.core.publisher.MonoEmpty.subscribe(MonoEmpty.java:46)
api-gateway-1  | 2026-09-23T08:18:23.696708708Z 		at reactor.core.publisher.InternalFluxOperator.subscribe(InternalFluxOperator.java:67)
api-gateway-1  | 2026-09-23T08:18:23.696712025Z 		at reactor.core.publisher.FluxDefer.subscribe(FluxDefer.java:55)
api-gateway-1  | 2026-09-23T08:18:23.696715221Z 		at reactor.core.publisher.InternalMonoOperator.subscribe(InternalMonoOperator.java:75)
api-gateway-1  | 2026-09-23T08:18:23.696718748Z 		at reactor.core.publisher.MonoDefer.subscribe(MonoDefer.java:54)
api-gateway-1  | 2026-09-23T08:18:23.696722044Z 		at reactor.core.publisher.InternalMonoOperator.subscribe(InternalMonoOperator.java:75)
api-gateway-1  | 2026-09-23T08:18:23.696725331Z 		at reactor.core.publisher.MonoContextWriteRestoringThreadLocals.subscribe(MonoContextWriteRestoringThreadLocals.java:44)
api-gateway-1  | 2026-09-23T08:18:23.696728717Z 		at reactor.core.publisher.MonoDeferContextual.subscribe(MonoDeferContextual.java:56)
api-gateway-1  | 2026-09-23T08:18:23.696737835Z 		at reactor.core.publisher.FluxFromMonoOperator.subscribe(FluxFromMonoOperator.java:83)
api-gateway-1  | 2026-09-23T08:18:23.696741292Z 		at reactor.core.publisher.FluxDeferContextual.subscribe(FluxDeferContextual.java:58)
api-gateway-1  | 2026-09-23T08:18:23.696744558Z 		at reactor.core.publisher.InternalMonoOperator.subscribe(InternalMonoOperator.java:75)
api-gateway-1  | 2026-09-23T08:18:23.696747955Z 		at reactor.core.publisher.MonoFlatMap$FlatMapMain.onNext(MonoFlatMap.java:166)
api-gateway-1  | 2026-09-23T08:18:23.696751562Z 		at reactor.core.publisher.FluxOnErrorResume$ResumeSubscriber.onNext(FluxOnErrorResume.java:80)
api-gateway-1  | 2026-09-23T08:18:23.696755039Z 		at reactor.core.publisher.FluxOnErrorResume$ResumeSubscriber.onNext(FluxOnErrorResume.java:80)
api-gateway-1  | 2026-09-23T08:18:23.696758566Z 		at reactor.core.publisher.FluxPeek$PeekSubscriber.onNext(FluxPeek.java:203)
api-gateway-1  | 2026-09-23T08:18:23.696762313Z 		at reactor.core.publisher.MonoIgnoreThen$ThenIgnoreMain.complete(MonoIgnoreThen.java:297)
api-gateway-1  | 2026-09-23T08:18:23.696765750Z 		at reactor.core.publisher.MonoIgnoreThen$ThenIgnoreMain.onNext(MonoIgnoreThen.java:191)
api-gateway-1  | 2026-09-23T08:18:23.696769036Z 		at reactor.core.publisher.MonoFlatMap$FlatMapMain.onNext(MonoFlatMap.java:159)
api-gateway-1  | 2026-09-23T08:18:23.696772373Z 		at reactor.core.publisher.MonoZip$ZipCoordinator.signal(MonoZip.java:296)
api-gateway-1  | 2026-09-23T08:18:23.696775930Z 		at reactor.core.publisher.MonoZip$ZipInner.onNext(MonoZip.java:480)
api-gateway-1  | 2026-09-23T08:18:23.696779266Z 		at reactor.core.publisher.MonoPeekTerminal$MonoTerminalPeekSubscriber.onNext(MonoPeekTerminal.java:184)
api-gateway-1  | 2026-09-23T08:18:23.696782963Z 		at reactor.core.publisher.FluxDefaultIfEmpty$DefaultIfEmptySubscriber.onNext(FluxDefaultIfEmpty.java:123)
api-gateway-1  | 2026-09-23T08:18:23.696786310Z 		at reactor.core.publisher.FluxSwitchIfEmpty$SwitchIfEmptySubscriber.onNext(FluxSwitchIfEmpty.java:75)
api-gateway-1  | 2026-09-23T08:18:23.696789616Z 		at reactor.core.publisher.Operators$ScalarSubscription.request(Operators.java:2565)
api-gateway-1  | 2026-09-23T08:18:23.696792883Z 		at reactor.core.publisher.Operators$MultiSubscriptionSubscriber.set(Operators.java:2361)
api-gateway-1  | 2026-09-23T08:18:23.696796420Z 		at reactor.core.publisher.Operators$MultiSubscriptionSubscriber.onSubscribe(Operators.java:2235)
api-gateway-1  | 2026-09-23T08:18:23.696799846Z 		at reactor.core.publisher.FluxFlatMap.trySubscribeScalarMap(FluxFlatMap.java:193)
api-gateway-1  | 2026-09-23T08:18:23.696803283Z 		at reactor.core.publisher.MonoFlatMap.subscribeOrReturn(MonoFlatMap.java:53)
api-gateway-1  | 2026-09-23T08:18:23.696807471Z 		at reactor.core.publisher.InternalMonoOperator.subscribe(InternalMonoOperator.java:62)
api-gateway-1  | 2026-09-23T08:18:23.696810878Z 		at reactor.core.publisher.MonoZip$ZipCoordinator.request(MonoZip.java:219)
api-gateway-1  | 2026-09-23T08:18:23.696814445Z 		at reactor.core.publisher.MonoFlatMap$FlatMapMain.request(MonoFlatMap.java:195)
api-gateway-1  | 2026-09-23T08:18:23.696817972Z 		at reactor.core.publisher.MonoIgnoreThen$ThenIgnoreMain.onSubscribe(MonoIgnoreThen.java:135)
api-gateway-1  | 2026-09-23T08:18:23.696821649Z 		at reactor.core.publisher.MonoFlatMap$FlatMapMain.onSubscribe(MonoFlatMap.java:118)
api-gateway-1  | 2026-09-23T08:18:23.696831117Z 		at reactor.core.publisher.MonoZip.subscribe(MonoZip.java:129)
api-gateway-1  | 2026-09-23T08:18:23.696834584Z 		at reactor.core.publisher.InternalMonoOperator.subscribe(InternalMonoOperator.java:75)
api-gateway-1  | 2026-09-23T08:18:23.696838281Z 		at reactor.core.publisher.MonoDefer.subscribe(MonoDefer.java:54)
api-gateway-1  | 2026-09-23T08:18:23.696841808Z 		at reactor.core.publisher.MonoIgnoreThen$ThenIgnoreMain.subscribeNext(MonoIgnoreThen.java:244)
api-gateway-1  | 2026-09-23T08:18:23.696845355Z 		at reactor.core.publisher.MonoIgnoreThen$ThenIgnoreMain.onComplete(MonoIgnoreThen.java:207)
api-gateway-1  | 2026-09-23T08:18:23.696849814Z 		at reactor.core.publisher.MonoFlatMap$FlatMapMain.onComplete(MonoFlatMap.java:190)
api-gateway-1  | 2026-09-23T08:18:23.696853481Z 		at reactor.core.publisher.Operators.complete(Operators.java:137)
api-gateway-1  | 2026-09-23T08:18:23.696857158Z 		at reactor.core.publisher.MonoZip.subscribe(MonoZip.java:121)
api-gateway-1  | 2026-09-23T08:18:23.696860815Z 		at reactor.core.publisher.Mono.subscribe(Mono.java:4569)
api-gateway-1  | 2026-09-23T08:18:23.696864152Z 		at reactor.core.publisher.MonoIgnoreThen$ThenIgnoreMain.subscribeNext(MonoIgnoreThen.java:268)
api-gateway-1  | 2026-09-23T08:18:23.696867458Z 		at reactor.core.publisher.MonoIgnoreThen.subscribe(MonoIgnoreThen.java:51)
api-gateway-1  | 2026-09-23T08:18:23.696870815Z 		at reactor.core.publisher.InternalMonoOperator.subscribe(InternalMonoOperator.java:75)
api-gateway-1  | 2026-09-23T08:18:23.696874452Z 		at reactor.core.publisher.MonoFlatMap$FlatMapMain.onNext(MonoFlatMap.java:166)
api-gateway-1  | 2026-09-23T08:18:23.696878310Z 		at reactor.core.publisher.FluxOnErrorResume$ResumeSubscriber.onNext(FluxOnErrorResume.java:80)
api-gateway-1  | 2026-09-23T08:18:23.696881876Z 		at reactor.core.publisher.FluxSwitchIfEmpty$SwitchIfEmptySubscriber.onNext(FluxSwitchIfEmpty.java:75)
api-gateway-1  | 2026-09-23T08:18:23.696885474Z 		at reactor.core.publisher.MonoNext$NextSubscriber.onNext(MonoNext.java:83)
api-gateway-1  | 2026-09-23T08:18:23.696888870Z 		at reactor.core.publisher.FluxConcatMapNoPrefetch$FluxConcatMapNoPrefetchSubscriber.innerNext(FluxConcatMapNoPrefetch.java:259)
api-gateway-1  | 2026-09-23T08:18:23.696892377Z 		at reactor.core.publisher.FluxConcatMap$ConcatMapInner.onNext(FluxConcatMap.java:870)
api-gateway-1  | 2026-09-23T08:18:23.696895904Z 		at reactor.core.publisher.FluxMapFuseable$MapFuseableSubscriber.onNext(FluxMapFuseable.java:130)
api-gateway-1  | 2026-09-23T08:18:23.696899311Z 		at reactor.core.publisher.MonoPeekTerminal$MonoTerminalPeekSubscriber.onNext(MonoPeekTerminal.java:184)
api-gateway-1  | 2026-09-23T08:18:23.696902717Z 		at reactor.core.publisher.Operators$ScalarSubscription.request(Operators.java:2565)
api-gateway-1  | 2026-09-23T08:18:23.696906424Z 		at reactor.core.publisher.MonoPeekTerminal$MonoTerminalPeekSubscriber.request(MonoPeekTerminal.java:142)
api-gateway-1  | 2026-09-23T08:18:23.696910082Z 		at reactor.core.publisher.FluxMapFuseable$MapFuseableSubscriber.request(FluxMapFuseable.java:172)
api-gateway-1  | 2026-09-23T08:18:23.696913659Z 		at reactor.core.publisher.Operators$MultiSubscriptionSubscriber.request(Operators.java:2325)
api-gateway-1  | 2026-09-23T08:18:23.696932085Z 		at reactor.core.publisher.FluxConcatMapNoPrefetch$FluxConcatMapNoPrefetchSubscriber.request(FluxConcatMapNoPrefetch.java:339)
api-gateway-1  | 2026-09-23T08:18:23.696935992Z 		at reactor.core.publisher.MonoNext$NextSubscriber.request(MonoNext.java:109)
api-gateway-1  | 2026-09-23T08:18:23.696939459Z 		at reactor.core.publisher.Operators$MultiSubscriptionSubscriber.set(Operators.java:2361)
api-gateway-1  | 2026-09-23T08:18:23.696945701Z 		at reactor.core.publisher.Operators$MultiSubscriptionSubscriber.onSubscribe(Operators.java:2235)
api-gateway-1  | 2026-09-23T08:18:23.696949599Z 		at reactor.core.publisher.MonoNext$NextSubscriber.onSubscribe(MonoNext.java:71)
api-gateway-1  | 2026-09-23T08:18:23.696953116Z 		at reactor.core.publisher.FluxConcatMapNoPrefetch$FluxConcatMapNoPrefetchSubscriber.onSubscribe(FluxConcatMapNoPrefetch.java:164)
api-gateway-1  | 2026-09-23T08:18:23.696956683Z 		at reactor.core.publisher.FluxIterable.subscribe(FluxIterable.java:200)
api-gateway-1  | 2026-09-23T08:18:23.696960079Z 		at reactor.core.publisher.FluxIterable.subscribe(FluxIterable.java:82)
api-gateway-1  | 2026-09-23T08:18:23.696963446Z 		at reactor.core.publisher.InternalMonoOperator.subscribe(InternalMonoOperator.java:75)
api-gateway-1  | 2026-09-23T08:18:23.696967043Z 		at reactor.core.publisher.MonoDefer.subscribe(MonoDefer.java:54)
api-gateway-1  | 2026-09-23T08:18:23.696970700Z 		at reactor.core.publisher.InternalMonoOperator.subscribe(InternalMonoOperator.java:75)
api-gateway-1  | 2026-09-23T08:18:23.696974217Z 		at reactor.core.publisher.MonoDefer.subscribe(MonoDefer.java:54)
api-gateway-1  | 2026-09-23T08:18:23.696977794Z 		at reactor.core.publisher.InternalMonoOperator.subscribe(InternalMonoOperator.java:75)
api-gateway-1  | 2026-09-23T08:18:23.696981461Z 		at reactor.core.publisher.MonoTapRestoringThreadLocals.subscribe(MonoTapRestoringThreadLocals.java:78)
api-gateway-1  | 2026-09-23T08:18:23.696985058Z 		at reactor.core.publisher.Mono.subscribe(Mono.java:4569)
api-gateway-1  | 2026-09-23T08:18:23.696988384Z 		at reactor.core.publisher.MonoIgnoreThen$ThenIgnoreMain.subscribeNext(MonoIgnoreThen.java:268)
api-gateway-1  | 2026-09-23T08:18:23.696991981Z 		at reactor.core.publisher.MonoIgnoreThen.subscribe(MonoIgnoreThen.java:51)
api-gateway-1  | 2026-09-23T08:18:23.696995388Z 		at reactor.core.publisher.InternalMonoOperator.subscribe(InternalMonoOperator.java:75)
api-gateway-1  | 2026-09-23T08:18:23.696998765Z 		at reactor.core.publisher.MonoDeferContextual.subscribe(MonoDeferContextual.java:56)
api-gateway-1  | 2026-09-23T08:18:23.697002141Z 		at reactor.netty.http.server.HttpServer$HttpServerHandle.onStateChange(HttpServer.java:1344)
api-gateway-1  | 2026-09-23T08:18:23.697005588Z 		at reactor.netty.ReactorNetty$CompositeConnectionObserver.onStateChange(ReactorNetty.java:730)
api-gateway-1  | 2026-09-23T08:18:23.697009015Z 		at reactor.netty.transport.ServerTransport$ChildObserver.onStateChange(ServerTransport.java:489)
api-gateway-1  | 2026-09-23T08:18:23.697012441Z 		at reactor.netty.http.server.HttpServerOperations.handleDefaultHttpRequest(HttpServerOperations.java:863)
api-gateway-1  | 2026-09-23T08:18:23.697015858Z 		at reactor.netty.http.server.HttpServerOperations.onInboundNext(HttpServerOperations.java:789)
api-gateway-1  | 2026-09-23T08:18:23.697025176Z 		at reactor.netty.channel.ChannelOperationsHandler.channelRead(ChannelOperationsHandler.java:115)
api-gateway-1  | 2026-09-23T08:18:23.697028853Z 		at io.netty.channel.AbstractChannelHandlerContext.fireChannelRead(AbstractChannelHandlerContext.java:356)
api-gateway-1  | 2026-09-23T08:18:23.697033292Z 		at reactor.netty.http.server.HttpTrafficHandler.channelRead(HttpTrafficHandler.java:283)
api-gateway-1  | 2026-09-23T08:18:23.697036939Z 		at io.netty.channel.AbstractChannelHandlerContext.fireChannelRead(AbstractChannelHandlerContext.java:354)
api-gateway-1  | 2026-09-23T08:18:23.697040526Z 		at io.netty.channel.CombinedChannelDuplexHandler$DelegatingChannelHandlerContext.fireChannelRead(CombinedChannelDuplexHandler.java:434)
api-gateway-1  | 2026-09-23T08:18:23.697044153Z 		at io.netty.handler.codec.ByteToMessageDecoder.fireChannelRead(ByteToMessageDecoder.java:361)
api-gateway-1  | 2026-09-23T08:18:23.697047580Z 		at io.netty.handler.codec.ByteToMessageDecoder.channelRead(ByteToMessageDecoder.java:325)
api-gateway-1  | 2026-09-23T08:18:23.697051047Z 		at io.netty.channel.CombinedChannelDuplexHandler.channelRead(CombinedChannelDuplexHandler.java:249)
api-gateway-1  | 2026-09-23T08:18:23.697054694Z 		at io.netty.channel.AbstractChannelHandlerContext.fireChannelRead(AbstractChannelHandlerContext.java:354)
api-gateway-1  | 2026-09-23T08:18:23.697058431Z 		at io.netty.channel.DefaultChannelPipeline$HeadContext.channelRead(DefaultChannelPipeline.java:1429)
api-gateway-1  | 2026-09-23T08:18:23.697062369Z 		at io.netty.channel.DefaultChannelPipeline.fireChannelRead(DefaultChannelPipeline.java:918)
api-gateway-1  | 2026-09-23T08:18:23.697066086Z 		at io.netty.channel.epoll.AbstractEpollStreamChannel$EpollStreamUnsafe.epollInReady(AbstractEpollStreamChannel.java:804)
api-gateway-1  | 2026-09-23T08:18:23.697069783Z 		at io.netty.channel.epoll.AbstractEpollChannel$AbstractEpollUnsafe.handle(AbstractEpollChannel.java:482)
api-gateway-1  | 2026-09-23T08:18:23.697074543Z 		at io.netty.channel.epoll.EpollIoHandler$DefaultEpollIoRegistration.handle(EpollIoHandler.java:317)
api-gateway-1  | 2026-09-23T08:18:23.697079152Z 		at io.netty.channel.epoll.EpollIoHandler.processReady(EpollIoHandler.java:515)
api-gateway-1  | 2026-09-23T08:18:23.697083089Z 		at io.netty.channel.epoll.EpollIoHandler.run(EpollIoHandler.java:460)
api-gateway-1  | 2026-09-23T08:18:23.697086827Z 		at io.netty.channel.SingleThreadIoEventLoop.runIo(SingleThreadIoEventLoop.java:225)
api-gateway-1  | 2026-09-23T08:18:23.697090955Z 		at io.netty.channel.SingleThreadIoEventLoop.run(SingleThreadIoEventLoop.java:196)
api-gateway-1  | 2026-09-23T08:18:23.697095353Z 		at io.netty.util.concurrent.SingleThreadEventExecutor$5.run(SingleThreadEventExecutor.java:1195)
api-gateway-1  | 2026-09-23T08:18:23.697099040Z 		at io.netty.util.internal.ThreadExecutorMap$2.run(ThreadExecutorMap.java:74)
api-gateway-1  | 2026-09-23T08:18:23.697102778Z 		at io.netty.util.concurrent.FastThreadLocalRunnable.run(FastThreadLocalRunnable.java:30)
api-gateway-1  | 2026-09-23T08:18:23.697106485Z 		at java.base/java.lang.Thread.run(Thread.java:840)
api-gateway-1  | 2026-09-23T08:18:23.697110092Z 
api-gateway-1  | 2026-09-23T08:18:23.760844714Z 2026-09-23T08:18:23.760Z  WARN 1 --- [api-gateway] [or-http-epoll-2] [                                                 ] i.m.o.c.ObservationThreadLocalAccessor   : There is no current scope in thread local. This situation should not happen
api-gateway-1  | 2026-09-23T08:18:23.761372865Z 2026-09-23T08:18:23.761Z  WARN 1 --- [api-gateway] [or-http-epoll-2] [                                                 ] i.m.o.c.ObservationThreadLocalAccessor   : Observation <{name=http.server.requests(http get /api/gateway/owners/{ownerId}), error=org.springframework.web.reactive.function.client.WebClientResponseException$ServiceUnavailable: 503 Service Unavailable from UNKNOWN , context=name='http.server.requests', contextualName='http get /api/gateway/owners/{ownerId}', error='org.springframework.web.reactive.function.client.WebClientResponseException$ServiceUnavailable: 503 Service Unavailable from UNKNOWN ', lowCardinalityKeyValues=[exception='ServiceUnavailable', method='GET', outcome='SERVER_ERROR', status='500', uri='/api/gateway/owners/{ownerId}'], highCardinalityKeyValues=[http.url='/api/gateway/owners/6'], map=[class io.micrometer.tracing.handler.TracingObservationHandler$TracingContext='TracingContext{span=6ab38b4fa64779bdb2edfe052745b95a/b2edfe052745b95a}', class io.micrometer.core.instrument.Timer$Sample='io.micrometer.core.instrument.Timer$Sample@3b6f436c', class io.micrometer.core.instrument.LongTaskTimer$Sample='SampleImpl{duration(seconds)=-1.0E-9, duration(nanos)=-1.0, startTimeNanos=982737723357}'], parentObservation=null}> to which we're restoring is not the same as the one set as this scope's parent observation <null>. Most likely a manually created Observation has a scope opened that was never closed. This may lead to thread polluting and memory leaks.
api-gateway-1  | 2026-09-23T08:18:26.769228498Z 2026-09-23T08:18:26.768Z  WARN 1 --- [api-gateway] [or-http-epoll-3] [6ab38b529cf7af3c8c45508dabab0505-8c45508dabab0505] i.m.o.c.ObservationThreadLocalAccessor   : Observation <{name=http.server.requests(null), error=null, context=name='http.server.requests', contextualName='null', error='null', lowCardinalityKeyValues=[exception='none', method='GET', outcome='SUCCESS', status='200', uri='UNKNOWN'], highCardinalityKeyValues=[http.url='/api/gateway/owners/6'], map=[class io.micrometer.tracing.handler.TracingObservationHandler$TracingContext='TracingContext{span=6ab38b529cf7af3c8c45508dabab0505/8c45508dabab0505}', class io.micrometer.core.instrument.Timer$Sample='io.micrometer.core.instrument.Timer$Sample@7e30f4af', class io.micrometer.core.instrument.LongTaskTimer$Sample='SampleImpl{duration(seconds)=0.005613169, duration(nanos)=5613169.0, startTimeNanos=986063064948}'], parentObservation=null}> to which we're restoring is not the same as the one set as this scope's parent observation <null>. Most likely a manually created Observation has a scope opened that was never closed. This may lead to thread polluting and memory leaks.
api-gateway-1  | 2026-09-23T08:18:26.777674638Z 2026-09-23T08:18:26.777Z  WARN 1 --- [api-gateway] [or-http-epoll-3] [                                                 ] o.s.c.l.core.RoundRobinLoadBalancer      : No servers available for service: customers-service
api-gateway-1  | 2026-09-23T08:18:26.777931658Z 2026-09-23T08:18:26.777Z  WARN 1 --- [api-gateway] [or-http-epoll-3] [                                                 ] eactorLoadBalancerExchangeFilterFunction : LoadBalancer does not contain an instance for the service customers-service
api-gateway-1  | 2026-09-23T08:18:26.783205474Z 2026-09-23T08:18:26.780Z ERROR 1 --- [api-gateway] [or-http-epoll-3] [6ab38b529cf7af3c8c45508dabab0505-8c45508dabab0505] b.w.a.e.AbstractErrorWebExceptionHandler : [5a0c472e-2]  500 Server Error for HTTP GET "/api/gateway/owners/6"
api-gateway-1  | 2026-09-23T08:18:26.783249600Z 
api-gateway-1  | 2026-09-23T08:18:26.783257065Z org.springframework.web.reactive.function.client.WebClientResponseException$ServiceUnavailable: 503 Service Unavailable from UNKNOWN 
api-gateway-1  | 2026-09-23T08:18:26.783285270Z 	at org.springframework.web.reactive.function.client.WebClientResponseException.create(WebClientResponseException.java:322)
api-gateway-1  | 2026-09-23T08:18:26.783290440Z 	Suppressed: The stacktrace has been enhanced by Reactor, refer to additional information below: 
api-gateway-1  | 2026-09-23T08:18:26.783294347Z Error has been observed at the following site(s):
api-gateway-1  | 2026-09-23T08:18:26.783298105Z 	*__checkpoint ⇢ 503 SERVICE_UNAVAILABLE from GET http://customers-service/owners/6 [DefaultWebClient]
api-gateway-1  | 2026-09-23T08:18:26.783302684Z 	*__checkpoint ⇢ Handler org.springframework.samples.petclinic.api.boundary.web.ApiGatewayController#getOwnerDetails(int) [DispatcherHandler]
api-gateway-1  | 2026-09-23T08:18:26.783306822Z 	*__checkpoint ⇢ org.springframework.cloud.gateway.filter.WeightCalculatorWebFilter@5d94ac8a
api-gateway-1  | 2026-09-23T08:18:26.783310669Z 	*__checkpoint ⇢ HTTP GET "/api/gateway/owners/6" [ExceptionHandlingWebHandler]
api-gateway-1  | 2026-09-23T08:18:26.783314647Z Original Stack Trace:
api-gateway-1  | 2026-09-23T08:18:26.783318294Z 		at org.springframework.web.reactive.function.client.WebClientResponseException.create(WebClientResponseException.java:322)
api-gateway-1  | 2026-09-23T08:18:26.783322242Z 		at org.springframework.web.reactive.function.client.DefaultClientResponse.lambda$createException$1(DefaultClientResponse.java:214)
api-gateway-1  | 2026-09-23T08:18:26.783326109Z 		at reactor.core.publisher.FluxMap$MapSubscriber.onNext(FluxMap.java:106)
api-gateway-1  | 2026-09-23T08:18:26.783329837Z 		at reactor.core.publisher.FluxOnErrorReturn$ReturnSubscriber.onNext(FluxOnErrorReturn.java:159)
api-gateway-1  | 2026-09-23T08:18:26.783333714Z 		at reactor.core.publisher.FluxDefaultIfEmpty$DefaultIfEmptySubscriber.onNext(FluxDefaultIfEmpty.java:123)
api-gateway-1  | 2026-09-23T08:18:26.783337572Z 		at reactor.core.publisher.FluxMapFuseable$MapFuseableSubscriber.onNext(FluxMapFuseable.java:130)
api-gateway-1  | 2026-09-23T08:18:26.783341279Z 		at reactor.core.publisher.FluxContextWrite$ContextWriteSubscriber.onNext(FluxContextWrite.java:109)
api-gateway-1  | 2026-09-23T08:18:26.783344926Z 		at reactor.core.publisher.FluxMapFuseable$MapFuseableConditionalSubscriber.onNext(FluxMapFuseable.java:300)
api-gateway-1  | 2026-09-23T08:18:26.783349866Z 		at reactor.core.publisher.FluxFilterFuseable$FilterFuseableConditionalSubscriber.onNext(FluxFilterFuseable.java:338)
api-gateway-1  | 2026-09-23T08:18:26.783353683Z 		at reactor.core.publisher.Operators$BaseFluxToMonoOperator.completePossiblyEmpty(Operators.java:2093)
api-gateway-1  | 2026-09-23T08:18:26.783357471Z 		at reactor.core.publisher.MonoCollect$CollectSubscriber.onComplete(MonoCollect.java:144)
api-gateway-1  | 2026-09-23T08:18:26.783361198Z 		at reactor.core.publisher.FluxMapFuseable$MapFuseableSubscriber.onComplete(FluxMapFuseable.java:153)
api-gateway-1  | 2026-09-23T08:18:26.783364965Z 		at reactor.core.publisher.Operators$ScalarSubscription.request(Operators.java:2567)
api-gateway-1  | 2026-09-23T08:18:26.783368713Z 		at reactor.core.publisher.FluxMapFuseable$MapFuseableSubscriber.request(FluxMapFuseable.java:172)
api-gateway-1  | 2026-09-23T08:18:26.783372720Z 		at reactor.core.publisher.Operators$BaseFluxToMonoOperator.request(Operators.java:2063)
api-gateway-1  | 2026-09-23T08:18:26.783393521Z 		at reactor.core.publisher.FluxFilterFuseable$FilterFuseableConditionalSubscriber.request(FluxFilterFuseable.java:411)
api-gateway-1  | 2026-09-23T08:18:26.783397799Z 		at reactor.core.publisher.FluxMapFuseable$MapFuseableConditionalSubscriber.request(FluxMapFuseable.java:361)
api-gateway-1  | 2026-09-23T08:18:26.783401457Z 		at reactor.core.publisher.FluxContextWrite$ContextWriteSubscriber.request(FluxContextWrite.java:138)
api-gateway-1  | 2026-09-23T08:18:26.783405244Z 		at reactor.core.publisher.FluxMapFuseable$MapFuseableSubscriber.request(FluxMapFuseable.java:172)
api-gateway-1  | 2026-09-23T08:18:26.783408861Z 		at reactor.core.publisher.FluxDefaultIfEmpty$DefaultIfEmptySubscriber.request(FluxDefaultIfEmpty.java:99)
api-gateway-1  | 2026-09-23T08:18:26.783412528Z 		at reactor.core.publisher.FluxOnErrorReturn$ReturnSubscriber.request(FluxOnErrorReturn.java:150)
api-gateway-1  | 2026-09-23T08:18:26.783416235Z 		at reactor.core.publisher.FluxMap$MapSubscriber.request(FluxMap.java:163)
api-gateway-1  | 2026-09-23T08:18:26.783420043Z 		at reactor.core.publisher.MonoFlatMap$FlatMapMain.request(MonoFlatMap.java:195)
api-gateway-1  | 2026-09-23T08:18:26.783423690Z 		at reactor.core.publisher.Operators$MultiSubscriptionSubscriber.set(Operators.java:2361)
api-gateway-1  | 2026-09-23T08:18:26.783427417Z 		at reactor.core.publisher.FluxOnErrorResume$ResumeSubscriber.onSubscribe(FluxOnErrorResume.java:75)
api-gateway-1  | 2026-09-23T08:18:26.783431084Z 		at reactor.core.publisher.MonoFlatMap$FlatMapMain.onSubscribe(MonoFlatMap.java:118)
api-gateway-1  | 2026-09-23T08:18:26.783434631Z 		at reactor.core.publisher.FluxMap$MapSubscriber.onSubscribe(FluxMap.java:92)
api-gateway-1  | 2026-09-23T08:18:26.783438138Z 		at reactor.core.publisher.FluxOnErrorReturn$ReturnSubscriber.onSubscribe(FluxOnErrorReturn.java:92)
api-gateway-1  | 2026-09-23T08:18:26.783441825Z 		at reactor.core.publisher.Operators$BaseFluxToMonoOperator.onSubscribe(Operators.java:2047)
api-gateway-1  | 2026-09-23T08:18:26.783445713Z 		at reactor.core.publisher.FluxMapFuseable$MapFuseableSubscriber.onSubscribe(FluxMapFuseable.java:96)
api-gateway-1  | 2026-09-23T08:18:26.783450582Z 		at reactor.core.publisher.FluxContextWrite$ContextWriteSubscriber.onSubscribe(FluxContextWrite.java:103)
api-gateway-1  | 2026-09-23T08:18:26.783454410Z 		at reactor.core.publisher.FluxMapFuseable$MapFuseableConditionalSubscriber.onSubscribe(FluxMapFuseable.java:265)
api-gateway-1  | 2026-09-23T08:18:26.783458197Z 		at reactor.core.publisher.FluxFilterFuseable$FilterFuseableConditionalSubscriber.onSubscribe(FluxFilterFuseable.java:305)
api-gateway-1  | 2026-09-23T08:18:26.783461995Z 		at reactor.core.publisher.Operators$BaseFluxToMonoOperator.onSubscribe(Operators.java:2047)
api-gateway-1  | 2026-09-23T08:18:26.783465652Z 		at reactor.core.publisher.FluxMapFuseable$MapFuseableSubscriber.onSubscribe(FluxMapFuseable.java:96)
api-gateway-1  | 2026-09-23T08:18:26.783469369Z 		at reactor.core.publisher.FluxJust.subscribe(FluxJust.java:69)
api-gateway-1  | 2026-09-23T08:18:26.783473006Z 		at reactor.core.publisher.InternalMonoOperator.subscribe(InternalMonoOperator.java:75)
api-gateway-1  | 2026-09-23T08:18:26.783476663Z 		at reactor.core.publisher.MonoFlatMap$FlatMapMain.onNext(MonoFlatMap.java:166)
api-gateway-1  | 2026-09-23T08:18:26.783488076Z 		at reactor.core.publisher.MonoContextWriteRestoringThreadLocals$ContextWriteRestoringThreadLocalsSubscriber.onNext(MonoContextWriteRestoringThreadLocals.java:111)
api-gateway-1  | 2026-09-23T08:18:26.783492484Z 		at reactor.core.publisher.FluxDoFinally$DoFinallySubscriber.onNext(FluxDoFinally.java:113)
api-gateway-1  | 2026-09-23T08:18:26.783496552Z 		at reactor.core.publisher.MonoPeekTerminal$MonoTerminalPeekSubscriber.onNext(MonoPeekTerminal.java:184)
api-gateway-1  | 2026-09-23T08:18:26.783500159Z 		at reactor.core.publisher.FluxPeekFuseable$PeekConditionalSubscriber.onNext(FluxPeekFuseable.java:850)
api-gateway-1  | 2026-09-23T08:18:26.783503876Z 		at reactor.core.publisher.FluxSwitchIfEmpty$SwitchIfEmptySubscriber.onNext(FluxSwitchIfEmpty.java:75)
api-gateway-1  | 2026-09-23T08:18:26.783507584Z 		at reactor.core.publisher.MonoFlatMap$FlatMapMain.onNext(MonoFlatMap.java:159)
api-gateway-1  | 2026-09-23T08:18:26.783511301Z 		at reactor.core.publisher.FluxMap$MapSubscriber.onNext(FluxMap.java:122)
api-gateway-1  | 2026-09-23T08:18:26.783514928Z 		at reactor.core.publisher.MonoNext$NextSubscriber.onNext(MonoNext.java:83)
api-gateway-1  | 2026-09-23T08:18:26.783518655Z 		at reactor.core.publisher.FluxDematerialize$DematerializeSubscriber.onNext(FluxDematerialize.java:102)
api-gateway-1  | 2026-09-23T08:18:26.783522383Z 		at reactor.core.publisher.FluxDematerialize$DematerializeSubscriber.onNext(FluxDematerialize.java:44)
api-gateway-1  | 2026-09-23T08:18:26.783526090Z 		at reactor.core.publisher.FluxFlattenIterable$FlattenIterableSubscriber.drainAsync(FluxFlattenIterable.java:455)
api-gateway-1  | 2026-09-23T08:18:26.783529967Z 		at reactor.core.publisher.FluxFlattenIterable$FlattenIterableSubscriber.drain(FluxFlattenIterable.java:726)
api-gateway-1  | 2026-09-23T08:18:26.783534506Z 		at reactor.core.publisher.FluxFlattenIterable$FlattenIterableSubscriber.onNext(FluxFlattenIterable.java:258)
api-gateway-1  | 2026-09-23T08:18:26.783538294Z 		at reactor.core.publisher.FluxSwitchIfEmpty$SwitchIfEmptySubscriber.onNext(FluxSwitchIfEmpty.java:75)
api-gateway-1  | 2026-09-23T08:18:26.783542001Z 		at reactor.core.publisher.MonoFlatMap$FlatMapMain.secondComplete(MonoFlatMap.java:246)
api-gateway-1  | 2026-09-23T08:18:26.783545548Z 		at reactor.core.publisher.MonoFlatMap$FlatMapInner.onNext(MonoFlatMap.java:307)
api-gateway-1  | 2026-09-23T08:18:26.783549045Z 		at reactor.core.publisher.MonoIgnoreThen$ThenIgnoreMain.complete(MonoIgnoreThen.java:297)
api-gateway-1  | 2026-09-23T08:18:26.783552642Z 		at reactor.core.publisher.MonoIgnoreThen$ThenIgnoreMain.onNext(MonoIgnoreThen.java:191)
api-gateway-1  | 2026-09-23T08:18:26.783556369Z 		at reactor.core.publisher.MonoIgnoreThen$ThenIgnoreMain.subscribeNext(MonoIgnoreThen.java:240)
api-gateway-1  | 2026-09-23T08:18:26.783560026Z 		at reactor.core.publisher.MonoIgnoreThen$ThenIgnoreMain.onComplete(MonoIgnoreThen.java:207)
api-gateway-1  | 2026-09-23T08:18:26.783563743Z 		at reactor.core.publisher.MonoIgnoreElements$IgnoreElementsSubscriber.onComplete(MonoIgnoreElements.java:89)
api-gateway-1  | 2026-09-23T08:18:26.783567511Z 		at reactor.core.publisher.FluxPeek$PeekSubscriber.onComplete(FluxPeek.java:263)
api-gateway-1  | 2026-09-23T08:18:26.783571188Z 		at reactor.core.publisher.FluxDematerialize$DematerializeSubscriber.onComplete(FluxDematerialize.java:125)
api-gateway-1  | 2026-09-23T08:18:26.783581698Z 		at reactor.core.publisher.FluxDematerialize$DematerializeSubscriber.onNext(FluxDematerialize.java:91)
api-gateway-1  | 2026-09-23T08:18:26.783585857Z 		at reactor.core.publisher.FluxDematerialize$DematerializeSubscriber.onNext(FluxDematerialize.java:44)
api-gateway-1  | 2026-09-23T08:18:26.783589754Z 		at reactor.core.publisher.FluxIterable$IterableSubscription.fastPath(FluxIterable.java:402)
api-gateway-1  | 2026-09-23T08:18:26.783593471Z 		at reactor.core.publisher.FluxIterable$IterableSubscription.request(FluxIterable.java:291)
api-gateway-1  | 2026-09-23T08:18:26.783597329Z 		at reactor.core.publisher.FluxDematerialize$DematerializeSubscriber.request(FluxDematerialize.java:131)
api-gateway-1  | 2026-09-23T08:18:26.783601467Z 		at reactor.core.publisher.FluxPeek$PeekSubscriber.request(FluxPeek.java:141)
api-gateway-1  | 2026-09-23T08:18:26.783605224Z 		at reactor.core.publisher.MonoIgnoreElements$IgnoreElementsSubscriber.onSubscribe(MonoIgnoreElements.java:72)
api-gateway-1  | 2026-09-23T08:18:26.783609192Z 		at reactor.core.publisher.FluxPeek$PeekSubscriber.onSubscribe(FluxPeek.java:174)
api-gateway-1  | 2026-09-23T08:18:26.783612979Z 		at reactor.core.publisher.FluxDematerialize$DematerializeSubscriber.onSubscribe(FluxDematerialize.java:77)
api-gateway-1  | 2026-09-23T08:18:26.783616927Z 		at reactor.core.publisher.FluxIterable.subscribe(FluxIterable.java:200)
api-gateway-1  | 2026-09-23T08:18:26.783621316Z 		at reactor.core.publisher.FluxIterable.subscribe(FluxIterable.java:82)
api-gateway-1  | 2026-09-23T08:18:26.783625223Z 		at reactor.core.publisher.Mono.subscribe(Mono.java:4569)
api-gateway-1  | 2026-09-23T08:18:26.783628991Z 		at reactor.core.publisher.MonoIgnoreThen$ThenIgnoreMain.subscribeNext(MonoIgnoreThen.java:268)
api-gateway-1  | 2026-09-23T08:18:26.783632938Z 		at reactor.core.publisher.MonoIgnoreThen.subscribe(MonoIgnoreThen.java:51)
api-gateway-1  | 2026-09-23T08:18:26.783636856Z 		at reactor.core.publisher.MonoFlatMap$FlatMapMain.onNext(MonoFlatMap.java:166)
api-gateway-1  | 2026-09-23T08:18:26.783640784Z 		at reactor.core.publisher.Operators$BaseFluxToMonoOperator.completePossiblyEmpty(Operators.java:2093)
api-gateway-1  | 2026-09-23T08:18:26.783644501Z 		at reactor.core.publisher.MonoCollectList$MonoCollectListSubscriber.onComplete(MonoCollectList.java:117)
api-gateway-1  | 2026-09-23T08:18:26.783648248Z 		at reactor.core.publisher.DrainUtils.postCompleteDrain(DrainUtils.java:132)
api-gateway-1  | 2026-09-23T08:18:26.783651885Z 		at reactor.core.publisher.DrainUtils.postComplete(DrainUtils.java:187)
api-gateway-1  | 2026-09-23T08:18:26.783655863Z 		at reactor.core.publisher.FluxMaterialize$MaterializeSubscriber.onComplete(FluxMaterialize.java:141)
api-gateway-1  | 2026-09-23T08:18:26.783659550Z 		at reactor.core.publisher.FluxLimitRequest$FluxLimitRequestSubscriber.onNext(FluxLimitRequest.java:104)
api-gateway-1  | 2026-09-23T08:18:26.783663378Z 		at reactor.core.publisher.FluxOnErrorResume$ResumeSubscriber.onNext(FluxOnErrorResume.java:80)
api-gateway-1  | 2026-09-23T08:18:26.783667155Z 		at reactor.core.publisher.SerializedSubscriber.onNext(SerializedSubscriber.java:100)
api-gateway-1  | 2026-09-23T08:18:26.783670943Z 		at reactor.core.publisher.FluxTimeout$TimeoutMainSubscriber.onNext(FluxTimeout.java:182)
api-gateway-1  | 2026-09-23T08:18:26.783681914Z 		at reactor.core.publisher.Operators$BaseFluxToMonoOperator.completePossiblyEmpty(Operators.java:2093)
api-gateway-1  | 2026-09-23T08:18:26.783685942Z 		at reactor.core.publisher.MonoCollectList$MonoCollectListSubscriber.onComplete(MonoCollectList.java:117)
api-gateway-1  | 2026-09-23T08:18:26.783689940Z 		at reactor.core.publisher.FluxContextWriteRestoringThreadLocals$ContextWriteRestoringThreadLocalsSubscriber.onComplete(FluxContextWriteRestoringThreadLocals.java:150)
api-gateway-1  | 2026-09-23T08:18:26.783693988Z 		at org.springframework.cloud.commons.publisher.FluxFirstNonEmptyEmitting$FirstNonEmptyEmittingSubscriber.onComplete(FluxFirstNonEmptyEmitting.java:325)
api-gateway-1  | 2026-09-23T08:18:26.783698096Z 		at reactor.core.publisher.Operators.complete(Operators.java:137)
api-gateway-1  | 2026-09-23T08:18:26.783701813Z 		at reactor.core.publisher.FluxIterable.subscribe(FluxIterable.java:143)
api-gateway-1  | 2026-09-23T08:18:26.783705781Z 		at reactor.core.publisher.FluxIterable.subscribe(FluxIterable.java:82)
api-gateway-1  | 2026-09-23T08:18:26.783709929Z 		at reactor.core.publisher.Flux.subscribe(Flux.java:8888)
api-gateway-1  | 2026-09-23T08:18:26.783714017Z 		at org.springframework.cloud.commons.publisher.FluxFirstNonEmptyEmitting$RaceCoordinator.subscribe(FluxFirstNonEmptyEmitting.java:203)
api-gateway-1  | 2026-09-23T08:18:26.783718265Z 		at org.springframework.cloud.commons.publisher.FluxFirstNonEmptyEmitting.subscribe(FluxFirstNonEmptyEmitting.java:128)
api-gateway-1  | 2026-09-23T08:18:26.783722243Z 		at reactor.core.publisher.InternalFluxOperator.subscribe(InternalFluxOperator.java:67)
api-gateway-1  | 2026-09-23T08:18:26.783726211Z 		at reactor.core.publisher.FluxDefer.subscribe(FluxDefer.java:55)
api-gateway-1  | 2026-09-23T08:18:26.783729988Z 		at reactor.core.publisher.InternalFluxOperator.subscribe(InternalFluxOperator.java:67)
api-gateway-1  | 2026-09-23T08:18:26.783734076Z 		at reactor.core.publisher.FluxDefer.subscribe(FluxDefer.java:55)
api-gateway-1  | 2026-09-23T08:18:26.783738014Z 		at reactor.core.publisher.Mono.subscribe(Mono.java:4569)
api-gateway-1  | 2026-09-23T08:18:26.783741791Z 		at reactor.core.publisher.FluxSwitchIfEmpty$SwitchIfEmptySubscriber.onComplete(FluxSwitchIfEmpty.java:83)
api-gateway-1  | 2026-09-23T08:18:26.783745538Z 		at reactor.core.publisher.Operators.complete(Operators.java:137)
api-gateway-1  | 2026-09-23T08:18:26.783749215Z 		at reactor.core.publisher.MonoEmpty.subscribe(MonoEmpty.java:46)
api-gateway-1  | 2026-09-23T08:18:26.783752903Z 		at reactor.core.publisher.InternalFluxOperator.subscribe(InternalFluxOperator.java:67)
api-gateway-1  | 2026-09-23T08:18:26.783756590Z 		at reactor.core.publisher.FluxDefer.subscribe(FluxDefer.java:55)
api-gateway-1  | 2026-09-23T08:18:26.783760467Z 		at reactor.core.publisher.InternalMonoOperator.subscribe(InternalMonoOperator.java:75)
api-gateway-1  | 2026-09-23T08:18:26.783764225Z 		at reactor.core.publisher.MonoDefer.subscribe(MonoDefer.java:54)
api-gateway-1  | 2026-09-23T08:18:26.783767932Z 		at reactor.core.publisher.InternalMonoOperator.subscribe(InternalMonoOperator.java:75)
api-gateway-1  | 2026-09-23T08:18:26.783771800Z 		at reactor.core.publisher.MonoContextWriteRestoringThreadLocals.subscribe(MonoContextWriteRestoringThreadLocals.java:44)
api-gateway-1  | 2026-09-23T08:18:26.783782701Z 		at reactor.core.publisher.MonoDeferContextual.subscribe(MonoDeferContextual.java:56)
api-gateway-1  | 2026-09-23T08:18:26.783786739Z 		at reactor.core.publisher.FluxFromMonoOperator.subscribe(FluxFromMonoOperator.java:83)
api-gateway-1  | 2026-09-23T08:18:26.783790616Z 		at reactor.core.publisher.FluxDeferContextual.subscribe(FluxDeferContextual.java:58)
api-gateway-1  | 2026-09-23T08:18:26.783794694Z 		at reactor.core.publisher.InternalMonoOperator.subscribe(InternalMonoOperator.java:75)
api-gateway-1  | 2026-09-23T08:18:26.783798682Z 		at reactor.core.publisher.MonoFlatMap$FlatMapMain.onNext(MonoFlatMap.java:166)
api-gateway-1  | 2026-09-23T08:18:26.783802379Z 		at reactor.core.publisher.FluxOnErrorResume$ResumeSubscriber.onNext(FluxOnErrorResume.java:80)
api-gateway-1  | 2026-09-23T08:18:26.783806117Z 		at reactor.core.publisher.FluxOnErrorResume$ResumeSubscriber.onNext(FluxOnErrorResume.java:80)
api-gateway-1  | 2026-09-23T08:18:26.783809834Z 		at reactor.core.publisher.FluxPeek$PeekSubscriber.onNext(FluxPeek.java:203)
api-gateway-1  | 2026-09-23T08:18:26.783814012Z 		at reactor.core.publisher.MonoIgnoreThen$ThenIgnoreMain.complete(MonoIgnoreThen.java:297)
api-gateway-1  | 2026-09-23T08:18:26.783817759Z 		at reactor.core.publisher.MonoIgnoreThen$ThenIgnoreMain.onNext(MonoIgnoreThen.java:191)
api-gateway-1  | 2026-09-23T08:18:26.783821557Z 		at reactor.core.publisher.MonoFlatMap$FlatMapMain.onNext(MonoFlatMap.java:159)
api-gateway-1  | 2026-09-23T08:18:26.783825394Z 		at reactor.core.publisher.MonoZip$ZipCoordinator.signal(MonoZip.java:296)
api-gateway-1  | 2026-09-23T08:18:26.783829212Z 		at reactor.core.publisher.MonoZip$ZipInner.onNext(MonoZip.java:480)
api-gateway-1  | 2026-09-23T08:18:26.783833019Z 		at reactor.core.publisher.MonoPeekTerminal$MonoTerminalPeekSubscriber.onNext(MonoPeekTerminal.java:184)
api-gateway-1  | 2026-09-23T08:18:26.783836847Z 		at reactor.core.publisher.FluxDefaultIfEmpty$DefaultIfEmptySubscriber.onNext(FluxDefaultIfEmpty.java:123)
api-gateway-1  | 2026-09-23T08:18:26.783841015Z 		at reactor.core.publisher.FluxSwitchIfEmpty$SwitchIfEmptySubscriber.onNext(FluxSwitchIfEmpty.java:75)
api-gateway-1  | 2026-09-23T08:18:26.783845012Z 		at reactor.core.publisher.Operators$ScalarSubscription.request(Operators.java:2565)
api-gateway-1  | 2026-09-23T08:18:26.783848980Z 		at reactor.core.publisher.Operators$MultiSubscriptionSubscriber.set(Operators.java:2361)
api-gateway-1  | 2026-09-23T08:18:26.783852958Z 		at reactor.core.publisher.Operators$MultiSubscriptionSubscriber.onSubscribe(Operators.java:2235)
api-gateway-1  | 2026-09-23T08:18:26.783856946Z 		at reactor.core.publisher.FluxFlatMap.trySubscribeScalarMap(FluxFlatMap.java:193)
api-gateway-1  | 2026-09-23T08:18:26.783860964Z 		at reactor.core.publisher.MonoFlatMap.subscribeOrReturn(MonoFlatMap.java:53)
api-gateway-1  | 2026-09-23T08:18:26.783864821Z 		at reactor.core.publisher.InternalMonoOperator.subscribe(InternalMonoOperator.java:62)
api-gateway-1  | 2026-09-23T08:18:26.783868739Z 		at reactor.core.publisher.MonoZip$ZipCoordinator.request(MonoZip.java:219)
api-gateway-1  | 2026-09-23T08:18:26.783872887Z 		at reactor.core.publisher.MonoFlatMap$FlatMapMain.request(MonoFlatMap.java:195)
api-gateway-1  | 2026-09-23T08:18:26.783893537Z 		at reactor.core.publisher.MonoIgnoreThen$ThenIgnoreMain.onSubscribe(MonoIgnoreThen.java:135)
api-gateway-1  | 2026-09-23T08:18:26.783897816Z 		at reactor.core.publisher.MonoFlatMap$FlatMapMain.onSubscribe(MonoFlatMap.java:118)
api-gateway-1  | 2026-09-23T08:18:26.783901693Z 		at reactor.core.publisher.MonoZip.subscribe(MonoZip.java:129)
api-gateway-1  | 2026-09-23T08:18:26.783905671Z 		at reactor.core.publisher.InternalMonoOperator.subscribe(InternalMonoOperator.java:75)
api-gateway-1  | 2026-09-23T08:18:26.783909799Z 		at reactor.core.publisher.MonoDefer.subscribe(MonoDefer.java:54)
api-gateway-1  | 2026-09-23T08:18:26.783913496Z 		at reactor.core.publisher.MonoIgnoreThen$ThenIgnoreMain.subscribeNext(MonoIgnoreThen.java:244)
api-gateway-1  | 2026-09-23T08:18:26.783917223Z 		at reactor.core.publisher.MonoIgnoreThen$ThenIgnoreMain.onComplete(MonoIgnoreThen.java:207)
api-gateway-1  | 2026-09-23T08:18:26.783922083Z 		at reactor.core.publisher.MonoFlatMap$FlatMapMain.onComplete(MonoFlatMap.java:190)
api-gateway-1  | 2026-09-23T08:18:26.783925810Z 		at reactor.core.publisher.Operators.complete(Operators.java:137)
api-gateway-1  | 2026-09-23T08:18:26.783991151Z 		at reactor.core.publisher.MonoZip.subscribe(MonoZip.java:121)
api-gateway-1  | 2026-09-23T08:18:26.784013564Z 		at reactor.core.publisher.Mono.subscribe(Mono.java:4569)
api-gateway-1  | 2026-09-23T08:18:26.784018624Z 		at reactor.core.publisher.MonoIgnoreThen$ThenIgnoreMain.subscribeNext(MonoIgnoreThen.java:268)
api-gateway-1  | 2026-09-23T08:18:26.784022863Z 		at reactor.core.publisher.MonoIgnoreThen.subscribe(MonoIgnoreThen.java:51)
api-gateway-1  | 2026-09-23T08:18:26.784026630Z 		at reactor.core.publisher.InternalMonoOperator.subscribe(InternalMonoOperator.java:75)
api-gateway-1  | 2026-09-23T08:18:26.784030327Z 		at reactor.core.publisher.MonoFlatMap$FlatMapMain.onNext(MonoFlatMap.java:166)
api-gateway-1  | 2026-09-23T08:18:26.784033994Z 		at reactor.core.publisher.FluxOnErrorResume$ResumeSubscriber.onNext(FluxOnErrorResume.java:80)
api-gateway-1  | 2026-09-23T08:18:26.784037752Z 		at reactor.core.publisher.FluxSwitchIfEmpty$SwitchIfEmptySubscriber.onNext(FluxSwitchIfEmpty.java:75)
api-gateway-1  | 2026-09-23T08:18:26.784041549Z 		at reactor.core.publisher.MonoNext$NextSubscriber.onNext(MonoNext.java:83)
api-gateway-1  | 2026-09-23T08:18:26.784046759Z 		at reactor.core.publisher.FluxConcatMapNoPrefetch$FluxConcatMapNoPrefetchSubscriber.innerNext(FluxConcatMapNoPrefetch.java:259)
api-gateway-1  | 2026-09-23T08:18:26.784050897Z 		at reactor.core.publisher.FluxConcatMap$ConcatMapInner.onNext(FluxConcatMap.java:870)
api-gateway-1  | 2026-09-23T08:18:26.784054745Z 		at reactor.core.publisher.FluxMapFuseable$MapFuseableSubscriber.onNext(FluxMapFuseable.java:130)
api-gateway-1  | 2026-09-23T08:18:26.784058472Z 		at reactor.core.publisher.MonoPeekTerminal$MonoTerminalPeekSubscriber.onNext(MonoPeekTerminal.java:184)
api-gateway-1  | 2026-09-23T08:18:26.784062069Z 		at reactor.core.publisher.Operators$ScalarSubscription.request(Operators.java:2565)
api-gateway-1  | 2026-09-23T08:18:26.784066047Z 		at reactor.core.publisher.MonoPeekTerminal$MonoTerminalPeekSubscriber.request(MonoPeekTerminal.java:142)
api-gateway-1  | 2026-09-23T08:18:26.784080265Z 		at reactor.core.publisher.FluxMapFuseable$MapFuseableSubscriber.request(FluxMapFuseable.java:172)
api-gateway-1  | 2026-09-23T08:18:26.784084934Z 		at reactor.core.publisher.Operators$MultiSubscriptionSubscriber.request(Operators.java:2325)
api-gateway-1  | 2026-09-23T08:18:26.784088761Z 		at reactor.core.publisher.FluxConcatMapNoPrefetch$FluxConcatMapNoPrefetchSubscriber.request(FluxConcatMapNoPrefetch.java:339)
api-gateway-1  | 2026-09-23T08:18:26.784097408Z 		at reactor.core.publisher.MonoNext$NextSubscriber.request(MonoNext.java:109)
api-gateway-1  | 2026-09-23T08:18:26.784101907Z 		at reactor.core.publisher.Operators$MultiSubscriptionSubscriber.set(Operators.java:2361)
api-gateway-1  | 2026-09-23T08:18:26.784105865Z 		at reactor.core.publisher.Operators$MultiSubscriptionSubscriber.onSubscribe(Operators.java:2235)
api-gateway-1  | 2026-09-23T08:18:26.784111616Z 		at reactor.core.publisher.MonoNext$NextSubscriber.onSubscribe(MonoNext.java:71)
api-gateway-1  | 2026-09-23T08:18:26.784116365Z 		at reactor.core.publisher.FluxConcatMapNoPrefetch$FluxConcatMapNoPrefetchSubscriber.onSubscribe(FluxConcatMapNoPrefetch.java:164)
api-gateway-1  | 2026-09-23T08:18:26.784120132Z 		at reactor.core.publisher.FluxIterable.subscribe(FluxIterable.java:200)
api-gateway-1  | 2026-09-23T08:18:26.784123679Z 		at reactor.core.publisher.FluxIterable.subscribe(FluxIterable.java:82)
api-gateway-1  | 2026-09-23T08:18:26.784127226Z 		at reactor.core.publisher.InternalMonoOperator.subscribe(InternalMonoOperator.java:75)
api-gateway-1  | 2026-09-23T08:18:26.784130873Z 		at reactor.core.publisher.MonoDefer.subscribe(MonoDefer.java:54)
api-gateway-1  | 2026-09-23T08:18:26.784134400Z 		at reactor.core.publisher.InternalMonoOperator.subscribe(InternalMonoOperator.java:75)
api-gateway-1  | 2026-09-23T08:18:26.784138047Z 		at reactor.core.publisher.MonoDefer.subscribe(MonoDefer.java:54)
api-gateway-1  | 2026-09-23T08:18:26.784142386Z 		at reactor.core.publisher.InternalMonoOperator.subscribe(InternalMonoOperator.java:75)
api-gateway-1  | 2026-09-23T08:18:26.784147105Z 		at reactor.core.publisher.MonoTapRestoringThreadLocals.subscribe(MonoTapRestoringThreadLocals.java:78)
api-gateway-1  | 2026-09-23T08:18:26.784151033Z 		at reactor.core.publisher.Mono.subscribe(Mono.java:4569)
api-gateway-1  | 2026-09-23T08:18:26.784154490Z 		at reactor.core.publisher.MonoIgnoreThen$ThenIgnoreMain.subscribeNext(MonoIgnoreThen.java:268)
api-gateway-1  | 2026-09-23T08:18:26.784158077Z 		at reactor.core.publisher.MonoIgnoreThen.subscribe(MonoIgnoreThen.java:51)
api-gateway-1  | 2026-09-23T08:18:26.784161714Z 		at reactor.core.publisher.InternalMonoOperator.subscribe(InternalMonoOperator.java:75)
api-gateway-1  | 2026-09-23T08:18:26.784165621Z 		at reactor.core.publisher.MonoDeferContextual.subscribe(MonoDeferContextual.java:56)
api-gateway-1  | 2026-09-23T08:18:26.784169268Z 		at reactor.netty.http.server.HttpServer$HttpServerHandle.onStateChange(HttpServer.java:1344)
api-gateway-1  | 2026-09-23T08:18:26.784173196Z 		at reactor.netty.ReactorNetty$CompositeConnectionObserver.onStateChange(ReactorNetty.java:730)
api-gateway-1  | 2026-09-23T08:18:26.784177044Z 		at reactor.netty.transport.ServerTransport$ChildObserver.onStateChange(ServerTransport.java:489)
api-gateway-1  | 2026-09-23T08:18:26.784191181Z 		at reactor.netty.http.server.HttpServerOperations.handleDefaultHttpRequest(HttpServerOperations.java:863)
api-gateway-1  | 2026-09-23T08:18:26.784195810Z 		at reactor.netty.http.server.HttpServerOperations.onInboundNext(HttpServerOperations.java:789)
api-gateway-1  | 2026-09-23T08:18:26.784199497Z 		at reactor.netty.channel.ChannelOperationsHandler.channelRead(ChannelOperationsHandler.java:115)
api-gateway-1  | 2026-09-23T08:18:26.784203114Z 		at io.netty.channel.AbstractChannelHandlerContext.fireChannelRead(AbstractChannelHandlerContext.java:356)
api-gateway-1  | 2026-09-23T08:18:26.784208745Z 		at reactor.netty.http.server.HttpTrafficHandler.channelRead(HttpTrafficHandler.java:283)
api-gateway-1  | 2026-09-23T08:18:26.784212423Z 		at io.netty.channel.AbstractChannelHandlerContext.fireChannelRead(AbstractChannelHandlerContext.java:354)
api-gateway-1  | 2026-09-23T08:18:26.784216160Z 		at io.netty.channel.CombinedChannelDuplexHandler$DelegatingChannelHandlerContext.fireChannelRead(CombinedChannelDuplexHandler.java:434)
api-gateway-1  | 2026-09-23T08:18:26.784219947Z 		at io.netty.handler.codec.ByteToMessageDecoder.fireChannelRead(ByteToMessageDecoder.java:361)
api-gateway-1  | 2026-09-23T08:18:26.784223564Z 		at io.netty.handler.codec.ByteToMessageDecoder.channelRead(ByteToMessageDecoder.java:325)
api-gateway-1  | 2026-09-23T08:18:26.784227151Z 		at io.netty.channel.CombinedChannelDuplexHandler.channelRead(CombinedChannelDuplexHandler.java:249)
api-gateway-1  | 2026-09-23T08:18:26.784230859Z 		at io.netty.channel.AbstractChannelHandlerContext.fireChannelRead(AbstractChannelHandlerContext.java:354)
api-gateway-1  | 2026-09-23T08:18:26.784234466Z 		at io.netty.channel.DefaultChannelPipeline$HeadContext.channelRead(DefaultChannelPipeline.java:1429)
api-gateway-1  | 2026-09-23T08:18:26.784238083Z 		at io.netty.channel.DefaultChannelPipeline.fireChannelRead(DefaultChannelPipeline.java:918)
api-gateway-1  | 2026-09-23T08:18:26.784241640Z 		at io.netty.channel.epoll.AbstractEpollStreamChannel$EpollStreamUnsafe.epollInReady(AbstractEpollStreamChannel.java:804)
api-gateway-1  | 2026-09-23T08:18:26.784245367Z 		at io.netty.channel.epoll.AbstractEpollChannel$AbstractEpollUnsafe.handle(AbstractEpollChannel.java:482)
api-gateway-1  | 2026-09-23T08:18:26.784249074Z 		at io.netty.channel.epoll.EpollIoHandler$DefaultEpollIoRegistration.handle(EpollIoHandler.java:317)
api-gateway-1  | 2026-09-23T08:18:26.784267721Z 		at io.netty.channel.epoll.EpollIoHandler.processReady(EpollIoHandler.java:515)
api-gateway-1  | 2026-09-23T08:18:26.784271318Z 		at io.netty.channel.epoll.EpollIoHandler.run(EpollIoHandler.java:460)
api-gateway-1  | 2026-09-23T08:18:26.784274844Z 		at io.netty.channel.SingleThreadIoEventLoop.runIo(SingleThreadIoEventLoop.java:225)
api-gateway-1  | 2026-09-23T08:18:26.784278401Z 		at io.netty.channel.SingleThreadIoEventLoop.run(SingleThreadIoEventLoop.java:196)
api-gateway-1  | 2026-09-23T08:18:26.784281948Z 		at io.netty.util.concurrent.SingleThreadEventExecutor$5.run(SingleThreadEventExecutor.java:1195)
api-gateway-1  | 2026-09-23T08:18:26.784286628Z 		at io.netty.util.internal.ThreadExecutorMap$2.run(ThreadExecutorMap.java:74)
api-gateway-1  | 2026-09-23T08:18:26.784290675Z 		at io.netty.util.concurrent.FastThreadLocalRunnable.run(FastThreadLocalRunnable.java:30)
api-gateway-1  | 2026-09-23T08:18:26.784302078Z 		at java.base/java.lang.Thread.run(Thread.java:840)
api-gateway-1  | 2026-09-23T08:18:26.784306166Z 
api-gateway-1  | 2026-09-23T08:18:26.789191431Z 2026-09-23T08:18:26.788Z  WARN 1 --- [api-gateway] [or-http-epoll-3] [                                                 ] i.m.o.c.ObservationThreadLocalAccessor   : There is no current scope in thread local. This situation should not happen
api-gateway-1  | 2026-09-23T08:18:26.789808056Z 2026-09-23T08:18:26.789Z  WARN 1 --- [api-gateway] [or-http-epoll-3] [                                                 ] i.m.o.c.ObservationThreadLocalAccessor   : Observation <{name=http.server.requests(http get /api/gateway/owners/{ownerId}), error=org.springframework.web.reactive.function.client.WebClientResponseException$ServiceUnavailable: 503 Service Unavailable from UNKNOWN , context=name='http.server.requests', contextualName='http get /api/gateway/owners/{ownerId}', error='org.springframework.web.reactive.function.client.WebClientResponseException$ServiceUnavailable: 503 Service Unavailable from UNKNOWN ', lowCardinalityKeyValues=[exception='ServiceUnavailable', method='GET', outcome='SERVER_ERROR', status='500', uri='/api/gateway/owners/{ownerId}'], highCardinalityKeyValues=[http.url='/api/gateway/owners/6'], map=[class io.micrometer.tracing.handler.TracingObservationHandler$TracingContext='TracingContext{span=6ab38b529cf7af3c8c45508dabab0505/8c45508dabab0505}', class io.micrometer.core.instrument.Timer$Sample='io.micrometer.core.instrument.Timer$Sample@7e30f4af', class io.micrometer.core.instrument.LongTaskTimer$Sample='SampleImpl{duration(seconds)=-1.0E-9, duration(nanos)=-1.0, startTimeNanos=986063064948}'], parentObservation=null}> to which we're restoring is not the same as the one set as this scope's parent observation <null>. Most likely a manually created Observation has a scope opened that was never closed. This may lead to thread polluting and memory leaks.
api-gateway-1  | 2026-09-23T08:18:28.811669683Z 2026-09-23T08:18:28.811Z  WARN 1 --- [api-gateway] [/api/v2/spans}}] [                                                 ] z.r.i.AsyncReporter$BoundedAsyncReporter : Spans were dropped due to exceptions. All subsequent errors will be logged at FINE level.
api-gateway-1  | 2026-09-23T08:18:28.818809975Z 2026-09-23T08:18:28.811Z  WARN 1 --- [api-gateway] [/api/v2/spans}}] [                                                 ] z.r.i.AsyncReporter$BoundedAsyncReporter : Dropped 1 spans due to ConnectException()
api-gateway-1  | 2026-09-23T08:18:28.818836787Z 
api-gateway-1  | 2026-09-23T08:18:28.818842478Z java.net.ConnectException
api-gateway-1  | 2026-09-23T08:18:28.818847037Z 	at java.net.http/jdk.internal.net.http.HttpClientImpl.send(HttpClientImpl.java:900)
api-gateway-1  | 2026-09-23T08:18:28.818852167Z 	at java.net.http/jdk.internal.net.http.HttpClientFacade.send(HttpClientFacade.java:133)
api-gateway-1  | 2026-09-23T08:18:28.818856616Z 	at org.springframework.boot.zipkin.autoconfigure.ZipkinHttpClientSender.postSpans(ZipkinHttpClientSender.java:59)
api-gateway-1  | 2026-09-23T08:18:28.818861155Z 	at org.springframework.boot.zipkin.autoconfigure.HttpSender.postSpans(HttpSender.java:69)
api-gateway-1  | 2026-09-23T08:18:28.818865142Z 	at org.springframework.boot.zipkin.autoconfigure.HttpSender.postSpans(HttpSender.java:41)
api-gateway-1  | 2026-09-23T08:18:28.818869821Z 	at zipkin2.reporter.BaseHttpSender.send(BaseHttpSender.java:123)
api-gateway-1  | 2026-09-23T08:18:28.818874050Z 	at zipkin2.reporter.internal.AsyncReporter$BoundedAsyncReporter.flush(AsyncReporter.java:266)
api-gateway-1  | 2026-09-23T08:18:28.818878178Z 	at zipkin2.reporter.internal.AsyncReporter$Flusher.run(AsyncReporter.java:352)
api-gateway-1  | 2026-09-23T08:18:28.818896794Z 	at java.base/java.lang.Thread.run(Thread.java:840)
api-gateway-1  | 2026-09-23T08:18:28.818900111Z Caused by: java.net.ConnectException
api-gateway-1  | 2026-09-23T08:18:28.818902756Z 	at java.net.http/jdk.internal.net.http.common.Utils.toConnectException(Utils.java:1107)
api-gateway-1  | 2026-09-23T08:18:28.818905421Z 	at java.net.http/jdk.internal.net.http.PlainHttpConnection.connectAsync(PlainHttpConnection.java:203)
api-gateway-1  | 2026-09-23T08:18:28.818908126Z 	at java.net.http/jdk.internal.net.http.Http1Exchange.sendHeadersAsync(Http1Exchange.java:308)
api-gateway-1  | 2026-09-23T08:18:28.818910761Z 	at java.net.http/jdk.internal.net.http.Exchange.lambda$responseAsyncImpl0$8(Exchange.java:564)
api-gateway-1  | 2026-09-23T08:18:28.818913407Z 	at java.net.http/jdk.internal.net.http.Exchange.checkFor407(Exchange.java:435)
api-gateway-1  | 2026-09-23T08:18:28.818916022Z 	at java.net.http/jdk.internal.net.http.Exchange.lambda$responseAsyncImpl0$9(Exchange.java:568)
api-gateway-1  | 2026-09-23T08:18:28.818918707Z 	at java.base/java.util.concurrent.CompletableFuture.uniHandle(CompletableFuture.java:934)
api-gateway-1  | 2026-09-23T08:18:28.818921322Z 	at java.base/java.util.concurrent.CompletableFuture.uniHandleStage(CompletableFuture.java:950)
api-gateway-1  | 2026-09-23T08:18:28.818923967Z 	at java.base/java.util.concurrent.CompletableFuture.handle(CompletableFuture.java:2340)
api-gateway-1  | 2026-09-23T08:18:28.818926592Z 	at java.net.http/jdk.internal.net.http.Exchange.responseAsyncImpl0(Exchange.java:568)
api-gateway-1  | 2026-09-23T08:18:28.818929648Z 	at java.net.http/jdk.internal.net.http.Exchange.responseAsyncImpl(Exchange.java:411)
api-gateway-1  | 2026-09-23T08:18:28.818935760Z 	at java.net.http/jdk.internal.net.http.Exchange.responseAsync(Exchange.java:403)
api-gateway-1  | 2026-09-23T08:18:28.818940129Z 	at java.net.http/jdk.internal.net.http.MultiExchange.responseAsyncImpl(MultiExchange.java:430)
api-gateway-1  | 2026-09-23T08:18:28.818943996Z 	at java.net.http/jdk.internal.net.http.MultiExchange.lambda$responseAsyncImpl$7(MultiExchange.java:471)
api-gateway-1  | 2026-09-23T08:18:28.818948285Z 	at java.base/java.util.concurrent.CompletableFuture.uniHandle(CompletableFuture.java:934)
api-gateway-1  | 2026-09-23T08:18:28.818952333Z 	at java.base/java.util.concurrent.CompletableFuture.uniHandleStage(CompletableFuture.java:950)
api-gateway-1  | 2026-09-23T08:18:28.818955008Z 	at java.base/java.util.concurrent.CompletableFuture.handle(CompletableFuture.java:2340)
api-gateway-1  | 2026-09-23T08:18:28.818957613Z 	at java.net.http/jdk.internal.net.http.MultiExchange.responseAsyncImpl(MultiExchange.java:461)
api-gateway-1  | 2026-09-23T08:18:28.818960268Z 	at java.net.http/jdk.internal.net.http.MultiExchange.lambda$responseAsync0$2(MultiExchange.java:350)
api-gateway-1  | 2026-09-23T08:18:28.818962933Z 	at java.base/java.util.concurrent.CompletableFuture$UniCompose.tryFire(CompletableFuture.java:1150)
api-gateway-1  | 2026-09-23T08:18:28.818965729Z 	at java.base/java.util.concurrent.CompletableFuture.postComplete(CompletableFuture.java:510)
api-gateway-1  | 2026-09-23T08:18:28.818968354Z 	at java.base/java.util.concurrent.CompletableFuture$AsyncSupply.run(CompletableFuture.java:1773)
api-gateway-1  | 2026-09-23T08:18:28.818971410Z 	at java.net.http/jdk.internal.net.http.HttpClientImpl$DelegatingExecutor.execute(HttpClientImpl.java:174)
api-gateway-1  | 2026-09-23T08:18:28.818983924Z 	at java.base/java.util.concurrent.CompletableFuture.completeAsync(CompletableFuture.java:2673)
api-gateway-1  | 2026-09-23T08:18:28.818988613Z 	at java.net.http/jdk.internal.net.http.MultiExchange.responseAsync(MultiExchange.java:303)
api-gateway-1  | 2026-09-23T08:18:28.818992641Z 	at java.net.http/jdk.internal.net.http.HttpClientImpl.sendAsync(HttpClientImpl.java:991)
api-gateway-1  | 2026-09-23T08:18:28.818996859Z 	at java.net.http/jdk.internal.net.http.HttpClientImpl.send(HttpClientImpl.java:878)
api-gateway-1  | 2026-09-23T08:18:28.819000968Z 	... 8 common frames omitted
api-gateway-1  | 2026-09-23T08:18:28.819004955Z Caused by: java.nio.channels.UnresolvedAddressException
api-gateway-1  | 2026-09-23T08:18:28.819008893Z 	at java.base/sun.nio.ch.Net.checkAddress(Net.java:159)
api-gateway-1  | 2026-09-23T08:18:28.819011528Z 	at java.base/sun.nio.ch.Net.checkAddress(Net.java:167)
api-gateway-1  | 2026-09-23T08:18:28.819014113Z 	at java.base/sun.nio.ch.SocketChannelImpl.checkRemote(SocketChannelImpl.java:816)
api-gateway-1  | 2026-09-23T08:18:28.819016728Z 	at java.base/sun.nio.ch.SocketChannelImpl.connect(SocketChannelImpl.java:839)
api-gateway-1  | 2026-09-23T08:18:28.819019404Z 	at java.net.http/jdk.internal.net.http.PlainHttpConnection.lambda$connectAsync$0(PlainHttpConnection.java:187)
api-gateway-1  | 2026-09-23T08:18:28.819022480Z 	at java.base/java.security.AccessController.doPrivileged(AccessController.java:569)
api-gateway-1  | 2026-09-23T08:18:28.819025135Z 	at java.net.http/jdk.internal.net.http.PlainHttpConnection.connectAsync(PlainHttpConnection.java:189)
api-gateway-1  | 2026-09-23T08:18:28.819027800Z 	... 33 common frames omitted
api-gateway-1  | 2026-09-23T08:18:28.819030365Z 
api-gateway-1  | 2026-09-23T08:18:29.802047795Z 2026-09-23T08:18:29.801Z  WARN 1 --- [api-gateway] [or-http-epoll-4] [6ab38b55c9654740fac5f0c26d82b400-fac5f0c26d82b400] i.m.o.c.ObservationThreadLocalAccessor   : Observation <{name=http.server.requests(null), error=null, context=name='http.server.requests', contextualName='null', error='null', lowCardinalityKeyValues=[exception='none', method='GET', outcome='SUCCESS', status='200', uri='UNKNOWN'], highCardinalityKeyValues=[http.url='/api/gateway/owners/6'], map=[class io.micrometer.tracing.handler.TracingObservationHandler$TracingContext='TracingContext{span=6ab38b55c9654740fac5f0c26d82b400/fac5f0c26d82b400}', class io.micrometer.core.instrument.Timer$Sample='io.micrometer.core.instrument.Timer$Sample@2fffdc8b', class io.micrometer.core.instrument.LongTaskTimer$Sample='SampleImpl{duration(seconds)=0.003155401, duration(nanos)=3155401.0, startTimeNanos=989098282295}'], parentObservation=null}> to which we're restoring is not the same as the one set as this scope's parent observation <null>. Most likely a manually created Observation has a scope opened that was never closed. This may lead to thread polluting and memory leaks.
api-gateway-1  | 2026-09-23T08:18:29.804262429Z 2026-09-23T08:18:29.803Z  WARN 1 --- [api-gateway] [or-http-epoll-4] [                                                 ] o.s.c.l.core.RoundRobinLoadBalancer      : No servers available for service: customers-service
api-gateway-1  | 2026-09-23T08:18:29.804436431Z 2026-09-23T08:18:29.804Z  WARN 1 --- [api-gateway] [or-http-epoll-4] [                                                 ] eactorLoadBalancerExchangeFilterFunction : LoadBalancer does not contain an instance for the service customers-service
api-gateway-1  | 2026-09-23T08:18:29.808414245Z 2026-09-23T08:18:29.806Z ERROR 1 --- [api-gateway] [or-http-epoll-4] [6ab38b55c9654740fac5f0c26d82b400-fac5f0c26d82b400] b.w.a.e.AbstractErrorWebExceptionHandler : [078e5733-3]  500 Server Error for HTTP GET "/api/gateway/owners/6"
api-gateway-1  | 2026-09-23T08:18:29.808450356Z 
api-gateway-1  | 2026-09-23T08:18:29.808454123Z org.springframework.web.reactive.function.client.WebClientResponseException$ServiceUnavailable: 503 Service Unavailable from UNKNOWN 
api-gateway-1  | 2026-09-23T08:18:29.808457109Z 	at org.springframework.web.reactive.function.client.WebClientResponseException.create(WebClientResponseException.java:322)
api-gateway-1  | 2026-09-23T08:18:29.808460225Z 	Suppressed: The stacktrace has been enhanced by Reactor, refer to additional information below: 
api-gateway-1  | 2026-09-23T08:18:29.808462980Z Error has been observed at the following site(s):
api-gateway-1  | 2026-09-23T08:18:29.808465636Z 	*__checkpoint ⇢ 503 SERVICE_UNAVAILABLE from GET http://customers-service/owners/6 [DefaultWebClient]
api-gateway-1  | 2026-09-23T08:18:29.808468892Z 	*__checkpoint ⇢ Handler org.springframework.samples.petclinic.api.boundary.web.ApiGatewayController#getOwnerDetails(int) [DispatcherHandler]
api-gateway-1  | 2026-09-23T08:18:29.808471778Z 	*__checkpoint ⇢ org.springframework.cloud.gateway.filter.WeightCalculatorWebFilter@5d94ac8a
api-gateway-1  | 2026-09-23T08:18:29.808474443Z 	*__checkpoint ⇢ HTTP GET "/api/gateway/owners/6" [ExceptionHandlingWebHandler]
api-gateway-1  | 2026-09-23T08:18:29.808477178Z Original Stack Trace:
api-gateway-1  | 2026-09-23T08:18:29.808479763Z 		at org.springframework.web.reactive.function.client.WebClientResponseException.create(WebClientResponseException.java:322)
api-gateway-1  | 2026-09-23T08:18:29.808482949Z 		at org.springframework.web.reactive.function.client.DefaultClientResponse.lambda$createException$1(DefaultClientResponse.java:214)
api-gateway-1  | 2026-09-23T08:18:29.808485705Z 		at reactor.core.publisher.FluxMap$MapSubscriber.onNext(FluxMap.java:106)
api-gateway-1  | 2026-09-23T08:18:29.808488320Z 		at reactor.core.publisher.FluxOnErrorReturn$ReturnSubscriber.onNext(FluxOnErrorReturn.java:159)
api-gateway-1  | 2026-09-23T08:18:29.808490975Z 		at reactor.core.publisher.FluxDefaultIfEmpty$DefaultIfEmptySubscriber.onNext(FluxDefaultIfEmpty.java:123)
api-gateway-1  | 2026-09-23T08:18:29.808493700Z 		at reactor.core.publisher.FluxMapFuseable$MapFuseableSubscriber.onNext(FluxMapFuseable.java:130)
api-gateway-1  | 2026-09-23T08:18:29.808496396Z 		at reactor.core.publisher.FluxContextWrite$ContextWriteSubscriber.onNext(FluxContextWrite.java:109)
api-gateway-1  | 2026-09-23T08:18:29.808499081Z 		at reactor.core.publisher.FluxMapFuseable$MapFuseableConditionalSubscriber.onNext(FluxMapFuseable.java:300)
api-gateway-1  | 2026-09-23T08:18:29.808502728Z 		at reactor.core.publisher.FluxFilterFuseable$FilterFuseableConditionalSubscriber.onNext(FluxFilterFuseable.java:338)
api-gateway-1  | 2026-09-23T08:18:29.808505483Z 		at reactor.core.publisher.Operators$BaseFluxToMonoOperator.completePossiblyEmpty(Operators.java:2093)
api-gateway-1  | 2026-09-23T08:18:29.808508189Z 		at reactor.core.publisher.MonoCollect$CollectSubscriber.onComplete(MonoCollect.java:144)
api-gateway-1  | 2026-09-23T08:18:29.808510854Z 		at reactor.core.publisher.FluxMapFuseable$MapFuseableSubscriber.onComplete(FluxMapFuseable.java:153)
api-gateway-1  | 2026-09-23T08:18:29.808531895Z 		at reactor.core.publisher.Operators$ScalarSubscription.request(Operators.java:2567)
api-gateway-1  | 2026-09-23T08:18:29.808534771Z 		at reactor.core.publisher.FluxMapFuseable$MapFuseableSubscriber.request(FluxMapFuseable.java:172)
api-gateway-1  | 2026-09-23T08:18:29.808537486Z 		at reactor.core.publisher.Operators$BaseFluxToMonoOperator.request(Operators.java:2063)
api-gateway-1  | 2026-09-23T08:18:29.808540091Z 		at reactor.core.publisher.FluxFilterFuseable$FilterFuseableConditionalSubscriber.request(FluxFilterFuseable.java:411)
api-gateway-1  | 2026-09-23T08:18:29.808542746Z 		at reactor.core.publisher.FluxMapFuseable$MapFuseableConditionalSubscriber.request(FluxMapFuseable.java:361)
api-gateway-1  | 2026-09-23T08:18:29.808545381Z 		at reactor.core.publisher.FluxContextWrite$ContextWriteSubscriber.request(FluxContextWrite.java:138)
api-gateway-1  | 2026-09-23T08:18:29.808548077Z 		at reactor.core.publisher.FluxMapFuseable$MapFuseableSubscriber.request(FluxMapFuseable.java:172)
api-gateway-1  | 2026-09-23T08:18:29.808550702Z 		at reactor.core.publisher.FluxDefaultIfEmpty$DefaultIfEmptySubscriber.request(FluxDefaultIfEmpty.java:99)
api-gateway-1  | 2026-09-23T08:18:29.808553347Z 		at reactor.core.publisher.FluxOnErrorReturn$ReturnSubscriber.request(FluxOnErrorReturn.java:150)
api-gateway-1  | 2026-09-23T08:18:29.808555962Z 		at reactor.core.publisher.FluxMap$MapSubscriber.request(FluxMap.java:163)
api-gateway-1  | 2026-09-23T08:18:29.808558567Z 		at reactor.core.publisher.MonoFlatMap$FlatMapMain.request(MonoFlatMap.java:195)
api-gateway-1  | 2026-09-23T08:18:29.808561182Z 		at reactor.core.publisher.Operators$MultiSubscriptionSubscriber.set(Operators.java:2361)
api-gateway-1  | 2026-09-23T08:18:29.808563807Z 		at reactor.core.publisher.FluxOnErrorResume$ResumeSubscriber.onSubscribe(FluxOnErrorResume.java:75)
api-gateway-1  | 2026-09-23T08:18:29.808566442Z 		at reactor.core.publisher.MonoFlatMap$FlatMapMain.onSubscribe(MonoFlatMap.java:118)
api-gateway-1  | 2026-09-23T08:18:29.808569058Z 		at reactor.core.publisher.FluxMap$MapSubscriber.onSubscribe(FluxMap.java:92)
api-gateway-1  | 2026-09-23T08:18:29.808571683Z 		at reactor.core.publisher.FluxOnErrorReturn$ReturnSubscriber.onSubscribe(FluxOnErrorReturn.java:92)
api-gateway-1  | 2026-09-23T08:18:29.808574308Z 		at reactor.core.publisher.Operators$BaseFluxToMonoOperator.onSubscribe(Operators.java:2047)
api-gateway-1  | 2026-09-23T08:18:29.808576953Z 		at reactor.core.publisher.FluxMapFuseable$MapFuseableSubscriber.onSubscribe(FluxMapFuseable.java:96)
api-gateway-1  | 2026-09-23T08:18:29.808579839Z 		at reactor.core.publisher.FluxContextWrite$ContextWriteSubscriber.onSubscribe(FluxContextWrite.java:103)
api-gateway-1  | 2026-09-23T08:18:29.808582494Z 		at reactor.core.publisher.FluxMapFuseable$MapFuseableConditionalSubscriber.onSubscribe(FluxMapFuseable.java:265)
api-gateway-1  | 2026-09-23T08:18:29.808704111Z 		at reactor.core.publisher.FluxFilterFuseable$FilterFuseableConditionalSubscriber.onSubscribe(FluxFilterFuseable.java:305)
api-gateway-1  | 2026-09-23T08:18:29.808712107Z 		at reactor.core.publisher.Operators$BaseFluxToMonoOperator.onSubscribe(Operators.java:2047)
api-gateway-1  | 2026-09-23T08:18:29.808716856Z 		at reactor.core.publisher.FluxMapFuseable$MapFuseableSubscriber.onSubscribe(FluxMapFuseable.java:96)
api-gateway-1  | 2026-09-23T08:18:29.808730763Z 		at reactor.core.publisher.FluxJust.subscribe(FluxJust.java:69)
api-gateway-1  | 2026-09-23T08:18:29.808735112Z 		at reactor.core.publisher.InternalMonoOperator.subscribe(InternalMonoOperator.java:75)
api-gateway-1  | 2026-09-23T08:18:29.808739240Z 		at reactor.core.publisher.MonoFlatMap$FlatMapMain.onNext(MonoFlatMap.java:166)
api-gateway-1  | 2026-09-23T08:18:29.808744500Z 		at reactor.core.publisher.MonoContextWriteRestoringThreadLocals$ContextWriteRestoringThreadLocalsSubscriber.onNext(MonoContextWriteRestoringThreadLocals.java:111)
api-gateway-1  | 2026-09-23T08:18:29.808749189Z 		at reactor.core.publisher.FluxDoFinally$DoFinallySubscriber.onNext(FluxDoFinally.java:113)
api-gateway-1  | 2026-09-23T08:18:29.808753277Z 		at reactor.core.publisher.MonoPeekTerminal$MonoTerminalPeekSubscriber.onNext(MonoPeekTerminal.java:184)
api-gateway-1  | 2026-09-23T08:18:29.808756403Z 		at reactor.core.publisher.FluxPeekFuseable$PeekConditionalSubscriber.onNext(FluxPeekFuseable.java:850)
api-gateway-1  | 2026-09-23T08:18:29.808759008Z 		at reactor.core.publisher.FluxSwitchIfEmpty$SwitchIfEmptySubscriber.onNext(FluxSwitchIfEmpty.java:75)
api-gateway-1  | 2026-09-23T08:18:29.808761644Z 		at reactor.core.publisher.MonoFlatMap$FlatMapMain.onNext(MonoFlatMap.java:159)
api-gateway-1  | 2026-09-23T08:18:29.808764259Z 		at reactor.core.publisher.FluxMap$MapSubscriber.onNext(FluxMap.java:122)
api-gateway-1  | 2026-09-23T08:18:29.808766874Z 		at reactor.core.publisher.MonoNext$NextSubscriber.onNext(MonoNext.java:83)
api-gateway-1  | 2026-09-23T08:18:29.808769489Z 		at reactor.core.publisher.FluxDematerialize$DematerializeSubscriber.onNext(FluxDematerialize.java:102)
api-gateway-1  | 2026-09-23T08:18:29.808772134Z 		at reactor.core.publisher.FluxDematerialize$DematerializeSubscriber.onNext(FluxDematerialize.java:44)
api-gateway-1  | 2026-09-23T08:18:29.808774769Z 		at reactor.core.publisher.FluxFlattenIterable$FlattenIterableSubscriber.drainAsync(FluxFlattenIterable.java:455)
api-gateway-1  | 2026-09-23T08:18:29.808777414Z 		at reactor.core.publisher.FluxFlattenIterable$FlattenIterableSubscriber.drain(FluxFlattenIterable.java:726)
api-gateway-1  | 2026-09-23T08:18:29.808781853Z 		at reactor.core.publisher.FluxFlattenIterable$FlattenIterableSubscriber.onNext(FluxFlattenIterable.java:258)
api-gateway-1  | 2026-09-23T08:18:29.808784578Z 		at reactor.core.publisher.FluxSwitchIfEmpty$SwitchIfEmptySubscriber.onNext(FluxSwitchIfEmpty.java:75)
api-gateway-1  | 2026-09-23T08:18:29.808787234Z 		at reactor.core.publisher.MonoFlatMap$FlatMapMain.secondComplete(MonoFlatMap.java:246)
api-gateway-1  | 2026-09-23T08:18:29.808789859Z 		at reactor.core.publisher.MonoFlatMap$FlatMapInner.onNext(MonoFlatMap.java:307)
api-gateway-1  | 2026-09-23T08:18:29.808792474Z 		at reactor.core.publisher.MonoIgnoreThen$ThenIgnoreMain.complete(MonoIgnoreThen.java:297)
api-gateway-1  | 2026-09-23T08:18:29.808795109Z 		at reactor.core.publisher.MonoIgnoreThen$ThenIgnoreMain.onNext(MonoIgnoreThen.java:191)
api-gateway-1  | 2026-09-23T08:18:29.808797734Z 		at reactor.core.publisher.MonoIgnoreThen$ThenIgnoreMain.subscribeNext(MonoIgnoreThen.java:240)
api-gateway-1  | 2026-09-23T08:18:29.808800469Z 		at reactor.core.publisher.MonoIgnoreThen$ThenIgnoreMain.onComplete(MonoIgnoreThen.java:207)
api-gateway-1  | 2026-09-23T08:18:29.808812834Z 		at reactor.core.publisher.MonoIgnoreElements$IgnoreElementsSubscriber.onComplete(MonoIgnoreElements.java:89)
api-gateway-1  | 2026-09-23T08:18:29.808817713Z 		at reactor.core.publisher.FluxPeek$PeekSubscriber.onComplete(FluxPeek.java:263)
api-gateway-1  | 2026-09-23T08:18:29.808821811Z 		at reactor.core.publisher.FluxDematerialize$DematerializeSubscriber.onComplete(FluxDematerialize.java:125)
api-gateway-1  | 2026-09-23T08:18:29.808825809Z 		at reactor.core.publisher.FluxDematerialize$DematerializeSubscriber.onNext(FluxDematerialize.java:91)
api-gateway-1  | 2026-09-23T08:18:29.808829476Z 		at reactor.core.publisher.FluxDematerialize$DematerializeSubscriber.onNext(FluxDematerialize.java:44)
api-gateway-1  | 2026-09-23T08:18:29.808832933Z 		at reactor.core.publisher.FluxIterable$IterableSubscription.fastPath(FluxIterable.java:402)
api-gateway-1  | 2026-09-23T08:18:29.808836420Z 		at reactor.core.publisher.FluxIterable$IterableSubscription.request(FluxIterable.java:291)
api-gateway-1  | 2026-09-23T08:18:29.808840007Z 		at reactor.core.publisher.FluxDematerialize$DematerializeSubscriber.request(FluxDematerialize.java:131)
api-gateway-1  | 2026-09-23T08:18:29.808843544Z 		at reactor.core.publisher.FluxPeek$PeekSubscriber.request(FluxPeek.java:141)
api-gateway-1  | 2026-09-23T08:18:29.808847010Z 		at reactor.core.publisher.MonoIgnoreElements$IgnoreElementsSubscriber.onSubscribe(MonoIgnoreElements.java:72)
api-gateway-1  | 2026-09-23T08:18:29.808850948Z 		at reactor.core.publisher.FluxPeek$PeekSubscriber.onSubscribe(FluxPeek.java:174)
api-gateway-1  | 2026-09-23T08:18:29.808980774Z 		at reactor.core.publisher.FluxDematerialize$DematerializeSubscriber.onSubscribe(FluxDematerialize.java:77)
api-gateway-1  | 2026-09-23T08:18:29.808986055Z 		at reactor.core.publisher.FluxIterable.subscribe(FluxIterable.java:200)
api-gateway-1  | 2026-09-23T08:18:29.808991215Z 		at reactor.core.publisher.FluxIterable.subscribe(FluxIterable.java:82)
api-gateway-1  | 2026-09-23T08:18:29.808995002Z 		at reactor.core.publisher.Mono.subscribe(Mono.java:4569)
api-gateway-1  | 2026-09-23T08:18:29.808998729Z 		at reactor.core.publisher.MonoIgnoreThen$ThenIgnoreMain.subscribeNext(MonoIgnoreThen.java:268)
api-gateway-1  | 2026-09-23T08:18:29.809002487Z 		at reactor.core.publisher.MonoIgnoreThen.subscribe(MonoIgnoreThen.java:51)
api-gateway-1  | 2026-09-23T08:18:29.809006234Z 		at reactor.core.publisher.MonoFlatMap$FlatMapMain.onNext(MonoFlatMap.java:166)
api-gateway-1  | 2026-09-23T08:18:29.809010092Z 		at reactor.core.publisher.Operators$BaseFluxToMonoOperator.completePossiblyEmpty(Operators.java:2093)
api-gateway-1  | 2026-09-23T08:18:29.809013859Z 		at reactor.core.publisher.MonoCollectList$MonoCollectListSubscriber.onComplete(MonoCollectList.java:117)
api-gateway-1  | 2026-09-23T08:18:29.809017676Z 		at reactor.core.publisher.DrainUtils.postCompleteDrain(DrainUtils.java:132)
api-gateway-1  | 2026-09-23T08:18:29.809021404Z 		at reactor.core.publisher.DrainUtils.postComplete(DrainUtils.java:187)
api-gateway-1  | 2026-09-23T08:18:29.809025201Z 		at reactor.core.publisher.FluxMaterialize$MaterializeSubscriber.onComplete(FluxMaterialize.java:141)
api-gateway-1  | 2026-09-23T08:18:29.809028948Z 		at reactor.core.publisher.FluxLimitRequest$FluxLimitRequestSubscriber.onNext(FluxLimitRequest.java:104)
api-gateway-1  | 2026-09-23T08:18:29.809042916Z 		at reactor.core.publisher.FluxOnErrorResume$ResumeSubscriber.onNext(FluxOnErrorResume.java:80)
api-gateway-1  | 2026-09-23T08:18:29.809048126Z 		at reactor.core.publisher.SerializedSubscriber.onNext(SerializedSubscriber.java:100)
api-gateway-1  | 2026-09-23T08:18:29.809052214Z 		at reactor.core.publisher.FluxTimeout$TimeoutMainSubscriber.onNext(FluxTimeout.java:182)
api-gateway-1  | 2026-09-23T08:18:29.809056061Z 		at reactor.core.publisher.Operators$BaseFluxToMonoOperator.completePossiblyEmpty(Operators.java:2093)
api-gateway-1  | 2026-09-23T08:18:29.809059648Z 		at reactor.core.publisher.MonoCollectList$MonoCollectListSubscriber.onComplete(MonoCollectList.java:117)
api-gateway-1  | 2026-09-23T08:18:29.809063095Z 		at reactor.core.publisher.FluxContextWriteRestoringThreadLocals$ContextWriteRestoringThreadLocalsSubscriber.onComplete(FluxContextWriteRestoringThreadLocals.java:150)
api-gateway-1  | 2026-09-23T08:18:29.809066933Z 		at org.springframework.cloud.commons.publisher.FluxFirstNonEmptyEmitting$FirstNonEmptyEmittingSubscriber.onComplete(FluxFirstNonEmptyEmitting.java:325)
api-gateway-1  | 2026-09-23T08:18:29.809070920Z 		at reactor.core.publisher.Operators.complete(Operators.java:137)
api-gateway-1  | 2026-09-23T08:18:29.809074417Z 		at reactor.core.publisher.FluxIterable.subscribe(FluxIterable.java:143)
api-gateway-1  | 2026-09-23T08:18:29.809078425Z 		at reactor.core.publisher.FluxIterable.subscribe(FluxIterable.java:82)
api-gateway-1  | 2026-09-23T08:18:29.809082142Z 		at reactor.core.publisher.Flux.subscribe(Flux.java:8888)
api-gateway-1  | 2026-09-23T08:18:29.809086731Z 		at org.springframework.cloud.commons.publisher.FluxFirstNonEmptyEmitting$RaceCoordinator.subscribe(FluxFirstNonEmptyEmitting.java:203)
api-gateway-1  | 2026-09-23T08:18:29.809090619Z 		at org.springframework.cloud.commons.publisher.FluxFirstNonEmptyEmitting.subscribe(FluxFirstNonEmptyEmitting.java:128)
api-gateway-1  | 2026-09-23T08:18:29.809094246Z 		at reactor.core.publisher.InternalFluxOperator.subscribe(InternalFluxOperator.java:67)
api-gateway-1  | 2026-09-23T08:18:29.809098053Z 		at reactor.core.publisher.FluxDefer.subscribe(FluxDefer.java:55)
api-gateway-1  | 2026-09-23T08:18:29.809102402Z 		at reactor.core.publisher.InternalFluxOperator.subscribe(InternalFluxOperator.java:67)
api-gateway-1  | 2026-09-23T08:18:29.809106049Z 		at reactor.core.publisher.FluxDefer.subscribe(FluxDefer.java:55)
api-gateway-1  | 2026-09-23T08:18:29.809109405Z 		at reactor.core.publisher.Mono.subscribe(Mono.java:4569)
api-gateway-1  | 2026-09-23T08:18:29.809113123Z 		at reactor.core.publisher.FluxSwitchIfEmpty$SwitchIfEmptySubscriber.onComplete(FluxSwitchIfEmpty.java:83)
api-gateway-1  | 2026-09-23T08:18:29.809116840Z 		at reactor.core.publisher.Operators.complete(Operators.java:137)
api-gateway-1  | 2026-09-23T08:18:29.809120377Z 		at reactor.core.publisher.MonoEmpty.subscribe(MonoEmpty.java:46)
api-gateway-1  | 2026-09-23T08:18:29.809123964Z 		at reactor.core.publisher.InternalFluxOperator.subscribe(InternalFluxOperator.java:67)
api-gateway-1  | 2026-09-23T08:18:29.809127621Z 		at reactor.core.publisher.FluxDefer.subscribe(FluxDefer.java:55)
api-gateway-1  | 2026-09-23T08:18:29.809131278Z 		at reactor.core.publisher.InternalMonoOperator.subscribe(InternalMonoOperator.java:75)
api-gateway-1  | 2026-09-23T08:18:29.809142480Z 		at reactor.core.publisher.MonoDefer.subscribe(MonoDefer.java:54)
api-gateway-1  | 2026-09-23T08:18:29.809146037Z 		at reactor.core.publisher.InternalMonoOperator.subscribe(InternalMonoOperator.java:75)
api-gateway-1  | 2026-09-23T08:18:29.809149654Z 		at reactor.core.publisher.MonoContextWriteRestoringThreadLocals.subscribe(MonoContextWriteRestoringThreadLocals.java:44)
api-gateway-1  | 2026-09-23T08:18:29.809156247Z 		at reactor.core.publisher.MonoDeferContextual.subscribe(MonoDeferContextual.java:56)
api-gateway-1  | 2026-09-23T08:18:29.809159824Z 		at reactor.core.publisher.FluxFromMonoOperator.subscribe(FluxFromMonoOperator.java:83)
api-gateway-1  | 2026-09-23T08:18:29.809163421Z 		at reactor.core.publisher.FluxDeferContextual.subscribe(FluxDeferContextual.java:58)
api-gateway-1  | 2026-09-23T08:18:29.809167278Z 		at reactor.core.publisher.InternalMonoOperator.subscribe(InternalMonoOperator.java:75)
api-gateway-1  | 2026-09-23T08:18:29.809170805Z 		at reactor.core.publisher.MonoFlatMap$FlatMapMain.onNext(MonoFlatMap.java:166)
api-gateway-1  | 2026-09-23T08:18:29.809174513Z 		at reactor.core.publisher.FluxOnErrorResume$ResumeSubscriber.onNext(FluxOnErrorResume.java:80)
api-gateway-1  | 2026-09-23T08:18:29.809178150Z 		at reactor.core.publisher.FluxOnErrorResume$ResumeSubscriber.onNext(FluxOnErrorResume.java:80)
api-gateway-1  | 2026-09-23T08:18:29.809181827Z 		at reactor.core.publisher.FluxPeek$PeekSubscriber.onNext(FluxPeek.java:203)
api-gateway-1  | 2026-09-23T08:18:29.809186135Z 		at reactor.core.publisher.MonoIgnoreThen$ThenIgnoreMain.complete(MonoIgnoreThen.java:297)
api-gateway-1  | 2026-09-23T08:18:29.809189883Z 		at reactor.core.publisher.MonoIgnoreThen$ThenIgnoreMain.onNext(MonoIgnoreThen.java:191)
api-gateway-1  | 2026-09-23T08:18:29.809193490Z 		at reactor.core.publisher.MonoFlatMap$FlatMapMain.onNext(MonoFlatMap.java:159)
api-gateway-1  | 2026-09-23T08:18:29.809196946Z 		at reactor.core.publisher.MonoZip$ZipCoordinator.signal(MonoZip.java:296)
api-gateway-1  | 2026-09-23T08:18:29.809200433Z 		at reactor.core.publisher.MonoZip$ZipInner.onNext(MonoZip.java:480)
api-gateway-1  | 2026-09-23T08:18:29.809203730Z 		at reactor.core.publisher.MonoPeekTerminal$MonoTerminalPeekSubscriber.onNext(MonoPeekTerminal.java:184)
api-gateway-1  | 2026-09-23T08:18:29.809207226Z 		at reactor.core.publisher.FluxDefaultIfEmpty$DefaultIfEmptySubscriber.onNext(FluxDefaultIfEmpty.java:123)
api-gateway-1  | 2026-09-23T08:18:29.809210823Z 		at reactor.core.publisher.FluxSwitchIfEmpty$SwitchIfEmptySubscriber.onNext(FluxSwitchIfEmpty.java:75)
api-gateway-1  | 2026-09-23T08:18:29.809214471Z 		at reactor.core.publisher.Operators$ScalarSubscription.request(Operators.java:2565)
api-gateway-1  | 2026-09-23T08:18:29.809239329Z 		at reactor.core.publisher.Operators$MultiSubscriptionSubscriber.set(Operators.java:2361)
api-gateway-1  | 2026-09-23T08:18:29.809244169Z 		at reactor.core.publisher.Operators$MultiSubscriptionSubscriber.onSubscribe(Operators.java:2235)
api-gateway-1  | 2026-09-23T08:18:29.809247986Z 		at reactor.core.publisher.FluxFlatMap.trySubscribeScalarMap(FluxFlatMap.java:193)
api-gateway-1  | 2026-09-23T08:18:29.809251844Z 		at reactor.core.publisher.MonoFlatMap.subscribeOrReturn(MonoFlatMap.java:53)
api-gateway-1  | 2026-09-23T08:18:29.809265550Z 		at reactor.core.publisher.InternalMonoOperator.subscribe(InternalMonoOperator.java:62)
api-gateway-1  | 2026-09-23T08:18:29.809270169Z 		at reactor.core.publisher.MonoZip$ZipCoordinator.request(MonoZip.java:219)
api-gateway-1  | 2026-09-23T08:18:29.809274327Z 		at reactor.core.publisher.MonoFlatMap$FlatMapMain.request(MonoFlatMap.java:195)
api-gateway-1  | 2026-09-23T08:18:29.809278145Z 		at reactor.core.publisher.MonoIgnoreThen$ThenIgnoreMain.onSubscribe(MonoIgnoreThen.java:135)
api-gateway-1  | 2026-09-23T08:18:29.809281842Z 		at reactor.core.publisher.MonoFlatMap$FlatMapMain.onSubscribe(MonoFlatMap.java:118)
api-gateway-1  | 2026-09-23T08:18:29.809285660Z 		at reactor.core.publisher.MonoZip.subscribe(MonoZip.java:129)
api-gateway-1  | 2026-09-23T08:18:29.809289417Z 		at reactor.core.publisher.InternalMonoOperator.subscribe(InternalMonoOperator.java:75)
api-gateway-1  | 2026-09-23T08:18:29.809293214Z 		at reactor.core.publisher.MonoDefer.subscribe(MonoDefer.java:54)
api-gateway-1  | 2026-09-23T08:18:29.809296912Z 		at reactor.core.publisher.MonoIgnoreThen$ThenIgnoreMain.subscribeNext(MonoIgnoreThen.java:244)
api-gateway-1  | 2026-09-23T08:18:29.809300639Z 		at reactor.core.publisher.MonoIgnoreThen$ThenIgnoreMain.onComplete(MonoIgnoreThen.java:207)
api-gateway-1  | 2026-09-23T08:18:29.809306671Z 		at reactor.core.publisher.MonoFlatMap$FlatMapMain.onComplete(MonoFlatMap.java:190)
api-gateway-1  | 2026-09-23T08:18:29.809310508Z 		at reactor.core.publisher.Operators.complete(Operators.java:137)
api-gateway-1  | 2026-09-23T08:18:29.809314205Z 		at reactor.core.publisher.MonoZip.subscribe(MonoZip.java:121)
api-gateway-1  | 2026-09-23T08:18:29.809317883Z 		at reactor.core.publisher.Mono.subscribe(Mono.java:4569)
api-gateway-1  | 2026-09-23T08:18:29.809321640Z 		at reactor.core.publisher.MonoIgnoreThen$ThenIgnoreMain.subscribeNext(MonoIgnoreThen.java:268)
api-gateway-1  | 2026-09-23T08:18:29.809325477Z 		at reactor.core.publisher.MonoIgnoreThen.subscribe(MonoIgnoreThen.java:51)
api-gateway-1  | 2026-09-23T08:18:29.809329205Z 		at reactor.core.publisher.InternalMonoOperator.subscribe(InternalMonoOperator.java:75)
api-gateway-1  | 2026-09-23T08:18:29.809333022Z 		at reactor.core.publisher.MonoFlatMap$FlatMapMain.onNext(MonoFlatMap.java:166)
api-gateway-1  | 2026-09-23T08:18:29.809336729Z 		at reactor.core.publisher.FluxOnErrorResume$ResumeSubscriber.onNext(FluxOnErrorResume.java:80)
api-gateway-1  | 2026-09-23T08:18:29.809340557Z 		at reactor.core.publisher.FluxSwitchIfEmpty$SwitchIfEmptySubscriber.onNext(FluxSwitchIfEmpty.java:75)
api-gateway-1  | 2026-09-23T08:18:29.809344364Z 		at reactor.core.publisher.MonoNext$NextSubscriber.onNext(MonoNext.java:83)
api-gateway-1  | 2026-09-23T08:18:29.809348182Z 		at reactor.core.publisher.FluxConcatMapNoPrefetch$FluxConcatMapNoPrefetchSubscriber.innerNext(FluxConcatMapNoPrefetch.java:259)
api-gateway-1  | 2026-09-23T08:18:29.809352049Z 		at reactor.core.publisher.FluxConcatMap$ConcatMapInner.onNext(FluxConcatMap.java:870)
api-gateway-1  | 2026-09-23T08:18:29.809356027Z 		at reactor.core.publisher.FluxMapFuseable$MapFuseableSubscriber.onNext(FluxMapFuseable.java:130)
api-gateway-1  | 2026-09-23T08:18:29.809359864Z 		at reactor.core.publisher.MonoPeekTerminal$MonoTerminalPeekSubscriber.onNext(MonoPeekTerminal.java:184)
api-gateway-1  | 2026-09-23T08:18:29.809370335Z 		at reactor.core.publisher.Operators$ScalarSubscription.request(Operators.java:2565)
api-gateway-1  | 2026-09-23T08:18:29.809374172Z 		at reactor.core.publisher.MonoPeekTerminal$MonoTerminalPeekSubscriber.request(MonoPeekTerminal.java:142)
api-gateway-1  | 2026-09-23T08:18:29.809377970Z 		at reactor.core.publisher.FluxMapFuseable$MapFuseableSubscriber.request(FluxMapFuseable.java:172)
api-gateway-1  | 2026-09-23T08:18:29.809381847Z 		at reactor.core.publisher.Operators$MultiSubscriptionSubscriber.request(Operators.java:2325)
api-gateway-1  | 2026-09-23T08:18:29.809385645Z 		at reactor.core.publisher.FluxConcatMapNoPrefetch$FluxConcatMapNoPrefetchSubscriber.request(FluxConcatMapNoPrefetch.java:339)
api-gateway-1  | 2026-09-23T08:18:29.809389462Z 		at reactor.core.publisher.MonoNext$NextSubscriber.request(MonoNext.java:109)
api-gateway-1  | 2026-09-23T08:18:29.809393260Z 		at reactor.core.publisher.Operators$MultiSubscriptionSubscriber.set(Operators.java:2361)
api-gateway-1  | 2026-09-23T08:18:29.809397077Z 		at reactor.core.publisher.Operators$MultiSubscriptionSubscriber.onSubscribe(Operators.java:2235)
api-gateway-1  | 2026-09-23T08:18:29.809401285Z 		at reactor.core.publisher.MonoNext$NextSubscriber.onSubscribe(MonoNext.java:71)
api-gateway-1  | 2026-09-23T08:18:29.809405033Z 		at reactor.core.publisher.FluxConcatMapNoPrefetch$FluxConcatMapNoPrefetchSubscriber.onSubscribe(FluxConcatMapNoPrefetch.java:164)
api-gateway-1  | 2026-09-23T08:18:29.809408970Z 		at reactor.core.publisher.FluxIterable.subscribe(FluxIterable.java:200)
api-gateway-1  | 2026-09-23T08:18:29.809412617Z 		at reactor.core.publisher.FluxIterable.subscribe(FluxIterable.java:82)
api-gateway-1  | 2026-09-23T08:18:29.809416315Z 		at reactor.core.publisher.InternalMonoOperator.subscribe(InternalMonoOperator.java:75)
api-gateway-1  | 2026-09-23T08:18:29.809420102Z 		at reactor.core.publisher.MonoDefer.subscribe(MonoDefer.java:54)
api-gateway-1  | 2026-09-23T08:18:29.809423900Z 		at reactor.core.publisher.InternalMonoOperator.subscribe(InternalMonoOperator.java:75)
api-gateway-1  | 2026-09-23T08:18:29.809427757Z 		at reactor.core.publisher.MonoDefer.subscribe(MonoDefer.java:54)
api-gateway-1  | 2026-09-23T08:18:29.809431514Z 		at reactor.core.publisher.InternalMonoOperator.subscribe(InternalMonoOperator.java:75)
api-gateway-1  | 2026-09-23T08:18:29.809435242Z 		at reactor.core.publisher.MonoTapRestoringThreadLocals.subscribe(MonoTapRestoringThreadLocals.java:78)
api-gateway-1  | 2026-09-23T08:18:29.809439069Z 		at reactor.core.publisher.Mono.subscribe(Mono.java:4569)
api-gateway-1  | 2026-09-23T08:18:29.809442746Z 		at reactor.core.publisher.MonoIgnoreThen$ThenIgnoreMain.subscribeNext(MonoIgnoreThen.java:268)
api-gateway-1  | 2026-09-23T08:18:29.809446564Z 		at reactor.core.publisher.MonoIgnoreThen.subscribe(MonoIgnoreThen.java:51)
api-gateway-1  | 2026-09-23T08:18:29.809450301Z 		at reactor.core.publisher.InternalMonoOperator.subscribe(InternalMonoOperator.java:75)
api-gateway-1  | 2026-09-23T08:18:29.809453968Z 		at reactor.core.publisher.MonoDeferContextual.subscribe(MonoDeferContextual.java:56)
api-gateway-1  | 2026-09-23T08:18:29.809457716Z 		at reactor.netty.http.server.HttpServer$HttpServerHandle.onStateChange(HttpServer.java:1344)
api-gateway-1  | 2026-09-23T08:18:29.809467575Z 		at reactor.netty.ReactorNetty$CompositeConnectionObserver.onStateChange(ReactorNetty.java:730)
api-gateway-1  | 2026-09-23T08:18:29.809471693Z 		at reactor.netty.transport.ServerTransport$ChildObserver.onStateChange(ServerTransport.java:489)
api-gateway-1  | 2026-09-23T08:18:29.809475480Z 		at reactor.netty.http.server.HttpServerOperations.handleDefaultHttpRequest(HttpServerOperations.java:863)
api-gateway-1  | 2026-09-23T08:18:29.809479348Z 		at reactor.netty.http.server.HttpServerOperations.onInboundNext(HttpServerOperations.java:789)
api-gateway-1  | 2026-09-23T08:18:29.809483115Z 		at reactor.netty.channel.ChannelOperationsHandler.channelRead(ChannelOperationsHandler.java:115)
api-gateway-1  | 2026-09-23T08:18:29.809486993Z 		at io.netty.channel.AbstractChannelHandlerContext.fireChannelRead(AbstractChannelHandlerContext.java:356)
api-gateway-1  | 2026-09-23T08:18:29.809491522Z 		at reactor.netty.http.server.HttpTrafficHandler.channelRead(HttpTrafficHandler.java:283)
api-gateway-1  | 2026-09-23T08:18:29.809495329Z 		at io.netty.channel.AbstractChannelHandlerContext.fireChannelRead(AbstractChannelHandlerContext.java:354)
api-gateway-1  | 2026-09-23T08:18:29.809499176Z 		at io.netty.channel.CombinedChannelDuplexHandler$DelegatingChannelHandlerContext.fireChannelRead(CombinedChannelDuplexHandler.java:434)
api-gateway-1  | 2026-09-23T08:18:29.809503054Z 		at io.netty.handler.codec.ByteToMessageDecoder.fireChannelRead(ByteToMessageDecoder.java:361)
api-gateway-1  | 2026-09-23T08:18:29.809507082Z 		at io.netty.handler.codec.ByteToMessageDecoder.channelRead(ByteToMessageDecoder.java:325)
api-gateway-1  | 2026-09-23T08:18:29.809510879Z 		at io.netty.channel.CombinedChannelDuplexHandler.channelRead(CombinedChannelDuplexHandler.java:249)
api-gateway-1  | 2026-09-23T08:18:29.809514687Z 		at io.netty.channel.AbstractChannelHandlerContext.fireChannelRead(AbstractChannelHandlerContext.java:354)
api-gateway-1  | 2026-09-23T08:18:29.809518514Z 		at io.netty.channel.DefaultChannelPipeline$HeadContext.channelRead(DefaultChannelPipeline.java:1429)
api-gateway-1  | 2026-09-23T08:18:29.809522201Z 		at io.netty.channel.DefaultChannelPipeline.fireChannelRead(DefaultChannelPipeline.java:918)
api-gateway-1  | 2026-09-23T08:18:29.809526179Z 		at io.netty.channel.epoll.AbstractEpollStreamChannel$EpollStreamUnsafe.epollInReady(AbstractEpollStreamChannel.java:804)
api-gateway-1  | 2026-09-23T08:18:29.809529977Z 		at io.netty.channel.epoll.AbstractEpollChannel$AbstractEpollUnsafe.handle(AbstractEpollChannel.java:482)
api-gateway-1  | 2026-09-23T08:18:29.809533734Z 		at io.netty.channel.epoll.EpollIoHandler$DefaultEpollIoRegistration.handle(EpollIoHandler.java:317)
api-gateway-1  | 2026-09-23T08:18:29.809537351Z 		at io.netty.channel.epoll.EpollIoHandler.processReady(EpollIoHandler.java:515)
api-gateway-1  | 2026-09-23T08:18:29.809541068Z 		at io.netty.channel.epoll.EpollIoHandler.run(EpollIoHandler.java:460)
api-gateway-1  | 2026-09-23T08:18:29.809544715Z 		at io.netty.channel.SingleThreadIoEventLoop.runIo(SingleThreadIoEventLoop.java:225)
api-gateway-1  | 2026-09-23T08:18:29.809548363Z 		at io.netty.channel.SingleThreadIoEventLoop.run(SingleThreadIoEventLoop.java:196)
api-gateway-1  | 2026-09-23T08:18:29.809552010Z 		at io.netty.util.concurrent.SingleThreadEventExecutor$5.run(SingleThreadEventExecutor.java:1195)
api-gateway-1  | 2026-09-23T08:18:29.809561949Z 		at io.netty.util.internal.ThreadExecutorMap$2.run(ThreadExecutorMap.java:74)
api-gateway-1  | 2026-09-23T08:18:29.809565736Z 		at io.netty.util.concurrent.FastThreadLocalRunnable.run(FastThreadLocalRunnable.java:30)
api-gateway-1  | 2026-09-23T08:18:29.809569454Z 		at java.base/java.lang.Thread.run(Thread.java:840)
api-gateway-1  | 2026-09-23T08:18:29.809573011Z 
api-gateway-1  | 2026-09-23T08:18:29.812733721Z 2026-09-23T08:18:29.812Z  WARN 1 --- [api-gateway] [or-http-epoll-4] [                                                 ] i.m.o.c.ObservationThreadLocalAccessor   : There is no current scope in thread local. This situation should not happen
api-gateway-1  | 2026-09-23T08:18:29.813578340Z 2026-09-23T08:18:29.813Z  WARN 1 --- [api-gateway] [or-http-epoll-4] [                                                 ] i.m.o.c.ObservationThreadLocalAccessor   : Observation <{name=http.server.requests(http get /api/gateway/owners/{ownerId}), error=org.springframework.web.reactive.function.client.WebClientResponseException$ServiceUnavailable: 503 Service Unavailable from UNKNOWN , context=name='http.server.requests', contextualName='http get /api/gateway/owners/{ownerId}', error='org.springframework.web.reactive.function.client.WebClientResponseException$ServiceUnavailable: 503 Service Unavailable from UNKNOWN ', lowCardinalityKeyValues=[exception='ServiceUnavailable', method='GET', outcome='SERVER_ERROR', status='500', uri='/api/gateway/owners/{ownerId}'], highCardinalityKeyValues=[http.url='/api/gateway/owners/6'], map=[class io.micrometer.tracing.handler.TracingObservationHandler$TracingContext='TracingContext{span=6ab38b55c9654740fac5f0c26d82b400/fac5f0c26d82b400}', class io.micrometer.core.instrument.Timer$Sample='io.micrometer.core.instrument.Timer$Sample@2fffdc8b', class io.micrometer.core.instrument.LongTaskTimer$Sample='SampleImpl{duration(seconds)=-1.0E-9, duration(nanos)=-1.0, startTimeNanos=989098282295}'], parentObservation=null}> to which we're restoring is not the same as the one set as this scope's parent observation <null>. Most likely a manually created Observation has a scope opened that was never closed. This may lead to thread polluting and memory leaks.
api-gateway-1  | 2026-09-23T08:18:32.838858838Z 2026-09-23T08:18:32.838Z  WARN 1 --- [api-gateway] [or-http-epoll-5] [6ab38b58bcc5615d18a34480ee3734db-18a34480ee3734db] i.m.o.c.ObservationThreadLocalAccessor   : Observation <{name=http.server.requests(null), error=null, context=name='http.server.requests', contextualName='null', error='null', lowCardinalityKeyValues=[exception='none', method='GET', outcome='SUCCESS', status='200', uri='UNKNOWN'], highCardinalityKeyValues=[http.url='/api/gateway/owners/6'], map=[class io.micrometer.tracing.handler.TracingObservationHandler$TracingContext='TracingContext{span=6ab38b58bcc5615d18a34480ee3734db/18a34480ee3734db}', class io.micrometer.core.instrument.Timer$Sample='io.micrometer.core.instrument.Timer$Sample@284b449c', class io.micrometer.core.instrument.LongTaskTimer$Sample='SampleImpl{duration(seconds)=0.004440159, duration(nanos)=4440159.0, startTimeNanos=992133405138}'], parentObservation=null}> to which we're restoring is not the same as the one set as this scope's parent observation <null>. Most likely a manually created Observation has a scope opened that was never closed. This may lead to thread polluting and memory leaks.
api-gateway-1  | 2026-09-23T08:18:32.840881823Z 2026-09-23T08:18:32.840Z  WARN 1 --- [api-gateway] [or-http-epoll-5] [                                                 ] o.s.c.l.core.RoundRobinLoadBalancer      : No servers available for service: customers-service
api-gateway-1  | 2026-09-23T08:18:32.841046733Z 2026-09-23T08:18:32.840Z  WARN 1 --- [api-gateway] [or-http-epoll-5] [                                                 ] eactorLoadBalancerExchangeFilterFunction : LoadBalancer does not contain an instance for the service customers-service
api-gateway-1  | 2026-09-23T08:18:32.844358048Z 2026-09-23T08:18:32.843Z ERROR 1 --- [api-gateway] [or-http-epoll-5] [6ab38b58bcc5615d18a34480ee3734db-18a34480ee3734db] b.w.a.e.AbstractErrorWebExceptionHandler : [05f99196-4]  500 Server Error for HTTP GET "/api/gateway/owners/6"
api-gateway-1  | 2026-09-23T08:18:32.844395601Z 
api-gateway-1  | 2026-09-23T08:18:32.844400430Z org.springframework.web.reactive.function.client.WebClientResponseException$ServiceUnavailable: 503 Service Unavailable from UNKNOWN 
api-gateway-1  | 2026-09-23T08:18:32.844404278Z 	at org.springframework.web.reactive.function.client.WebClientResponseException.create(WebClientResponseException.java:322)
api-gateway-1  | 2026-09-23T08:18:32.844408195Z 	Suppressed: The stacktrace has been enhanced by Reactor, refer to additional information below: 
api-gateway-1  | 2026-09-23T08:18:32.844411522Z Error has been observed at the following site(s):
api-gateway-1  | 2026-09-23T08:18:32.844415059Z 	*__checkpoint ⇢ 503 SERVICE_UNAVAILABLE from GET http://customers-service/owners/6 [DefaultWebClient]
api-gateway-1  | 2026-09-23T08:18:32.844443064Z 	*__checkpoint ⇢ Handler org.springframework.samples.petclinic.api.boundary.web.ApiGatewayController#getOwnerDetails(int) [DispatcherHandler]
api-gateway-1  | 2026-09-23T08:18:32.844463263Z 	*__checkpoint ⇢ org.springframework.cloud.gateway.filter.WeightCalculatorWebFilter@5d94ac8a
api-gateway-1  | 2026-09-23T08:18:32.844468022Z 	*__checkpoint ⇢ HTTP GET "/api/gateway/owners/6" [ExceptionHandlingWebHandler]
api-gateway-1  | 2026-09-23T08:18:32.844471820Z Original Stack Trace:
api-gateway-1  | 2026-09-23T08:18:32.844475617Z 		at org.springframework.web.reactive.function.client.WebClientResponseException.create(WebClientResponseException.java:322)
api-gateway-1  | 2026-09-23T08:18:32.844479334Z 		at org.springframework.web.reactive.function.client.DefaultClientResponse.lambda$createException$1(DefaultClientResponse.java:214)
api-gateway-1  | 2026-09-23T08:18:32.844483312Z 		at reactor.core.publisher.FluxMap$MapSubscriber.onNext(FluxMap.java:106)
api-gateway-1  | 2026-09-23T08:18:32.844486929Z 		at reactor.core.publisher.FluxOnErrorReturn$ReturnSubscriber.onNext(FluxOnErrorReturn.java:159)
api-gateway-1  | 2026-09-23T08:18:32.844490656Z 		at reactor.core.publisher.FluxDefaultIfEmpty$DefaultIfEmptySubscriber.onNext(FluxDefaultIfEmpty.java:123)
api-gateway-1  | 2026-09-23T08:18:32.844494183Z 		at reactor.core.publisher.FluxMapFuseable$MapFuseableSubscriber.onNext(FluxMapFuseable.java:130)
api-gateway-1  | 2026-09-23T08:18:32.844497430Z 		at reactor.core.publisher.FluxContextWrite$ContextWriteSubscriber.onNext(FluxContextWrite.java:109)
api-gateway-1  | 2026-09-23T08:18:32.844500706Z 		at reactor.core.publisher.FluxMapFuseable$MapFuseableConditionalSubscriber.onNext(FluxMapFuseable.java:300)
api-gateway-1  | 2026-09-23T08:18:32.844505776Z 		at reactor.core.publisher.FluxFilterFuseable$FilterFuseableConditionalSubscriber.onNext(FluxFilterFuseable.java:338)
api-gateway-1  | 2026-09-23T08:18:32.844509173Z 		at reactor.core.publisher.Operators$BaseFluxToMonoOperator.completePossiblyEmpty(Operators.java:2093)
api-gateway-1  | 2026-09-23T08:18:32.844512469Z 		at reactor.core.publisher.MonoCollect$CollectSubscriber.onComplete(MonoCollect.java:144)
api-gateway-1  | 2026-09-23T08:18:32.844531987Z 		at reactor.core.publisher.FluxMapFuseable$MapFuseableSubscriber.onComplete(FluxMapFuseable.java:153)
api-gateway-1  | 2026-09-23T08:18:32.844536256Z 		at reactor.core.publisher.Operators$ScalarSubscription.request(Operators.java:2567)
api-gateway-1  | 2026-09-23T08:18:32.844540444Z 		at reactor.core.publisher.FluxMapFuseable$MapFuseableSubscriber.request(FluxMapFuseable.java:172)
api-gateway-1  | 2026-09-23T08:18:32.844544782Z 		at reactor.core.publisher.Operators$BaseFluxToMonoOperator.request(Operators.java:2063)
api-gateway-1  | 2026-09-23T08:18:32.844549572Z 		at reactor.core.publisher.FluxFilterFuseable$FilterFuseableConditionalSubscriber.request(FluxFilterFuseable.java:411)
api-gateway-1  | 2026-09-23T08:18:32.844554000Z 		at reactor.core.publisher.FluxMapFuseable$MapFuseableConditionalSubscriber.request(FluxMapFuseable.java:361)
api-gateway-1  | 2026-09-23T08:18:32.844558820Z 		at reactor.core.publisher.FluxContextWrite$ContextWriteSubscriber.request(FluxContextWrite.java:138)
api-gateway-1  | 2026-09-23T08:18:32.844563639Z 		at reactor.core.publisher.FluxMapFuseable$MapFuseableSubscriber.request(FluxMapFuseable.java:172)
api-gateway-1  | 2026-09-23T08:18:32.844568388Z 		at reactor.core.publisher.FluxDefaultIfEmpty$DefaultIfEmptySubscriber.request(FluxDefaultIfEmpty.java:99)
api-gateway-1  | 2026-09-23T08:18:32.844572737Z 		at reactor.core.publisher.FluxOnErrorReturn$ReturnSubscriber.request(FluxOnErrorReturn.java:150)
api-gateway-1  | 2026-09-23T08:18:32.844576163Z 		at reactor.core.publisher.FluxMap$MapSubscriber.request(FluxMap.java:163)
api-gateway-1  | 2026-09-23T08:18:32.844578759Z 		at reactor.core.publisher.MonoFlatMap$FlatMapMain.request(MonoFlatMap.java:195)
api-gateway-1  | 2026-09-23T08:18:32.844581464Z 		at reactor.core.publisher.Operators$MultiSubscriptionSubscriber.set(Operators.java:2361)
api-gateway-1  | 2026-09-23T08:18:32.844584359Z 		at reactor.core.publisher.FluxOnErrorResume$ResumeSubscriber.onSubscribe(FluxOnErrorResume.java:75)
api-gateway-1  | 2026-09-23T08:18:32.844587005Z 		at reactor.core.publisher.MonoFlatMap$FlatMapMain.onSubscribe(MonoFlatMap.java:118)
api-gateway-1  | 2026-09-23T08:18:32.844589610Z 		at reactor.core.publisher.FluxMap$MapSubscriber.onSubscribe(FluxMap.java:92)
api-gateway-1  | 2026-09-23T08:18:32.844592245Z 		at reactor.core.publisher.FluxOnErrorReturn$ReturnSubscriber.onSubscribe(FluxOnErrorReturn.java:92)
api-gateway-1  | 2026-09-23T08:18:32.844594870Z 		at reactor.core.publisher.Operators$BaseFluxToMonoOperator.onSubscribe(Operators.java:2047)
api-gateway-1  | 2026-09-23T08:18:32.844597535Z 		at reactor.core.publisher.FluxMapFuseable$MapFuseableSubscriber.onSubscribe(FluxMapFuseable.java:96)
api-gateway-1  | 2026-09-23T08:18:32.844600661Z 		at reactor.core.publisher.FluxContextWrite$ContextWriteSubscriber.onSubscribe(FluxContextWrite.java:103)
api-gateway-1  | 2026-09-23T08:18:32.844603357Z 		at reactor.core.publisher.FluxMapFuseable$MapFuseableConditionalSubscriber.onSubscribe(FluxMapFuseable.java:265)
api-gateway-1  | 2026-09-23T08:18:32.844606002Z 		at reactor.core.publisher.FluxFilterFuseable$FilterFuseableConditionalSubscriber.onSubscribe(FluxFilterFuseable.java:305)
api-gateway-1  | 2026-09-23T08:18:32.844608667Z 		at reactor.core.publisher.Operators$BaseFluxToMonoOperator.onSubscribe(Operators.java:2047)
api-gateway-1  | 2026-09-23T08:18:32.844636932Z 		at reactor.core.publisher.FluxMapFuseable$MapFuseableSubscriber.onSubscribe(FluxMapFuseable.java:96)
api-gateway-1  | 2026-09-23T08:18:32.844640689Z 		at reactor.core.publisher.FluxJust.subscribe(FluxJust.java:69)
api-gateway-1  | 2026-09-23T08:18:32.844643345Z 		at reactor.core.publisher.InternalMonoOperator.subscribe(InternalMonoOperator.java:75)
api-gateway-1  | 2026-09-23T08:18:32.844645950Z 		at reactor.core.publisher.MonoFlatMap$FlatMapMain.onNext(MonoFlatMap.java:166)
api-gateway-1  | 2026-09-23T08:18:32.844651691Z 		at reactor.core.publisher.MonoContextWriteRestoringThreadLocals$ContextWriteRestoringThreadLocalsSubscriber.onNext(MonoContextWriteRestoringThreadLocals.java:111)
api-gateway-1  | 2026-09-23T08:18:32.844654486Z 		at reactor.core.publisher.FluxDoFinally$DoFinallySubscriber.onNext(FluxDoFinally.java:113)
api-gateway-1  | 2026-09-23T08:18:32.844657182Z 		at reactor.core.publisher.MonoPeekTerminal$MonoTerminalPeekSubscriber.onNext(MonoPeekTerminal.java:184)
api-gateway-1  | 2026-09-23T08:18:32.844659897Z 		at reactor.core.publisher.FluxPeekFuseable$PeekConditionalSubscriber.onNext(FluxPeekFuseable.java:850)
api-gateway-1  | 2026-09-23T08:18:32.844662572Z 		at reactor.core.publisher.FluxSwitchIfEmpty$SwitchIfEmptySubscriber.onNext(FluxSwitchIfEmpty.java:75)
api-gateway-1  | 2026-09-23T08:18:32.844665207Z 		at reactor.core.publisher.MonoFlatMap$FlatMapMain.onNext(MonoFlatMap.java:159)
api-gateway-1  | 2026-09-23T08:18:32.844667832Z 		at reactor.core.publisher.FluxMap$MapSubscriber.onNext(FluxMap.java:122)
api-gateway-1  | 2026-09-23T08:18:32.844672762Z 		at reactor.core.publisher.MonoNext$NextSubscriber.onNext(MonoNext.java:83)
api-gateway-1  | 2026-09-23T08:18:32.844677361Z 		at reactor.core.publisher.FluxDematerialize$DematerializeSubscriber.onNext(FluxDematerialize.java:102)
api-gateway-1  | 2026-09-23T08:18:32.844681459Z 		at reactor.core.publisher.FluxDematerialize$DematerializeSubscriber.onNext(FluxDematerialize.java:44)
api-gateway-1  | 2026-09-23T08:18:32.844685467Z 		at reactor.core.publisher.FluxFlattenIterable$FlattenIterableSubscriber.drainAsync(FluxFlattenIterable.java:455)
api-gateway-1  | 2026-09-23T08:18:32.844689715Z 		at reactor.core.publisher.FluxFlattenIterable$FlattenIterableSubscriber.drain(FluxFlattenIterable.java:726)
api-gateway-1  | 2026-09-23T08:18:32.844693903Z 		at reactor.core.publisher.FluxFlattenIterable$FlattenIterableSubscriber.onNext(FluxFlattenIterable.java:258)
api-gateway-1  | 2026-09-23T08:18:32.844697490Z 		at reactor.core.publisher.FluxSwitchIfEmpty$SwitchIfEmptySubscriber.onNext(FluxSwitchIfEmpty.java:75)
api-gateway-1  | 2026-09-23T08:18:32.844701538Z 		at reactor.core.publisher.MonoFlatMap$FlatMapMain.secondComplete(MonoFlatMap.java:246)
api-gateway-1  | 2026-09-23T08:18:32.844706107Z 		at reactor.core.publisher.MonoFlatMap$FlatMapInner.onNext(MonoFlatMap.java:307)
api-gateway-1  | 2026-09-23T08:18:32.844710375Z 		at reactor.core.publisher.MonoIgnoreThen$ThenIgnoreMain.complete(MonoIgnoreThen.java:297)
api-gateway-1  | 2026-09-23T08:18:32.844713812Z 		at reactor.core.publisher.MonoIgnoreThen$ThenIgnoreMain.onNext(MonoIgnoreThen.java:191)
api-gateway-1  | 2026-09-23T08:18:32.844717309Z 		at reactor.core.publisher.MonoIgnoreThen$ThenIgnoreMain.subscribeNext(MonoIgnoreThen.java:240)
api-gateway-1  | 2026-09-23T08:18:32.844727228Z 		at reactor.core.publisher.MonoIgnoreThen$ThenIgnoreMain.onComplete(MonoIgnoreThen.java:207)
api-gateway-1  | 2026-09-23T08:18:32.844732038Z 		at reactor.core.publisher.MonoIgnoreElements$IgnoreElementsSubscriber.onComplete(MonoIgnoreElements.java:89)
api-gateway-1  | 2026-09-23T08:18:32.844735975Z 		at reactor.core.publisher.FluxPeek$PeekSubscriber.onComplete(FluxPeek.java:263)
api-gateway-1  | 2026-09-23T08:18:32.844739673Z 		at reactor.core.publisher.FluxDematerialize$DematerializeSubscriber.onComplete(FluxDematerialize.java:125)
api-gateway-1  | 2026-09-23T08:18:32.844743250Z 		at reactor.core.publisher.FluxDematerialize$DematerializeSubscriber.onNext(FluxDematerialize.java:91)
api-gateway-1  | 2026-09-23T08:18:32.844746927Z 		at reactor.core.publisher.FluxDematerialize$DematerializeSubscriber.onNext(FluxDematerialize.java:44)
api-gateway-1  | 2026-09-23T08:18:32.844750674Z 		at reactor.core.publisher.FluxIterable$IterableSubscription.fastPath(FluxIterable.java:402)
api-gateway-1  | 2026-09-23T08:18:32.844754802Z 		at reactor.core.publisher.FluxIterable$IterableSubscription.request(FluxIterable.java:291)
api-gateway-1  | 2026-09-23T08:18:32.844758830Z 		at reactor.core.publisher.FluxDematerialize$DematerializeSubscriber.request(FluxDematerialize.java:131)
api-gateway-1  | 2026-09-23T08:18:32.844762086Z 		at reactor.core.publisher.FluxPeek$PeekSubscriber.request(FluxPeek.java:141)
api-gateway-1  | 2026-09-23T08:18:32.844764692Z 		at reactor.core.publisher.MonoIgnoreElements$IgnoreElementsSubscriber.onSubscribe(MonoIgnoreElements.java:72)
api-gateway-1  | 2026-09-23T08:18:32.844767337Z 		at reactor.core.publisher.FluxPeek$PeekSubscriber.onSubscribe(FluxPeek.java:174)
api-gateway-1  | 2026-09-23T08:18:32.844769992Z 		at reactor.core.publisher.FluxDematerialize$DematerializeSubscriber.onSubscribe(FluxDematerialize.java:77)
api-gateway-1  | 2026-09-23T08:18:32.844772617Z 		at reactor.core.publisher.FluxIterable.subscribe(FluxIterable.java:200)
api-gateway-1  | 2026-09-23T08:18:32.844775723Z 		at reactor.core.publisher.FluxIterable.subscribe(FluxIterable.java:82)
api-gateway-1  | 2026-09-23T08:18:32.844778408Z 		at reactor.core.publisher.Mono.subscribe(Mono.java:4569)
api-gateway-1  | 2026-09-23T08:18:32.844781074Z 		at reactor.core.publisher.MonoIgnoreThen$ThenIgnoreMain.subscribeNext(MonoIgnoreThen.java:268)
api-gateway-1  | 2026-09-23T08:18:32.844783719Z 		at reactor.core.publisher.MonoIgnoreThen.subscribe(MonoIgnoreThen.java:51)
api-gateway-1  | 2026-09-23T08:18:32.844786324Z 		at reactor.core.publisher.MonoFlatMap$FlatMapMain.onNext(MonoFlatMap.java:166)
api-gateway-1  | 2026-09-23T08:18:32.844788939Z 		at reactor.core.publisher.Operators$BaseFluxToMonoOperator.completePossiblyEmpty(Operators.java:2093)
api-gateway-1  | 2026-09-23T08:18:32.844791604Z 		at reactor.core.publisher.MonoCollectList$MonoCollectListSubscriber.onComplete(MonoCollectList.java:117)
api-gateway-1  | 2026-09-23T08:18:32.844794249Z 		at reactor.core.publisher.DrainUtils.postCompleteDrain(DrainUtils.java:132)
api-gateway-1  | 2026-09-23T08:18:32.844796914Z 		at reactor.core.publisher.DrainUtils.postComplete(DrainUtils.java:187)
api-gateway-1  | 2026-09-23T08:18:32.844805571Z 		at reactor.core.publisher.FluxMaterialize$MaterializeSubscriber.onComplete(FluxMaterialize.java:141)
api-gateway-1  | 2026-09-23T08:18:32.844808347Z 		at reactor.core.publisher.FluxLimitRequest$FluxLimitRequestSubscriber.onNext(FluxLimitRequest.java:104)
api-gateway-1  | 2026-09-23T08:18:32.844811012Z 		at reactor.core.publisher.FluxOnErrorResume$ResumeSubscriber.onNext(FluxOnErrorResume.java:80)
api-gateway-1  | 2026-09-23T08:18:32.844813637Z 		at reactor.core.publisher.SerializedSubscriber.onNext(SerializedSubscriber.java:100)
api-gateway-1  | 2026-09-23T08:18:32.844816272Z 		at reactor.core.publisher.FluxTimeout$TimeoutMainSubscriber.onNext(FluxTimeout.java:182)
api-gateway-1  | 2026-09-23T08:18:32.844818877Z 		at reactor.core.publisher.Operators$BaseFluxToMonoOperator.completePossiblyEmpty(Operators.java:2093)
api-gateway-1  | 2026-09-23T08:18:32.844821533Z 		at reactor.core.publisher.MonoCollectList$MonoCollectListSubscriber.onComplete(MonoCollectList.java:117)
api-gateway-1  | 2026-09-23T08:18:32.844824268Z 		at reactor.core.publisher.FluxContextWriteRestoringThreadLocals$ContextWriteRestoringThreadLocalsSubscriber.onComplete(FluxContextWriteRestoringThreadLocals.java:150)
api-gateway-1  | 2026-09-23T08:18:32.844827003Z 		at org.springframework.cloud.commons.publisher.FluxFirstNonEmptyEmitting$FirstNonEmptyEmittingSubscriber.onComplete(FluxFirstNonEmptyEmitting.java:325)
api-gateway-1  | 2026-09-23T08:18:32.844829698Z 		at reactor.core.publisher.Operators.complete(Operators.java:137)
api-gateway-1  | 2026-09-23T08:18:32.844832344Z 		at reactor.core.publisher.FluxIterable.subscribe(FluxIterable.java:143)
api-gateway-1  | 2026-09-23T08:18:32.844834939Z 		at reactor.core.publisher.FluxIterable.subscribe(FluxIterable.java:82)
api-gateway-1  | 2026-09-23T08:18:32.844837544Z 		at reactor.core.publisher.Flux.subscribe(Flux.java:8888)
api-gateway-1  | 2026-09-23T08:18:32.844840429Z 		at org.springframework.cloud.commons.publisher.FluxFirstNonEmptyEmitting$RaceCoordinator.subscribe(FluxFirstNonEmptyEmitting.java:203)
api-gateway-1  | 2026-09-23T08:18:32.844843125Z 		at org.springframework.cloud.commons.publisher.FluxFirstNonEmptyEmitting.subscribe(FluxFirstNonEmptyEmitting.java:128)
api-gateway-1  | 2026-09-23T08:18:32.844845790Z 		at reactor.core.publisher.InternalFluxOperator.subscribe(InternalFluxOperator.java:67)
api-gateway-1  | 2026-09-23T08:18:32.844848435Z 		at reactor.core.publisher.FluxDefer.subscribe(FluxDefer.java:55)
api-gateway-1  | 2026-09-23T08:18:32.844851020Z 		at reactor.core.publisher.InternalFluxOperator.subscribe(InternalFluxOperator.java:67)
api-gateway-1  | 2026-09-23T08:18:32.844853625Z 		at reactor.core.publisher.FluxDefer.subscribe(FluxDefer.java:55)
api-gateway-1  | 2026-09-23T08:18:32.844856220Z 		at reactor.core.publisher.Mono.subscribe(Mono.java:4569)
api-gateway-1  | 2026-09-23T08:18:32.844858805Z 		at reactor.core.publisher.FluxSwitchIfEmpty$SwitchIfEmptySubscriber.onComplete(FluxSwitchIfEmpty.java:83)
api-gateway-1  | 2026-09-23T08:18:32.844861440Z 		at reactor.core.publisher.Operators.complete(Operators.java:137)
api-gateway-1  | 2026-09-23T08:18:32.844864036Z 		at reactor.core.publisher.MonoEmpty.subscribe(MonoEmpty.java:46)
api-gateway-1  | 2026-09-23T08:18:32.844866621Z 		at reactor.core.publisher.InternalFluxOperator.subscribe(InternalFluxOperator.java:67)
api-gateway-1  | 2026-09-23T08:18:32.844874255Z 		at reactor.core.publisher.FluxDefer.subscribe(FluxDefer.java:55)
api-gateway-1  | 2026-09-23T08:18:32.844876961Z 		at reactor.core.publisher.InternalMonoOperator.subscribe(InternalMonoOperator.java:75)
api-gateway-1  | 2026-09-23T08:18:32.844879586Z 		at reactor.core.publisher.MonoDefer.subscribe(MonoDefer.java:54)
api-gateway-1  | 2026-09-23T08:18:32.844882171Z 		at reactor.core.publisher.InternalMonoOperator.subscribe(InternalMonoOperator.java:75)
api-gateway-1  | 2026-09-23T08:18:32.844884826Z 		at reactor.core.publisher.MonoContextWriteRestoringThreadLocals.subscribe(MonoContextWriteRestoringThreadLocals.java:44)
api-gateway-1  | 2026-09-23T08:18:32.844887471Z 		at reactor.core.publisher.MonoDeferContextual.subscribe(MonoDeferContextual.java:56)
api-gateway-1  | 2026-09-23T08:18:32.844890096Z 		at reactor.core.publisher.FluxFromMonoOperator.subscribe(FluxFromMonoOperator.java:83)
api-gateway-1  | 2026-09-23T08:18:32.844892691Z 		at reactor.core.publisher.FluxDeferContextual.subscribe(FluxDeferContextual.java:58)
api-gateway-1  | 2026-09-23T08:18:32.844895307Z 		at reactor.core.publisher.InternalMonoOperator.subscribe(InternalMonoOperator.java:75)
api-gateway-1  | 2026-09-23T08:18:32.844897902Z 		at reactor.core.publisher.MonoFlatMap$FlatMapMain.onNext(MonoFlatMap.java:166)
api-gateway-1  | 2026-09-23T08:18:32.844900537Z 		at reactor.core.publisher.FluxOnErrorResume$ResumeSubscriber.onNext(FluxOnErrorResume.java:80)
api-gateway-1  | 2026-09-23T08:18:32.844903202Z 		at reactor.core.publisher.FluxOnErrorResume$ResumeSubscriber.onNext(FluxOnErrorResume.java:80)
api-gateway-1  | 2026-09-23T08:18:32.844905837Z 		at reactor.core.publisher.FluxPeek$PeekSubscriber.onNext(FluxPeek.java:203)
api-gateway-1  | 2026-09-23T08:18:32.844908733Z 		at reactor.core.publisher.MonoIgnoreThen$ThenIgnoreMain.complete(MonoIgnoreThen.java:297)
api-gateway-1  | 2026-09-23T08:18:32.844911719Z 		at reactor.core.publisher.MonoIgnoreThen$ThenIgnoreMain.onNext(MonoIgnoreThen.java:191)
api-gateway-1  | 2026-09-23T08:18:32.844914344Z 		at reactor.core.publisher.MonoFlatMap$FlatMapMain.onNext(MonoFlatMap.java:159)
api-gateway-1  | 2026-09-23T08:18:32.844916969Z 		at reactor.core.publisher.MonoZip$ZipCoordinator.signal(MonoZip.java:296)
api-gateway-1  | 2026-09-23T08:18:32.844919554Z 		at reactor.core.publisher.MonoZip$ZipInner.onNext(MonoZip.java:480)
api-gateway-1  | 2026-09-23T08:18:32.844922219Z 		at reactor.core.publisher.MonoPeekTerminal$MonoTerminalPeekSubscriber.onNext(MonoPeekTerminal.java:184)
api-gateway-1  | 2026-09-23T08:18:32.844924854Z 		at reactor.core.publisher.FluxDefaultIfEmpty$DefaultIfEmptySubscriber.onNext(FluxDefaultIfEmpty.java:123)
api-gateway-1  | 2026-09-23T08:18:32.844927489Z 		at reactor.core.publisher.FluxSwitchIfEmpty$SwitchIfEmptySubscriber.onNext(FluxSwitchIfEmpty.java:75)
api-gateway-1  | 2026-09-23T08:18:32.844930125Z 		at reactor.core.publisher.Operators$ScalarSubscription.request(Operators.java:2565)
api-gateway-1  | 2026-09-23T08:18:32.844932730Z 		at reactor.core.publisher.Operators$MultiSubscriptionSubscriber.set(Operators.java:2361)
api-gateway-1  | 2026-09-23T08:18:32.844935355Z 		at reactor.core.publisher.Operators$MultiSubscriptionSubscriber.onSubscribe(Operators.java:2235)
api-gateway-1  | 2026-09-23T08:18:32.844943060Z 		at reactor.core.publisher.FluxFlatMap.trySubscribeScalarMap(FluxFlatMap.java:193)
api-gateway-1  | 2026-09-23T08:18:32.844945775Z 		at reactor.core.publisher.MonoFlatMap.subscribeOrReturn(MonoFlatMap.java:53)
api-gateway-1  | 2026-09-23T08:18:32.844948360Z 		at reactor.core.publisher.InternalMonoOperator.subscribe(InternalMonoOperator.java:62)
api-gateway-1  | 2026-09-23T08:18:32.844950965Z 		at reactor.core.publisher.MonoZip$ZipCoordinator.request(MonoZip.java:219)
api-gateway-1  | 2026-09-23T08:18:32.844953570Z 		at reactor.core.publisher.MonoFlatMap$FlatMapMain.request(MonoFlatMap.java:195)
api-gateway-1  | 2026-09-23T08:18:32.844956175Z 		at reactor.core.publisher.MonoIgnoreThen$ThenIgnoreMain.onSubscribe(MonoIgnoreThen.java:135)
api-gateway-1  | 2026-09-23T08:18:32.844958801Z 		at reactor.core.publisher.MonoFlatMap$FlatMapMain.onSubscribe(MonoFlatMap.java:118)
api-gateway-1  | 2026-09-23T08:18:32.844961436Z 		at reactor.core.publisher.MonoZip.subscribe(MonoZip.java:129)
api-gateway-1  | 2026-09-23T08:18:32.844964041Z 		at reactor.core.publisher.InternalMonoOperator.subscribe(InternalMonoOperator.java:75)
api-gateway-1  | 2026-09-23T08:18:32.844966666Z 		at reactor.core.publisher.MonoDefer.subscribe(MonoDefer.java:54)
api-gateway-1  | 2026-09-23T08:18:32.844969281Z 		at reactor.core.publisher.MonoIgnoreThen$ThenIgnoreMain.subscribeNext(MonoIgnoreThen.java:244)
api-gateway-1  | 2026-09-23T08:18:32.844971896Z 		at reactor.core.publisher.MonoIgnoreThen$ThenIgnoreMain.onComplete(MonoIgnoreThen.java:207)
api-gateway-1  | 2026-09-23T08:18:32.844974942Z 		at reactor.core.publisher.MonoFlatMap$FlatMapMain.onComplete(MonoFlatMap.java:190)
api-gateway-1  | 2026-09-23T08:18:32.844977597Z 		at reactor.core.publisher.Operators.complete(Operators.java:137)
api-gateway-1  | 2026-09-23T08:18:32.844980212Z 		at reactor.core.publisher.MonoZip.subscribe(MonoZip.java:121)
api-gateway-1  | 2026-09-23T08:18:32.844982797Z 		at reactor.core.publisher.Mono.subscribe(Mono.java:4569)
api-gateway-1  | 2026-09-23T08:18:32.844985392Z 		at reactor.core.publisher.MonoIgnoreThen$ThenIgnoreMain.subscribeNext(MonoIgnoreThen.java:268)
api-gateway-1  | 2026-09-23T08:18:32.844988028Z 		at reactor.core.publisher.MonoIgnoreThen.subscribe(MonoIgnoreThen.java:51)
api-gateway-1  | 2026-09-23T08:18:32.844990613Z 		at reactor.core.publisher.InternalMonoOperator.subscribe(InternalMonoOperator.java:75)
api-gateway-1  | 2026-09-23T08:18:32.844993228Z 		at reactor.core.publisher.MonoFlatMap$FlatMapMain.onNext(MonoFlatMap.java:166)
api-gateway-1  | 2026-09-23T08:18:32.844995833Z 		at reactor.core.publisher.FluxOnErrorResume$ResumeSubscriber.onNext(FluxOnErrorResume.java:80)
api-gateway-1  | 2026-09-23T08:18:32.844998458Z 		at reactor.core.publisher.FluxSwitchIfEmpty$SwitchIfEmptySubscriber.onNext(FluxSwitchIfEmpty.java:75)
api-gateway-1  | 2026-09-23T08:18:32.845001073Z 		at reactor.core.publisher.MonoNext$NextSubscriber.onNext(MonoNext.java:83)
api-gateway-1  | 2026-09-23T08:18:32.845003688Z 		at reactor.core.publisher.FluxConcatMapNoPrefetch$FluxConcatMapNoPrefetchSubscriber.innerNext(FluxConcatMapNoPrefetch.java:259)
api-gateway-1  | 2026-09-23T08:18:32.845006333Z 		at reactor.core.publisher.FluxConcatMap$ConcatMapInner.onNext(FluxConcatMap.java:870)
api-gateway-1  | 2026-09-23T08:18:32.845014068Z 		at reactor.core.publisher.FluxMapFuseable$MapFuseableSubscriber.onNext(FluxMapFuseable.java:130)
api-gateway-1  | 2026-09-23T08:18:32.845016804Z 		at reactor.core.publisher.MonoPeekTerminal$MonoTerminalPeekSubscriber.onNext(MonoPeekTerminal.java:184)
api-gateway-1  | 2026-09-23T08:18:32.845019449Z 		at reactor.core.publisher.Operators$ScalarSubscription.request(Operators.java:2565)
api-gateway-1  | 2026-09-23T08:18:32.845022064Z 		at reactor.core.publisher.MonoPeekTerminal$MonoTerminalPeekSubscriber.request(MonoPeekTerminal.java:142)
api-gateway-1  | 2026-09-23T08:18:32.845024709Z 		at reactor.core.publisher.FluxMapFuseable$MapFuseableSubscriber.request(FluxMapFuseable.java:172)
api-gateway-1  | 2026-09-23T08:18:32.845027344Z 		at reactor.core.publisher.Operators$MultiSubscriptionSubscriber.request(Operators.java:2325)
api-gateway-1  | 2026-09-23T08:18:32.845029970Z 		at reactor.core.publisher.FluxConcatMapNoPrefetch$FluxConcatMapNoPrefetchSubscriber.request(FluxConcatMapNoPrefetch.java:339)
api-gateway-1  | 2026-09-23T08:18:32.845032645Z 		at reactor.core.publisher.MonoNext$NextSubscriber.request(MonoNext.java:109)
api-gateway-1  | 2026-09-23T08:18:32.845035250Z 		at reactor.core.publisher.Operators$MultiSubscriptionSubscriber.set(Operators.java:2361)
api-gateway-1  | 2026-09-23T08:18:32.845037865Z 		at reactor.core.publisher.Operators$MultiSubscriptionSubscriber.onSubscribe(Operators.java:2235)
api-gateway-1  | 2026-09-23T08:18:32.845040741Z 		at reactor.core.publisher.MonoNext$NextSubscriber.onSubscribe(MonoNext.java:71)
api-gateway-1  | 2026-09-23T08:18:32.845043366Z 		at reactor.core.publisher.FluxConcatMapNoPrefetch$FluxConcatMapNoPrefetchSubscriber.onSubscribe(FluxConcatMapNoPrefetch.java:164)
api-gateway-1  | 2026-09-23T08:18:32.845046041Z 		at reactor.core.publisher.FluxIterable.subscribe(FluxIterable.java:200)
api-gateway-1  | 2026-09-23T08:18:32.845048636Z 		at reactor.core.publisher.FluxIterable.subscribe(FluxIterable.java:82)
api-gateway-1  | 2026-09-23T08:18:32.845051211Z 		at reactor.core.publisher.InternalMonoOperator.subscribe(InternalMonoOperator.java:75)
api-gateway-1  | 2026-09-23T08:18:32.845053816Z 		at reactor.core.publisher.MonoDefer.subscribe(MonoDefer.java:54)
api-gateway-1  | 2026-09-23T08:18:32.845056411Z 		at reactor.core.publisher.InternalMonoOperator.subscribe(InternalMonoOperator.java:75)
api-gateway-1  | 2026-09-23T08:18:32.845059016Z 		at reactor.core.publisher.MonoDefer.subscribe(MonoDefer.java:54)
api-gateway-1  | 2026-09-23T08:18:32.845061611Z 		at reactor.core.publisher.InternalMonoOperator.subscribe(InternalMonoOperator.java:75)
api-gateway-1  | 2026-09-23T08:18:32.845064226Z 		at reactor.core.publisher.MonoTapRestoringThreadLocals.subscribe(MonoTapRestoringThreadLocals.java:78)
api-gateway-1  | 2026-09-23T08:18:32.845066872Z 		at reactor.core.publisher.Mono.subscribe(Mono.java:4569)
api-gateway-1  | 2026-09-23T08:18:32.845069447Z 		at reactor.core.publisher.MonoIgnoreThen$ThenIgnoreMain.subscribeNext(MonoIgnoreThen.java:268)
api-gateway-1  | 2026-09-23T08:18:32.845072062Z 		at reactor.core.publisher.MonoIgnoreThen.subscribe(MonoIgnoreThen.java:51)
api-gateway-1  | 2026-09-23T08:18:32.845074657Z 		at reactor.core.publisher.InternalMonoOperator.subscribe(InternalMonoOperator.java:75)
api-gateway-1  | 2026-09-23T08:18:32.845082382Z 		at reactor.core.publisher.MonoDeferContextual.subscribe(MonoDeferContextual.java:56)
api-gateway-1  | 2026-09-23T08:18:32.845085087Z 		at reactor.netty.http.server.HttpServer$HttpServerHandle.onStateChange(HttpServer.java:1344)
api-gateway-1  | 2026-09-23T08:18:32.845087722Z 		at reactor.netty.ReactorNetty$CompositeConnectionObserver.onStateChange(ReactorNetty.java:730)
api-gateway-1  | 2026-09-23T08:18:32.845090398Z 		at reactor.netty.transport.ServerTransport$ChildObserver.onStateChange(ServerTransport.java:489)
api-gateway-1  | 2026-09-23T08:18:32.845093033Z 		at reactor.netty.http.server.HttpServerOperations.handleDefaultHttpRequest(HttpServerOperations.java:863)
api-gateway-1  | 2026-09-23T08:18:32.845095678Z 		at reactor.netty.http.server.HttpServerOperations.onInboundNext(HttpServerOperations.java:789)
api-gateway-1  | 2026-09-23T08:18:32.845098283Z 		at reactor.netty.channel.ChannelOperationsHandler.channelRead(ChannelOperationsHandler.java:115)
api-gateway-1  | 2026-09-23T08:18:32.845100908Z 		at io.netty.channel.AbstractChannelHandlerContext.fireChannelRead(AbstractChannelHandlerContext.java:356)
api-gateway-1  | 2026-09-23T08:18:32.845103724Z 		at reactor.netty.http.server.HttpTrafficHandler.channelRead(HttpTrafficHandler.java:283)
api-gateway-1  | 2026-09-23T08:18:32.845106369Z 		at io.netty.channel.AbstractChannelHandlerContext.fireChannelRead(AbstractChannelHandlerContext.java:354)
api-gateway-1  | 2026-09-23T08:18:32.845108994Z 		at io.netty.channel.CombinedChannelDuplexHandler$DelegatingChannelHandlerContext.fireChannelRead(CombinedChannelDuplexHandler.java:434)
api-gateway-1  | 2026-09-23T08:18:32.845111689Z 		at io.netty.handler.codec.ByteToMessageDecoder.fireChannelRead(ByteToMessageDecoder.java:361)
api-gateway-1  | 2026-09-23T08:18:32.845114384Z 		at io.netty.handler.codec.ByteToMessageDecoder.channelRead(ByteToMessageDecoder.java:325)
api-gateway-1  | 2026-09-23T08:18:32.845117009Z 		at io.netty.channel.CombinedChannelDuplexHandler.channelRead(CombinedChannelDuplexHandler.java:249)
api-gateway-1  | 2026-09-23T08:18:32.845119615Z 		at io.netty.channel.AbstractChannelHandlerContext.fireChannelRead(AbstractChannelHandlerContext.java:354)
api-gateway-1  | 2026-09-23T08:18:32.845122270Z 		at io.netty.channel.DefaultChannelPipeline$HeadContext.channelRead(DefaultChannelPipeline.java:1429)
api-gateway-1  | 2026-09-23T08:18:32.845124915Z 		at io.netty.channel.DefaultChannelPipeline.fireChannelRead(DefaultChannelPipeline.java:918)
api-gateway-1  | 2026-09-23T08:18:32.845127530Z 		at io.netty.channel.epoll.AbstractEpollStreamChannel$EpollStreamUnsafe.epollInReady(AbstractEpollStreamChannel.java:804)
api-gateway-1  | 2026-09-23T08:18:32.845130195Z 		at io.netty.channel.epoll.AbstractEpollChannel$AbstractEpollUnsafe.handle(AbstractEpollChannel.java:482)
api-gateway-1  | 2026-09-23T08:18:32.845132820Z 		at io.netty.channel.epoll.EpollIoHandler$DefaultEpollIoRegistration.handle(EpollIoHandler.java:317)
api-gateway-1  | 2026-09-23T08:18:32.845135445Z 		at io.netty.channel.epoll.EpollIoHandler.processReady(EpollIoHandler.java:515)
api-gateway-1  | 2026-09-23T08:18:32.845138051Z 		at io.netty.channel.epoll.EpollIoHandler.run(EpollIoHandler.java:460)
api-gateway-1  | 2026-09-23T08:18:32.845140646Z 		at io.netty.channel.SingleThreadIoEventLoop.runIo(SingleThreadIoEventLoop.java:225)
api-gateway-1  | 2026-09-23T08:18:32.845148591Z 		at io.netty.channel.SingleThreadIoEventLoop.run(SingleThreadIoEventLoop.java:196)
api-gateway-1  | 2026-09-23T08:18:32.845151336Z 		at io.netty.util.concurrent.SingleThreadEventExecutor$5.run(SingleThreadEventExecutor.java:1195)
api-gateway-1  | 2026-09-23T08:18:32.845153972Z 		at io.netty.util.internal.ThreadExecutorMap$2.run(ThreadExecutorMap.java:74)
api-gateway-1  | 2026-09-23T08:18:32.845156597Z 		at io.netty.util.concurrent.FastThreadLocalRunnable.run(FastThreadLocalRunnable.java:30)
api-gateway-1  | 2026-09-23T08:18:32.845159232Z 		at java.base/java.lang.Thread.run(Thread.java:840)
api-gateway-1  | 2026-09-23T08:18:32.845161857Z 
api-gateway-1  | 2026-09-23T08:18:32.848423137Z 2026-09-23T08:18:32.847Z  WARN 1 --- [api-gateway] [or-http-epoll-5] [                                                 ] i.m.o.c.ObservationThreadLocalAccessor   : There is no current scope in thread local. This situation should not happen
api-gateway-1  | 2026-09-23T08:18:32.848969361Z 2026-09-23T08:18:32.848Z  WARN 1 --- [api-gateway] [or-http-epoll-5] [                                                 ] i.m.o.c.ObservationThreadLocalAccessor   : Observation <{name=http.server.requests(http get /api/gateway/owners/{ownerId}), error=org.springframework.web.reactive.function.client.WebClientResponseException$ServiceUnavailable: 503 Service Unavailable from UNKNOWN , context=name='http.server.requests', contextualName='http get /api/gateway/owners/{ownerId}', error='org.springframework.web.reactive.function.client.WebClientResponseException$ServiceUnavailable: 503 Service Unavailable from UNKNOWN ', lowCardinalityKeyValues=[exception='ServiceUnavailable', method='GET', outcome='SERVER_ERROR', status='500', uri='/api/gateway/owners/{ownerId}'], highCardinalityKeyValues=[http.url='/api/gateway/owners/6'], map=[class io.micrometer.tracing.handler.TracingObservationHandler$TracingContext='TracingContext{span=6ab38b58bcc5615d18a34480ee3734db/18a34480ee3734db}', class io.micrometer.core.instrument.Timer$Sample='io.micrometer.core.instrument.Timer$Sample@284b449c', class io.micrometer.core.instrument.LongTaskTimer$Sample='SampleImpl{duration(seconds)=-1.0E-9, duration(nanos)=-1.0, startTimeNanos=992133405138}'], parentObservation=null}> to which we're restoring is not the same as the one set as this scope's parent observation <null>. Most likely a manually created Observation has a scope opened that was never closed. This may lead to thread polluting and memory leaks.
api-gateway-1  | 2026-09-23T08:18:35.874171025Z 2026-09-23T08:18:35.873Z  WARN 1 --- [api-gateway] [or-http-epoll-6] [6ab38b5bc3b97898816e18fc4e6a68ee-816e18fc4e6a68ee] i.m.o.c.ObservationThreadLocalAccessor   : Observation <{name=http.server.requests(null), error=null, context=name='http.server.requests', contextualName='null', error='null', lowCardinalityKeyValues=[exception='none', method='GET', outcome='SUCCESS', status='200', uri='UNKNOWN'], highCardinalityKeyValues=[http.url='/api/gateway/owners/6'], map=[class io.micrometer.tracing.handler.TracingObservationHandler$TracingContext='TracingContext{span=6ab38b5bc3b97898816e18fc4e6a68ee/816e18fc4e6a68ee}', class io.micrometer.core.instrument.Timer$Sample='io.micrometer.core.instrument.Timer$Sample@5e22bdea', class io.micrometer.core.instrument.LongTaskTimer$Sample='SampleImpl{duration(seconds)=0.003922148, duration(nanos)=3922148.0, startTimeNanos=995170163596}'], parentObservation=null}> to which we're restoring is not the same as the one set as this scope's parent observation <null>. Most likely a manually created Observation has a scope opened that was never closed. This may lead to thread polluting and memory leaks.
api-gateway-1  | 2026-09-23T08:18:35.876797619Z 2026-09-23T08:18:35.876Z  WARN 1 --- [api-gateway] [or-http-epoll-6] [                                                 ] o.s.c.l.core.RoundRobinLoadBalancer      : No servers available for service: customers-service
api-gateway-1  | 2026-09-23T08:18:35.876966085Z 2026-09-23T08:18:35.876Z  WARN 1 --- [api-gateway] [or-http-epoll-6] [                                                 ] eactorLoadBalancerExchangeFilterFunction : LoadBalancer does not contain an instance for the service customers-service
api-gateway-1  | 2026-09-23T08:18:35.879835398Z 2026-09-23T08:18:35.878Z ERROR 1 --- [api-gateway] [or-http-epoll-6] [6ab38b5bc3b97898816e18fc4e6a68ee-816e18fc4e6a68ee] b.w.a.e.AbstractErrorWebExceptionHandler : [6989755a-5]  500 Server Error for HTTP GET "/api/gateway/owners/6"
api-gateway-1  | 2026-09-23T08:18:35.879874104Z 
api-gateway-1  | 2026-09-23T08:18:35.879879073Z org.springframework.web.reactive.function.client.WebClientResponseException$ServiceUnavailable: 503 Service Unavailable from UNKNOWN 
api-gateway-1  | 2026-09-23T08:18:35.879883171Z 	at org.springframework.web.reactive.function.client.WebClientResponseException.create(WebClientResponseException.java:322)
api-gateway-1  | 2026-09-23T08:18:35.879887560Z 	Suppressed: The stacktrace has been enhanced by Reactor, refer to additional information below: 
api-gateway-1  | 2026-09-23T08:18:35.879891307Z Error has been observed at the following site(s):
api-gateway-1  | 2026-09-23T08:18:35.879895004Z 	*__checkpoint ⇢ 503 SERVICE_UNAVAILABLE from GET http://customers-service/owners/6 [DefaultWebClient]
api-gateway-1  | 2026-09-23T08:18:35.879899313Z 	*__checkpoint ⇢ Handler org.springframework.samples.petclinic.api.boundary.web.ApiGatewayController#getOwnerDetails(int) [DispatcherHandler]
api-gateway-1  | 2026-09-23T08:18:35.879903271Z 	*__checkpoint ⇢ org.springframework.cloud.gateway.filter.WeightCalculatorWebFilter@5d94ac8a
api-gateway-1  | 2026-09-23T08:18:35.879907068Z 	*__checkpoint ⇢ HTTP GET "/api/gateway/owners/6" [ExceptionHandlingWebHandler]
api-gateway-1  | 2026-09-23T08:18:35.879911006Z Original Stack Trace:
api-gateway-1  | 2026-09-23T08:18:35.879914613Z 		at org.springframework.web.reactive.function.client.WebClientResponseException.create(WebClientResponseException.java:322)
api-gateway-1  | 2026-09-23T08:18:35.879918520Z 		at org.springframework.web.reactive.function.client.DefaultClientResponse.lambda$createException$1(DefaultClientResponse.java:214)
api-gateway-1  | 2026-09-23T08:18:35.879922378Z 		at reactor.core.publisher.FluxMap$MapSubscriber.onNext(FluxMap.java:106)
api-gateway-1  | 2026-09-23T08:18:35.879926155Z 		at reactor.core.publisher.FluxOnErrorReturn$ReturnSubscriber.onNext(FluxOnErrorReturn.java:159)
api-gateway-1  | 2026-09-23T08:18:35.879929862Z 		at reactor.core.publisher.FluxDefaultIfEmpty$DefaultIfEmptySubscriber.onNext(FluxDefaultIfEmpty.java:123)
api-gateway-1  | 2026-09-23T08:18:35.879933620Z 		at reactor.core.publisher.FluxMapFuseable$MapFuseableSubscriber.onNext(FluxMapFuseable.java:130)
api-gateway-1  | 2026-09-23T08:18:35.879937457Z 		at reactor.core.publisher.FluxContextWrite$ContextWriteSubscriber.onNext(FluxContextWrite.java:109)
api-gateway-1  | 2026-09-23T08:18:35.879941325Z 		at reactor.core.publisher.FluxMapFuseable$MapFuseableConditionalSubscriber.onNext(FluxMapFuseable.java:300)
api-gateway-1  | 2026-09-23T08:18:35.879946014Z 		at reactor.core.publisher.FluxFilterFuseable$FilterFuseableConditionalSubscriber.onNext(FluxFilterFuseable.java:338)
api-gateway-1  | 2026-09-23T08:18:35.879968027Z 		at reactor.core.publisher.Operators$BaseFluxToMonoOperator.completePossiblyEmpty(Operators.java:2093)
api-gateway-1  | 2026-09-23T08:18:35.879972205Z 		at reactor.core.publisher.MonoCollect$CollectSubscriber.onComplete(MonoCollect.java:144)
api-gateway-1  | 2026-09-23T08:18:35.879976173Z 		at reactor.core.publisher.FluxMapFuseable$MapFuseableSubscriber.onComplete(FluxMapFuseable.java:153)
api-gateway-1  | 2026-09-23T08:18:35.879980261Z 		at reactor.core.publisher.Operators$ScalarSubscription.request(Operators.java:2567)
api-gateway-1  | 2026-09-23T08:18:35.879983998Z 		at reactor.core.publisher.FluxMapFuseable$MapFuseableSubscriber.request(FluxMapFuseable.java:172)
api-gateway-1  | 2026-09-23T08:18:35.879990411Z 		at reactor.core.publisher.Operators$BaseFluxToMonoOperator.request(Operators.java:2063)
api-gateway-1  | 2026-09-23T08:18:35.879994048Z 		at reactor.core.publisher.FluxFilterFuseable$FilterFuseableConditionalSubscriber.request(FluxFilterFuseable.java:411)
api-gateway-1  | 2026-09-23T08:18:35.879997675Z 		at reactor.core.publisher.FluxMapFuseable$MapFuseableConditionalSubscriber.request(FluxMapFuseable.java:361)
api-gateway-1  | 2026-09-23T08:18:35.880001312Z 		at reactor.core.publisher.FluxContextWrite$ContextWriteSubscriber.request(FluxContextWrite.java:138)
api-gateway-1  | 2026-09-23T08:18:35.880005059Z 		at reactor.core.publisher.FluxMapFuseable$MapFuseableSubscriber.request(FluxMapFuseable.java:172)
api-gateway-1  | 2026-09-23T08:18:35.880009097Z 		at reactor.core.publisher.FluxDefaultIfEmpty$DefaultIfEmptySubscriber.request(FluxDefaultIfEmpty.java:99)
api-gateway-1  | 2026-09-23T08:18:35.880013055Z 		at reactor.core.publisher.FluxOnErrorReturn$ReturnSubscriber.request(FluxOnErrorReturn.java:150)
api-gateway-1  | 2026-09-23T08:18:35.880017143Z 		at reactor.core.publisher.FluxMap$MapSubscriber.request(FluxMap.java:163)
api-gateway-1  | 2026-09-23T08:18:35.880021111Z 		at reactor.core.publisher.MonoFlatMap$FlatMapMain.request(MonoFlatMap.java:195)
api-gateway-1  | 2026-09-23T08:18:35.880025068Z 		at reactor.core.publisher.Operators$MultiSubscriptionSubscriber.set(Operators.java:2361)
api-gateway-1  | 2026-09-23T08:18:35.880028996Z 		at reactor.core.publisher.FluxOnErrorResume$ResumeSubscriber.onSubscribe(FluxOnErrorResume.java:75)
api-gateway-1  | 2026-09-23T08:18:35.880032854Z 		at reactor.core.publisher.MonoFlatMap$FlatMapMain.onSubscribe(MonoFlatMap.java:118)
api-gateway-1  | 2026-09-23T08:18:35.880036631Z 		at reactor.core.publisher.FluxMap$MapSubscriber.onSubscribe(FluxMap.java:92)
api-gateway-1  | 2026-09-23T08:18:35.880040699Z 		at reactor.core.publisher.FluxOnErrorReturn$ReturnSubscriber.onSubscribe(FluxOnErrorReturn.java:92)
api-gateway-1  | 2026-09-23T08:18:35.880044707Z 		at reactor.core.publisher.Operators$BaseFluxToMonoOperator.onSubscribe(Operators.java:2047)
api-gateway-1  | 2026-09-23T08:18:35.880048785Z 		at reactor.core.publisher.FluxMapFuseable$MapFuseableSubscriber.onSubscribe(FluxMapFuseable.java:96)
api-gateway-1  | 2026-09-23T08:18:35.880053484Z 		at reactor.core.publisher.FluxContextWrite$ContextWriteSubscriber.onSubscribe(FluxContextWrite.java:103)
api-gateway-1  | 2026-09-23T08:18:35.880057532Z 		at reactor.core.publisher.FluxMapFuseable$MapFuseableConditionalSubscriber.onSubscribe(FluxMapFuseable.java:265)
api-gateway-1  | 2026-09-23T08:18:35.880070307Z 		at reactor.core.publisher.FluxFilterFuseable$FilterFuseableConditionalSubscriber.onSubscribe(FluxFilterFuseable.java:305)
api-gateway-1  | 2026-09-23T08:18:35.880074435Z 		at reactor.core.publisher.Operators$BaseFluxToMonoOperator.onSubscribe(Operators.java:2047)
api-gateway-1  | 2026-09-23T08:18:35.880078282Z 		at reactor.core.publisher.FluxMapFuseable$MapFuseableSubscriber.onSubscribe(FluxMapFuseable.java:96)
api-gateway-1  | 2026-09-23T08:18:35.880082230Z 		at reactor.core.publisher.FluxJust.subscribe(FluxJust.java:69)
api-gateway-1  | 2026-09-23T08:18:35.880085937Z 		at reactor.core.publisher.InternalMonoOperator.subscribe(InternalMonoOperator.java:75)
api-gateway-1  | 2026-09-23T08:18:35.880089544Z 		at reactor.core.publisher.MonoFlatMap$FlatMapMain.onNext(MonoFlatMap.java:166)
api-gateway-1  | 2026-09-23T08:18:35.880093151Z 		at reactor.core.publisher.MonoContextWriteRestoringThreadLocals$ContextWriteRestoringThreadLocalsSubscriber.onNext(MonoContextWriteRestoringThreadLocals.java:111)
api-gateway-1  | 2026-09-23T08:18:35.880097169Z 		at reactor.core.publisher.FluxDoFinally$DoFinallySubscriber.onNext(FluxDoFinally.java:113)
api-gateway-1  | 2026-09-23T08:18:35.880100866Z 		at reactor.core.publisher.MonoPeekTerminal$MonoTerminalPeekSubscriber.onNext(MonoPeekTerminal.java:184)
api-gateway-1  | 2026-09-23T08:18:35.880104574Z 		at reactor.core.publisher.FluxPeekFuseable$PeekConditionalSubscriber.onNext(FluxPeekFuseable.java:850)
api-gateway-1  | 2026-09-23T08:18:35.880108181Z 		at reactor.core.publisher.FluxSwitchIfEmpty$SwitchIfEmptySubscriber.onNext(FluxSwitchIfEmpty.java:75)
api-gateway-1  | 2026-09-23T08:18:35.880111778Z 		at reactor.core.publisher.MonoFlatMap$FlatMapMain.onNext(MonoFlatMap.java:159)
api-gateway-1  | 2026-09-23T08:18:35.880115355Z 		at reactor.core.publisher.FluxMap$MapSubscriber.onNext(FluxMap.java:122)
api-gateway-1  | 2026-09-23T08:18:35.880118902Z 		at reactor.core.publisher.MonoNext$NextSubscriber.onNext(MonoNext.java:83)
api-gateway-1  | 2026-09-23T08:18:35.880122459Z 		at reactor.core.publisher.FluxDematerialize$DematerializeSubscriber.onNext(FluxDematerialize.java:102)
api-gateway-1  | 2026-09-23T08:18:35.880126056Z 		at reactor.core.publisher.FluxDematerialize$DematerializeSubscriber.onNext(FluxDematerialize.java:44)
api-gateway-1  | 2026-09-23T08:18:35.880129803Z 		at reactor.core.publisher.FluxFlattenIterable$FlattenIterableSubscriber.drainAsync(FluxFlattenIterable.java:455)
api-gateway-1  | 2026-09-23T08:18:35.880133480Z 		at reactor.core.publisher.FluxFlattenIterable$FlattenIterableSubscriber.drain(FluxFlattenIterable.java:726)
api-gateway-1  | 2026-09-23T08:18:35.880137859Z 		at reactor.core.publisher.FluxFlattenIterable$FlattenIterableSubscriber.onNext(FluxFlattenIterable.java:258)
api-gateway-1  | 2026-09-23T08:18:35.880141616Z 		at reactor.core.publisher.FluxSwitchIfEmpty$SwitchIfEmptySubscriber.onNext(FluxSwitchIfEmpty.java:75)
api-gateway-1  | 2026-09-23T08:18:35.880145263Z 		at reactor.core.publisher.MonoFlatMap$FlatMapMain.secondComplete(MonoFlatMap.java:246)
api-gateway-1  | 2026-09-23T08:18:35.880148910Z 		at reactor.core.publisher.MonoFlatMap$FlatMapInner.onNext(MonoFlatMap.java:307)
api-gateway-1  | 2026-09-23T08:18:35.880152507Z 		at reactor.core.publisher.MonoIgnoreThen$ThenIgnoreMain.complete(MonoIgnoreThen.java:297)
api-gateway-1  | 2026-09-23T08:18:35.880228185Z 		at reactor.core.publisher.MonoIgnoreThen$ThenIgnoreMain.onNext(MonoIgnoreThen.java:191)
api-gateway-1  | 2026-09-23T08:18:35.880234998Z 		at reactor.core.publisher.MonoIgnoreThen$ThenIgnoreMain.subscribeNext(MonoIgnoreThen.java:240)
api-gateway-1  | 2026-09-23T08:18:35.880239247Z 		at reactor.core.publisher.MonoIgnoreThen$ThenIgnoreMain.onComplete(MonoIgnoreThen.java:207)
api-gateway-1  | 2026-09-23T08:18:35.880243264Z 		at reactor.core.publisher.MonoIgnoreElements$IgnoreElementsSubscriber.onComplete(MonoIgnoreElements.java:89)
api-gateway-1  | 2026-09-23T08:18:35.880247433Z 		at reactor.core.publisher.FluxPeek$PeekSubscriber.onComplete(FluxPeek.java:263)
api-gateway-1  | 2026-09-23T08:18:35.880251601Z 		at reactor.core.publisher.FluxDematerialize$DematerializeSubscriber.onComplete(FluxDematerialize.java:125)
api-gateway-1  | 2026-09-23T08:18:35.880255709Z 		at reactor.core.publisher.FluxDematerialize$DematerializeSubscriber.onNext(FluxDematerialize.java:91)
api-gateway-1  | 2026-09-23T08:18:35.880259827Z 		at reactor.core.publisher.FluxDematerialize$DematerializeSubscriber.onNext(FluxDematerialize.java:44)
api-gateway-1  | 2026-09-23T08:18:35.880263895Z 		at reactor.core.publisher.FluxIterable$IterableSubscription.fastPath(FluxIterable.java:402)
api-gateway-1  | 2026-09-23T08:18:35.880268163Z 		at reactor.core.publisher.FluxIterable$IterableSubscription.request(FluxIterable.java:291)
api-gateway-1  | 2026-09-23T08:18:35.880272081Z 		at reactor.core.publisher.FluxDematerialize$DematerializeSubscriber.request(FluxDematerialize.java:131)
api-gateway-1  | 2026-09-23T08:18:35.880275988Z 		at reactor.core.publisher.FluxPeek$PeekSubscriber.request(FluxPeek.java:141)
api-gateway-1  | 2026-09-23T08:18:35.880279896Z 		at reactor.core.publisher.MonoIgnoreElements$IgnoreElementsSubscriber.onSubscribe(MonoIgnoreElements.java:72)
api-gateway-1  | 2026-09-23T08:18:35.880283934Z 		at reactor.core.publisher.FluxPeek$PeekSubscriber.onSubscribe(FluxPeek.java:174)
api-gateway-1  | 2026-09-23T08:18:35.880288112Z 		at reactor.core.publisher.FluxDematerialize$DematerializeSubscriber.onSubscribe(FluxDematerialize.java:77)
api-gateway-1  | 2026-09-23T08:18:35.880292430Z 		at reactor.core.publisher.FluxIterable.subscribe(FluxIterable.java:200)
api-gateway-1  | 2026-09-23T08:18:35.880297530Z 		at reactor.core.publisher.FluxIterable.subscribe(FluxIterable.java:82)
api-gateway-1  | 2026-09-23T08:18:35.880301679Z 		at reactor.core.publisher.Mono.subscribe(Mono.java:4569)
api-gateway-1  | 2026-09-23T08:18:35.880305726Z 		at reactor.core.publisher.MonoIgnoreThen$ThenIgnoreMain.subscribeNext(MonoIgnoreThen.java:268)
api-gateway-1  | 2026-09-23T08:18:35.880309564Z 		at reactor.core.publisher.MonoIgnoreThen.subscribe(MonoIgnoreThen.java:51)
api-gateway-1  | 2026-09-23T08:18:35.880313512Z 		at reactor.core.publisher.MonoFlatMap$FlatMapMain.onNext(MonoFlatMap.java:166)
api-gateway-1  | 2026-09-23T08:18:35.880317680Z 		at reactor.core.publisher.Operators$BaseFluxToMonoOperator.completePossiblyEmpty(Operators.java:2093)
api-gateway-1  | 2026-09-23T08:18:35.880322509Z 		at reactor.core.publisher.MonoCollectList$MonoCollectListSubscriber.onComplete(MonoCollectList.java:117)
api-gateway-1  | 2026-09-23T08:18:35.880326287Z 		at reactor.core.publisher.DrainUtils.postCompleteDrain(DrainUtils.java:132)
api-gateway-1  | 2026-09-23T08:18:35.880340795Z 		at reactor.core.publisher.DrainUtils.postComplete(DrainUtils.java:187)
api-gateway-1  | 2026-09-23T08:18:35.880345013Z 		at reactor.core.publisher.FluxMaterialize$MaterializeSubscriber.onComplete(FluxMaterialize.java:141)
api-gateway-1  | 2026-09-23T08:18:35.880348881Z 		at reactor.core.publisher.FluxLimitRequest$FluxLimitRequestSubscriber.onNext(FluxLimitRequest.java:104)
api-gateway-1  | 2026-09-23T08:18:35.880352688Z 		at reactor.core.publisher.FluxOnErrorResume$ResumeSubscriber.onNext(FluxOnErrorResume.java:80)
api-gateway-1  | 2026-09-23T08:18:35.880356636Z 		at reactor.core.publisher.SerializedSubscriber.onNext(SerializedSubscriber.java:100)
api-gateway-1  | 2026-09-23T08:18:35.880360744Z 		at reactor.core.publisher.FluxTimeout$TimeoutMainSubscriber.onNext(FluxTimeout.java:182)
api-gateway-1  | 2026-09-23T08:18:35.880364521Z 		at reactor.core.publisher.Operators$BaseFluxToMonoOperator.completePossiblyEmpty(Operators.java:2093)
api-gateway-1  | 2026-09-23T08:18:35.880368198Z 		at reactor.core.publisher.MonoCollectList$MonoCollectListSubscriber.onComplete(MonoCollectList.java:117)
api-gateway-1  | 2026-09-23T08:18:35.880371906Z 		at reactor.core.publisher.FluxContextWriteRestoringThreadLocals$ContextWriteRestoringThreadLocalsSubscriber.onComplete(FluxContextWriteRestoringThreadLocals.java:150)
api-gateway-1  | 2026-09-23T08:18:35.880375833Z 		at org.springframework.cloud.commons.publisher.FluxFirstNonEmptyEmitting$FirstNonEmptyEmittingSubscriber.onComplete(FluxFirstNonEmptyEmitting.java:325)
api-gateway-1  | 2026-09-23T08:18:35.880379681Z 		at reactor.core.publisher.Operators.complete(Operators.java:137)
api-gateway-1  | 2026-09-23T08:18:35.880383278Z 		at reactor.core.publisher.FluxIterable.subscribe(FluxIterable.java:143)
api-gateway-1  | 2026-09-23T08:18:35.880387105Z 		at reactor.core.publisher.FluxIterable.subscribe(FluxIterable.java:82)
api-gateway-1  | 2026-09-23T08:18:35.880390752Z 		at reactor.core.publisher.Flux.subscribe(Flux.java:8888)
api-gateway-1  | 2026-09-23T08:18:35.880395231Z 		at org.springframework.cloud.commons.publisher.FluxFirstNonEmptyEmitting$RaceCoordinator.subscribe(FluxFirstNonEmptyEmitting.java:203)
api-gateway-1  | 2026-09-23T08:18:35.880399259Z 		at org.springframework.cloud.commons.publisher.FluxFirstNonEmptyEmitting.subscribe(FluxFirstNonEmptyEmitting.java:128)
api-gateway-1  | 2026-09-23T08:18:35.880403016Z 		at reactor.core.publisher.InternalFluxOperator.subscribe(InternalFluxOperator.java:67)
api-gateway-1  | 2026-09-23T08:18:35.880407034Z 		at reactor.core.publisher.FluxDefer.subscribe(FluxDefer.java:55)
api-gateway-1  | 2026-09-23T08:18:35.880411122Z 		at reactor.core.publisher.InternalFluxOperator.subscribe(InternalFluxOperator.java:67)
api-gateway-1  | 2026-09-23T08:18:35.880415200Z 		at reactor.core.publisher.FluxDefer.subscribe(FluxDefer.java:55)
api-gateway-1  | 2026-09-23T08:18:35.880418978Z 		at reactor.core.publisher.Mono.subscribe(Mono.java:4569)
api-gateway-1  | 2026-09-23T08:18:35.880423106Z 		at reactor.core.publisher.FluxSwitchIfEmpty$SwitchIfEmptySubscriber.onComplete(FluxSwitchIfEmpty.java:83)
api-gateway-1  | 2026-09-23T08:18:35.880427464Z 		at reactor.core.publisher.Operators.complete(Operators.java:137)
api-gateway-1  | 2026-09-23T08:18:35.880439438Z 		at reactor.core.publisher.MonoEmpty.subscribe(MonoEmpty.java:46)
api-gateway-1  | 2026-09-23T08:18:35.880443495Z 		at reactor.core.publisher.InternalFluxOperator.subscribe(InternalFluxOperator.java:67)
api-gateway-1  | 2026-09-23T08:18:35.880447523Z 		at reactor.core.publisher.FluxDefer.subscribe(FluxDefer.java:55)
api-gateway-1  | 2026-09-23T08:18:35.880451080Z 		at reactor.core.publisher.InternalMonoOperator.subscribe(InternalMonoOperator.java:75)
api-gateway-1  | 2026-09-23T08:18:35.880476951Z 		at reactor.core.publisher.MonoDefer.subscribe(MonoDefer.java:54)
api-gateway-1  | 2026-09-23T08:18:35.880480868Z 		at reactor.core.publisher.InternalMonoOperator.subscribe(InternalMonoOperator.java:75)
api-gateway-1  | 2026-09-23T08:18:35.880484966Z 		at reactor.core.publisher.MonoContextWriteRestoringThreadLocals.subscribe(MonoContextWriteRestoringThreadLocals.java:44)
api-gateway-1  | 2026-09-23T08:18:35.880489014Z 		at reactor.core.publisher.MonoDeferContextual.subscribe(MonoDeferContextual.java:56)
api-gateway-1  | 2026-09-23T08:18:35.880492822Z 		at reactor.core.publisher.FluxFromMonoOperator.subscribe(FluxFromMonoOperator.java:83)
api-gateway-1  | 2026-09-23T08:18:35.880496589Z 		at reactor.core.publisher.FluxDeferContextual.subscribe(FluxDeferContextual.java:58)
api-gateway-1  | 2026-09-23T08:18:35.880500647Z 		at reactor.core.publisher.InternalMonoOperator.subscribe(InternalMonoOperator.java:75)
api-gateway-1  | 2026-09-23T08:18:35.880504745Z 		at reactor.core.publisher.MonoFlatMap$FlatMapMain.onNext(MonoFlatMap.java:166)
api-gateway-1  | 2026-09-23T08:18:35.880509003Z 		at reactor.core.publisher.FluxOnErrorResume$ResumeSubscriber.onNext(FluxOnErrorResume.java:80)
api-gateway-1  | 2026-09-23T08:18:35.880513512Z 		at reactor.core.publisher.FluxOnErrorResume$ResumeSubscriber.onNext(FluxOnErrorResume.java:80)
api-gateway-1  | 2026-09-23T08:18:35.880517650Z 		at reactor.core.publisher.FluxPeek$PeekSubscriber.onNext(FluxPeek.java:203)
api-gateway-1  | 2026-09-23T08:18:35.880522800Z 		at reactor.core.publisher.MonoIgnoreThen$ThenIgnoreMain.complete(MonoIgnoreThen.java:297)
api-gateway-1  | 2026-09-23T08:18:35.880527479Z 		at reactor.core.publisher.MonoIgnoreThen$ThenIgnoreMain.onNext(MonoIgnoreThen.java:191)
api-gateway-1  | 2026-09-23T08:18:35.880532279Z 		at reactor.core.publisher.MonoFlatMap$FlatMapMain.onNext(MonoFlatMap.java:159)
api-gateway-1  | 2026-09-23T08:18:35.880536888Z 		at reactor.core.publisher.MonoZip$ZipCoordinator.signal(MonoZip.java:296)
api-gateway-1  | 2026-09-23T08:18:35.880541316Z 		at reactor.core.publisher.MonoZip$ZipInner.onNext(MonoZip.java:480)
api-gateway-1  | 2026-09-23T08:18:35.880546236Z 		at reactor.core.publisher.MonoPeekTerminal$MonoTerminalPeekSubscriber.onNext(MonoPeekTerminal.java:184)
api-gateway-1  | 2026-09-23T08:18:35.880551737Z 		at reactor.core.publisher.FluxDefaultIfEmpty$DefaultIfEmptySubscriber.onNext(FluxDefaultIfEmpty.java:123)
api-gateway-1  | 2026-09-23T08:18:35.880556486Z 		at reactor.core.publisher.FluxSwitchIfEmpty$SwitchIfEmptySubscriber.onNext(FluxSwitchIfEmpty.java:75)
api-gateway-1  | 2026-09-23T08:18:35.880560534Z 		at reactor.core.publisher.Operators$ScalarSubscription.request(Operators.java:2565)
api-gateway-1  | 2026-09-23T08:18:35.880564522Z 		at reactor.core.publisher.Operators$MultiSubscriptionSubscriber.set(Operators.java:2361)
api-gateway-1  | 2026-09-23T08:18:35.880579311Z 		at reactor.core.publisher.Operators$MultiSubscriptionSubscriber.onSubscribe(Operators.java:2235)
api-gateway-1  | 2026-09-23T08:18:35.880583599Z 		at reactor.core.publisher.FluxFlatMap.trySubscribeScalarMap(FluxFlatMap.java:193)
api-gateway-1  | 2026-09-23T08:18:35.880587897Z 		at reactor.core.publisher.MonoFlatMap.subscribeOrReturn(MonoFlatMap.java:53)
api-gateway-1  | 2026-09-23T08:18:35.880592416Z 		at reactor.core.publisher.InternalMonoOperator.subscribe(InternalMonoOperator.java:62)
api-gateway-1  | 2026-09-23T08:18:35.880596705Z 		at reactor.core.publisher.MonoZip$ZipCoordinator.request(MonoZip.java:219)
api-gateway-1  | 2026-09-23T08:18:35.880601103Z 		at reactor.core.publisher.MonoFlatMap$FlatMapMain.request(MonoFlatMap.java:195)
api-gateway-1  | 2026-09-23T08:18:35.880605382Z 		at reactor.core.publisher.MonoIgnoreThen$ThenIgnoreMain.onSubscribe(MonoIgnoreThen.java:135)
api-gateway-1  | 2026-09-23T08:18:35.880609650Z 		at reactor.core.publisher.MonoFlatMap$FlatMapMain.onSubscribe(MonoFlatMap.java:118)
api-gateway-1  | 2026-09-23T08:18:35.880614129Z 		at reactor.core.publisher.MonoZip.subscribe(MonoZip.java:129)
api-gateway-1  | 2026-09-23T08:18:35.880618788Z 		at reactor.core.publisher.InternalMonoOperator.subscribe(InternalMonoOperator.java:75)
api-gateway-1  | 2026-09-23T08:18:35.880623377Z 		at reactor.core.publisher.MonoDefer.subscribe(MonoDefer.java:54)
api-gateway-1  | 2026-09-23T08:18:35.880627545Z 		at reactor.core.publisher.MonoIgnoreThen$ThenIgnoreMain.subscribeNext(MonoIgnoreThen.java:244)
api-gateway-1  | 2026-09-23T08:18:35.880631573Z 		at reactor.core.publisher.MonoIgnoreThen$ThenIgnoreMain.onComplete(MonoIgnoreThen.java:207)
api-gateway-1  | 2026-09-23T08:18:35.880638256Z 		at reactor.core.publisher.MonoFlatMap$FlatMapMain.onComplete(MonoFlatMap.java:190)
api-gateway-1  | 2026-09-23T08:18:35.880642524Z 		at reactor.core.publisher.Operators.complete(Operators.java:137)
api-gateway-1  | 2026-09-23T08:18:35.880646602Z 		at reactor.core.publisher.MonoZip.subscribe(MonoZip.java:121)
api-gateway-1  | 2026-09-23T08:18:35.880650920Z 		at reactor.core.publisher.Mono.subscribe(Mono.java:4569)
api-gateway-1  | 2026-09-23T08:18:35.880655139Z 		at reactor.core.publisher.MonoIgnoreThen$ThenIgnoreMain.subscribeNext(MonoIgnoreThen.java:268)
api-gateway-1  | 2026-09-23T08:18:35.880659277Z 		at reactor.core.publisher.MonoIgnoreThen.subscribe(MonoIgnoreThen.java:51)
api-gateway-1  | 2026-09-23T08:18:35.880663325Z 		at reactor.core.publisher.InternalMonoOperator.subscribe(InternalMonoOperator.java:75)
api-gateway-1  | 2026-09-23T08:18:35.880667523Z 		at reactor.core.publisher.MonoFlatMap$FlatMapMain.onNext(MonoFlatMap.java:166)
api-gateway-1  | 2026-09-23T08:18:35.880671691Z 		at reactor.core.publisher.FluxOnErrorResume$ResumeSubscriber.onNext(FluxOnErrorResume.java:80)
api-gateway-1  | 2026-09-23T08:18:35.880676280Z 		at reactor.core.publisher.FluxSwitchIfEmpty$SwitchIfEmptySubscriber.onNext(FluxSwitchIfEmpty.java:75)
api-gateway-1  | 2026-09-23T08:18:35.880680318Z 		at reactor.core.publisher.MonoNext$NextSubscriber.onNext(MonoNext.java:83)
api-gateway-1  | 2026-09-23T08:18:35.880684516Z 		at reactor.core.publisher.FluxConcatMapNoPrefetch$FluxConcatMapNoPrefetchSubscriber.innerNext(FluxConcatMapNoPrefetch.java:259)
api-gateway-1  | 2026-09-23T08:18:35.880697562Z 		at reactor.core.publisher.FluxConcatMap$ConcatMapInner.onNext(FluxConcatMap.java:870)
api-gateway-1  | 2026-09-23T08:18:35.880701630Z 		at reactor.core.publisher.FluxMapFuseable$MapFuseableSubscriber.onNext(FluxMapFuseable.java:130)
api-gateway-1  | 2026-09-23T08:18:35.880705267Z 		at reactor.core.publisher.MonoPeekTerminal$MonoTerminalPeekSubscriber.onNext(MonoPeekTerminal.java:184)
api-gateway-1  | 2026-09-23T08:18:35.880708934Z 		at reactor.core.publisher.Operators$ScalarSubscription.request(Operators.java:2565)
api-gateway-1  | 2026-09-23T08:18:35.880712541Z 		at reactor.core.publisher.MonoPeekTerminal$MonoTerminalPeekSubscriber.request(MonoPeekTerminal.java:142)
api-gateway-1  | 2026-09-23T08:18:35.880716168Z 		at reactor.core.publisher.FluxMapFuseable$MapFuseableSubscriber.request(FluxMapFuseable.java:172)
api-gateway-1  | 2026-09-23T08:18:35.880719765Z 		at reactor.core.publisher.Operators$MultiSubscriptionSubscriber.request(Operators.java:2325)
api-gateway-1  | 2026-09-23T08:18:35.880723412Z 		at reactor.core.publisher.FluxConcatMapNoPrefetch$FluxConcatMapNoPrefetchSubscriber.request(FluxConcatMapNoPrefetch.java:339)
api-gateway-1  | 2026-09-23T08:18:35.880727109Z 		at reactor.core.publisher.MonoNext$NextSubscriber.request(MonoNext.java:109)
api-gateway-1  | 2026-09-23T08:18:35.880730676Z 		at reactor.core.publisher.Operators$MultiSubscriptionSubscriber.set(Operators.java:2361)
api-gateway-1  | 2026-09-23T08:18:35.880734404Z 		at reactor.core.publisher.Operators$MultiSubscriptionSubscriber.onSubscribe(Operators.java:2235)
api-gateway-1  | 2026-09-23T08:18:35.880739093Z 		at reactor.core.publisher.MonoNext$NextSubscriber.onSubscribe(MonoNext.java:71)
api-gateway-1  | 2026-09-23T08:18:35.880742930Z 		at reactor.core.publisher.FluxConcatMapNoPrefetch$FluxConcatMapNoPrefetchSubscriber.onSubscribe(FluxConcatMapNoPrefetch.java:164)
api-gateway-1  | 2026-09-23T08:18:35.880746687Z 		at reactor.core.publisher.FluxIterable.subscribe(FluxIterable.java:200)
api-gateway-1  | 2026-09-23T08:18:35.880750335Z 		at reactor.core.publisher.FluxIterable.subscribe(FluxIterable.java:82)
api-gateway-1  | 2026-09-23T08:18:35.880754022Z 		at reactor.core.publisher.InternalMonoOperator.subscribe(InternalMonoOperator.java:75)
api-gateway-1  | 2026-09-23T08:18:35.880757659Z 		at reactor.core.publisher.MonoDefer.subscribe(MonoDefer.java:54)
api-gateway-1  | 2026-09-23T08:18:35.880761266Z 		at reactor.core.publisher.InternalMonoOperator.subscribe(InternalMonoOperator.java:75)
api-gateway-1  | 2026-09-23T08:18:35.880764903Z 		at reactor.core.publisher.MonoDefer.subscribe(MonoDefer.java:54)
api-gateway-1  | 2026-09-23T08:18:35.880769121Z 		at reactor.core.publisher.InternalMonoOperator.subscribe(InternalMonoOperator.java:75)
api-gateway-1  | 2026-09-23T08:18:35.880773500Z 		at reactor.core.publisher.MonoTapRestoringThreadLocals.subscribe(MonoTapRestoringThreadLocals.java:78)
api-gateway-1  | 2026-09-23T08:18:35.880777808Z 		at reactor.core.publisher.Mono.subscribe(Mono.java:4569)
api-gateway-1  | 2026-09-23T08:18:35.880781996Z 		at reactor.core.publisher.MonoIgnoreThen$ThenIgnoreMain.subscribeNext(MonoIgnoreThen.java:268)
api-gateway-1  | 2026-09-23T08:18:35.880793268Z 		at reactor.core.publisher.MonoIgnoreThen.subscribe(MonoIgnoreThen.java:51)
api-gateway-1  | 2026-09-23T08:18:35.880797918Z 		at reactor.core.publisher.InternalMonoOperator.subscribe(InternalMonoOperator.java:75)
api-gateway-1  | 2026-09-23T08:18:35.880802727Z 		at reactor.core.publisher.MonoDeferContextual.subscribe(MonoDeferContextual.java:56)
api-gateway-1  | 2026-09-23T08:18:35.880806795Z 		at reactor.netty.http.server.HttpServer$HttpServerHandle.onStateChange(HttpServer.java:1344)
api-gateway-1  | 2026-09-23T08:18:35.880810793Z 		at reactor.netty.ReactorNetty$CompositeConnectionObserver.onStateChange(ReactorNetty.java:730)
api-gateway-1  | 2026-09-23T08:18:35.880814750Z 		at reactor.netty.transport.ServerTransport$ChildObserver.onStateChange(ServerTransport.java:489)
api-gateway-1  | 2026-09-23T08:18:35.880818989Z 		at reactor.netty.http.server.HttpServerOperations.handleDefaultHttpRequest(HttpServerOperations.java:863)
api-gateway-1  | 2026-09-23T08:18:35.880823247Z 		at reactor.netty.http.server.HttpServerOperations.onInboundNext(HttpServerOperations.java:789)
api-gateway-1  | 2026-09-23T08:18:35.880827646Z 		at reactor.netty.channel.ChannelOperationsHandler.channelRead(ChannelOperationsHandler.java:115)
api-gateway-1  | 2026-09-23T08:18:35.880832665Z 		at io.netty.channel.AbstractChannelHandlerContext.fireChannelRead(AbstractChannelHandlerContext.java:356)
api-gateway-1  | 2026-09-23T08:18:35.880837896Z 		at reactor.netty.http.server.HttpTrafficHandler.channelRead(HttpTrafficHandler.java:283)
api-gateway-1  | 2026-09-23T08:18:35.880841503Z 		at io.netty.channel.AbstractChannelHandlerContext.fireChannelRead(AbstractChannelHandlerContext.java:354)
api-gateway-1  | 2026-09-23T08:18:35.880845180Z 		at io.netty.channel.CombinedChannelDuplexHandler$DelegatingChannelHandlerContext.fireChannelRead(CombinedChannelDuplexHandler.java:434)
api-gateway-1  | 2026-09-23T08:18:35.880848837Z 		at io.netty.handler.codec.ByteToMessageDecoder.fireChannelRead(ByteToMessageDecoder.java:361)
api-gateway-1  | 2026-09-23T08:18:35.880852364Z 		at io.netty.handler.codec.ByteToMessageDecoder.channelRead(ByteToMessageDecoder.java:325)
api-gateway-1  | 2026-09-23T08:18:35.880855931Z 		at io.netty.channel.CombinedChannelDuplexHandler.channelRead(CombinedChannelDuplexHandler.java:249)
api-gateway-1  | 2026-09-23T08:18:35.880859548Z 		at io.netty.channel.AbstractChannelHandlerContext.fireChannelRead(AbstractChannelHandlerContext.java:354)
api-gateway-1  | 2026-09-23T08:18:35.880863115Z 		at io.netty.channel.DefaultChannelPipeline$HeadContext.channelRead(DefaultChannelPipeline.java:1429)
api-gateway-1  | 2026-09-23T08:18:35.880866652Z 		at io.netty.channel.DefaultChannelPipeline.fireChannelRead(DefaultChannelPipeline.java:918)
api-gateway-1  | 2026-09-23T08:18:35.880870169Z 		at io.netty.channel.epoll.AbstractEpollStreamChannel$EpollStreamUnsafe.epollInReady(AbstractEpollStreamChannel.java:804)
api-gateway-1  | 2026-09-23T08:18:35.880873806Z 		at io.netty.channel.epoll.AbstractEpollChannel$AbstractEpollUnsafe.handle(AbstractEpollChannel.java:482)
api-gateway-1  | 2026-09-23T08:18:35.880877373Z 		at io.netty.channel.epoll.EpollIoHandler$DefaultEpollIoRegistration.handle(EpollIoHandler.java:317)
api-gateway-1  | 2026-09-23T08:18:35.880881170Z 		at io.netty.channel.epoll.EpollIoHandler.processReady(EpollIoHandler.java:515)
api-gateway-1  | 2026-09-23T08:18:35.880894666Z 		at io.netty.channel.epoll.EpollIoHandler.run(EpollIoHandler.java:460)
api-gateway-1  | 2026-09-23T08:18:35.880899596Z 		at io.netty.channel.SingleThreadIoEventLoop.runIo(SingleThreadIoEventLoop.java:225)
api-gateway-1  | 2026-09-23T08:18:35.880903023Z 		at io.netty.channel.SingleThreadIoEventLoop.run(SingleThreadIoEventLoop.java:196)
api-gateway-1  | 2026-09-23T08:18:35.880905948Z 		at io.netty.util.concurrent.SingleThreadEventExecutor$5.run(SingleThreadEventExecutor.java:1195)
api-gateway-1  | 2026-09-23T08:18:35.880911129Z 		at io.netty.util.internal.ThreadExecutorMap$2.run(ThreadExecutorMap.java:74)
api-gateway-1  | 2026-09-23T08:18:35.880914124Z 		at io.netty.util.concurrent.FastThreadLocalRunnable.run(FastThreadLocalRunnable.java:30)
api-gateway-1  | 2026-09-23T08:18:35.880917221Z 		at java.base/java.lang.Thread.run(Thread.java:840)
api-gateway-1  | 2026-09-23T08:18:35.880920146Z 
api-gateway-1  | 2026-09-23T08:18:35.883451469Z 2026-09-23T08:18:35.882Z  WARN 1 --- [api-gateway] [or-http-epoll-6] [                                                 ] i.m.o.c.ObservationThreadLocalAccessor   : There is no current scope in thread local. This situation should not happen
api-gateway-1  | 2026-09-23T08:18:35.884178839Z 2026-09-23T08:18:35.883Z  WARN 1 --- [api-gateway] [or-http-epoll-6] [                                                 ] i.m.o.c.ObservationThreadLocalAccessor   : Observation <{name=http.server.requests(http get /api/gateway/owners/{ownerId}), error=org.springframework.web.reactive.function.client.WebClientResponseException$ServiceUnavailable: 503 Service Unavailable from UNKNOWN , context=name='http.server.requests', contextualName='http get /api/gateway/owners/{ownerId}', error='org.springframework.web.reactive.function.client.WebClientResponseException$ServiceUnavailable: 503 Service Unavailable from UNKNOWN ', lowCardinalityKeyValues=[exception='ServiceUnavailable', method='GET', outcome='SERVER_ERROR', status='500', uri='/api/gateway/owners/{ownerId}'], highCardinalityKeyValues=[http.url='/api/gateway/owners/6'], map=[class io.micrometer.tracing.handler.TracingObservationHandler$TracingContext='TracingContext{span=6ab38b5bc3b97898816e18fc4e6a68ee/816e18fc4e6a68ee}', class io.micrometer.core.instrument.Timer$Sample='io.micrometer.core.instrument.Timer$Sample@5e22bdea', class io.micrometer.core.instrument.LongTaskTimer$Sample='SampleImpl{duration(seconds)=-1.0E-9, duration(nanos)=-1.0, startTimeNanos=995170163596}'], parentObservation=null}> to which we're restoring is not the same as the one set as this scope's parent observation <null>. Most likely a manually created Observation has a scope opened that was never closed. This may lead to thread polluting and memory leaks.
api-gateway-1  | 2026-09-23T08:18:38.897636160Z 2026-09-23T08:18:38.897Z  WARN 1 --- [api-gateway] [or-http-epoll-7] [6ab38b5e27a3529fe8fca472c46f74fc-e8fca472c46f74fc] i.m.o.c.ObservationThreadLocalAccessor   : Observation <{name=http.server.requests(null), error=null, context=name='http.server.requests', contextualName='null', error='null', lowCardinalityKeyValues=[exception='none', method='GET', outcome='SUCCESS', status='200', uri='UNKNOWN'], highCardinalityKeyValues=[http.url='/api/gateway/owners/6'], map=[class io.micrometer.tracing.handler.TracingObservationHandler$TracingContext='TracingContext{span=6ab38b5e27a3529fe8fca472c46f74fc/e8fca472c46f74fc}', class io.micrometer.core.instrument.Timer$Sample='io.micrometer.core.instrument.Timer$Sample@670d91a5', class io.micrometer.core.instrument.LongTaskTimer$Sample='SampleImpl{duration(seconds)=0.002651227, duration(nanos)=2651227.0, startTimeNanos=998195166919}'], parentObservation=null}> to which we're restoring is not the same as the one set as this scope's parent observation <null>. Most likely a manually created Observation has a scope opened that was never closed. This may lead to thread polluting and memory leaks.
api-gateway-1  | 2026-09-23T08:18:38.899857750Z 2026-09-23T08:18:38.899Z  WARN 1 --- [api-gateway] [or-http-epoll-7] [                                                 ] o.s.c.l.core.RoundRobinLoadBalancer      : No servers available for service: customers-service
api-gateway-1  | 2026-09-23T08:18:38.900396089Z 2026-09-23T08:18:38.899Z  WARN 1 --- [api-gateway] [or-http-epoll-7] [                                                 ] eactorLoadBalancerExchangeFilterFunction : LoadBalancer does not contain an instance for the service customers-service
api-gateway-1  | 2026-09-23T08:18:38.902663023Z 2026-09-23T08:18:38.901Z ERROR 1 --- [api-gateway] [or-http-epoll-7] [6ab38b5e27a3529fe8fca472c46f74fc-e8fca472c46f74fc] b.w.a.e.AbstractErrorWebExceptionHandler : [95eab17d-6]  500 Server Error for HTTP GET "/api/gateway/owners/6"
api-gateway-1  | 2026-09-23T08:18:38.902679716Z 
api-gateway-1  | 2026-09-23T08:18:38.902684615Z org.springframework.web.reactive.function.client.WebClientResponseException$ServiceUnavailable: 503 Service Unavailable from UNKNOWN 
api-gateway-1  | 2026-09-23T08:18:38.902688012Z 	at org.springframework.web.reactive.function.client.WebClientResponseException.create(WebClientResponseException.java:322)
api-gateway-1  | 2026-09-23T08:18:38.902691458Z 	Suppressed: The stacktrace has been enhanced by Reactor, refer to additional information below: 
api-gateway-1  | 2026-09-23T08:18:38.902694444Z Error has been observed at the following site(s):
api-gateway-1  | 2026-09-23T08:18:38.902697350Z 	*__checkpoint ⇢ 503 SERVICE_UNAVAILABLE from GET http://customers-service/owners/6 [DefaultWebClient]
api-gateway-1  | 2026-09-23T08:18:38.902700997Z 	*__checkpoint ⇢ Handler org.springframework.samples.petclinic.api.boundary.web.ApiGatewayController#getOwnerDetails(int) [DispatcherHandler]
api-gateway-1  | 2026-09-23T08:18:38.902704123Z 	*__checkpoint ⇢ org.springframework.cloud.gateway.filter.WeightCalculatorWebFilter@5d94ac8a
api-gateway-1  | 2026-09-23T08:18:38.902707059Z 	*__checkpoint ⇢ HTTP GET "/api/gateway/owners/6" [ExceptionHandlingWebHandler]
api-gateway-1  | 2026-09-23T08:18:38.902710175Z Original Stack Trace:
api-gateway-1  | 2026-09-23T08:18:38.902713031Z 		at org.springframework.web.reactive.function.client.WebClientResponseException.create(WebClientResponseException.java:322)
api-gateway-1  | 2026-09-23T08:18:38.902716167Z 		at org.springframework.web.reactive.function.client.DefaultClientResponse.lambda$createException$1(DefaultClientResponse.java:214)
api-gateway-1  | 2026-09-23T08:18:38.902719203Z 		at reactor.core.publisher.FluxMap$MapSubscriber.onNext(FluxMap.java:106)
api-gateway-1  | 2026-09-23T08:18:38.902722709Z 		at reactor.core.publisher.FluxOnErrorReturn$ReturnSubscriber.onNext(FluxOnErrorReturn.java:159)
api-gateway-1  | 2026-09-23T08:18:38.902725715Z 		at reactor.core.publisher.FluxDefaultIfEmpty$DefaultIfEmptySubscriber.onNext(FluxDefaultIfEmpty.java:123)
api-gateway-1  | 2026-09-23T08:18:38.902728651Z 		at reactor.core.publisher.FluxMapFuseable$MapFuseableSubscriber.onNext(FluxMapFuseable.java:130)
api-gateway-1  | 2026-09-23T08:18:38.902731587Z 		at reactor.core.publisher.FluxContextWrite$ContextWriteSubscriber.onNext(FluxContextWrite.java:109)
api-gateway-1  | 2026-09-23T08:18:38.902734512Z 		at reactor.core.publisher.FluxMapFuseable$MapFuseableConditionalSubscriber.onNext(FluxMapFuseable.java:300)
api-gateway-1  | 2026-09-23T08:18:38.902752948Z 		at reactor.core.publisher.FluxFilterFuseable$FilterFuseableConditionalSubscriber.onNext(FluxFilterFuseable.java:338)
api-gateway-1  | 2026-09-23T08:18:38.902756185Z 		at reactor.core.publisher.Operators$BaseFluxToMonoOperator.completePossiblyEmpty(Operators.java:2093)
api-gateway-1  | 2026-09-23T08:18:38.902759131Z 		at reactor.core.publisher.MonoCollect$CollectSubscriber.onComplete(MonoCollect.java:144)
api-gateway-1  | 2026-09-23T08:18:38.902762046Z 		at reactor.core.publisher.FluxMapFuseable$MapFuseableSubscriber.onComplete(FluxMapFuseable.java:153)
api-gateway-1  | 2026-09-23T08:18:38.902764982Z 		at reactor.core.publisher.Operators$ScalarSubscription.request(Operators.java:2567)
api-gateway-1  | 2026-09-23T08:18:38.902767878Z 		at reactor.core.publisher.FluxMapFuseable$MapFuseableSubscriber.request(FluxMapFuseable.java:172)
api-gateway-1  | 2026-09-23T08:18:38.902770813Z 		at reactor.core.publisher.Operators$BaseFluxToMonoOperator.request(Operators.java:2063)
api-gateway-1  | 2026-09-23T08:18:38.902773709Z 		at reactor.core.publisher.FluxFilterFuseable$FilterFuseableConditionalSubscriber.request(FluxFilterFuseable.java:411)
api-gateway-1  | 2026-09-23T08:18:38.902776645Z 		at reactor.core.publisher.FluxMapFuseable$MapFuseableConditionalSubscriber.request(FluxMapFuseable.java:361)
api-gateway-1  | 2026-09-23T08:18:38.902779580Z 		at reactor.core.publisher.FluxContextWrite$ContextWriteSubscriber.request(FluxContextWrite.java:138)
api-gateway-1  | 2026-09-23T08:18:38.902782506Z 		at reactor.core.publisher.FluxMapFuseable$MapFuseableSubscriber.request(FluxMapFuseable.java:172)
api-gateway-1  | 2026-09-23T08:18:38.902785692Z 		at reactor.core.publisher.FluxDefaultIfEmpty$DefaultIfEmptySubscriber.request(FluxDefaultIfEmpty.java:99)
api-gateway-1  | 2026-09-23T08:18:38.902788608Z 		at reactor.core.publisher.FluxOnErrorReturn$ReturnSubscriber.request(FluxOnErrorReturn.java:150)
api-gateway-1  | 2026-09-23T08:18:38.902791524Z 		at reactor.core.publisher.FluxMap$MapSubscriber.request(FluxMap.java:163)
api-gateway-1  | 2026-09-23T08:18:38.902794409Z 		at reactor.core.publisher.MonoFlatMap$FlatMapMain.request(MonoFlatMap.java:195)
api-gateway-1  | 2026-09-23T08:18:38.902797516Z 		at reactor.core.publisher.Operators$MultiSubscriptionSubscriber.set(Operators.java:2361)
api-gateway-1  | 2026-09-23T08:18:38.902800421Z 		at reactor.core.publisher.FluxOnErrorResume$ResumeSubscriber.onSubscribe(FluxOnErrorResume.java:75)
api-gateway-1  | 2026-09-23T08:18:38.902803347Z 		at reactor.core.publisher.MonoFlatMap$FlatMapMain.onSubscribe(MonoFlatMap.java:118)
api-gateway-1  | 2026-09-23T08:18:38.902806273Z 		at reactor.core.publisher.FluxMap$MapSubscriber.onSubscribe(FluxMap.java:92)
api-gateway-1  | 2026-09-23T08:18:38.902809178Z 		at reactor.core.publisher.FluxOnErrorReturn$ReturnSubscriber.onSubscribe(FluxOnErrorReturn.java:92)
api-gateway-1  | 2026-09-23T08:18:38.902812084Z 		at reactor.core.publisher.Operators$BaseFluxToMonoOperator.onSubscribe(Operators.java:2047)
api-gateway-1  | 2026-09-23T08:18:38.902815130Z 		at reactor.core.publisher.FluxMapFuseable$MapFuseableSubscriber.onSubscribe(FluxMapFuseable.java:96)
api-gateway-1  | 2026-09-23T08:18:38.902818316Z 		at reactor.core.publisher.FluxContextWrite$ContextWriteSubscriber.onSubscribe(FluxContextWrite.java:103)
api-gateway-1  | 2026-09-23T08:18:38.902827484Z 		at reactor.core.publisher.FluxMapFuseable$MapFuseableConditionalSubscriber.onSubscribe(FluxMapFuseable.java:265)
api-gateway-1  | 2026-09-23T08:18:38.902830580Z 		at reactor.core.publisher.FluxFilterFuseable$FilterFuseableConditionalSubscriber.onSubscribe(FluxFilterFuseable.java:305)
api-gateway-1  | 2026-09-23T08:18:38.902833536Z 		at reactor.core.publisher.Operators$BaseFluxToMonoOperator.onSubscribe(Operators.java:2047)
api-gateway-1  | 2026-09-23T08:18:38.902836442Z 		at reactor.core.publisher.FluxMapFuseable$MapFuseableSubscriber.onSubscribe(FluxMapFuseable.java:96)
api-gateway-1  | 2026-09-23T08:18:38.902839367Z 		at reactor.core.publisher.FluxJust.subscribe(FluxJust.java:69)
api-gateway-1  | 2026-09-23T08:18:38.902842253Z 		at reactor.core.publisher.InternalMonoOperator.subscribe(InternalMonoOperator.java:75)
api-gateway-1  | 2026-09-23T08:18:38.902845149Z 		at reactor.core.publisher.MonoFlatMap$FlatMapMain.onNext(MonoFlatMap.java:166)
api-gateway-1  | 2026-09-23T08:18:38.902848094Z 		at reactor.core.publisher.MonoContextWriteRestoringThreadLocals$ContextWriteRestoringThreadLocalsSubscriber.onNext(MonoContextWriteRestoringThreadLocals.java:111)
api-gateway-1  | 2026-09-23T08:18:38.902851120Z 		at reactor.core.publisher.FluxDoFinally$DoFinallySubscriber.onNext(FluxDoFinally.java:113)
api-gateway-1  | 2026-09-23T08:18:38.902854076Z 		at reactor.core.publisher.MonoPeekTerminal$MonoTerminalPeekSubscriber.onNext(MonoPeekTerminal.java:184)
api-gateway-1  | 2026-09-23T08:18:38.902857012Z 		at reactor.core.publisher.FluxPeekFuseable$PeekConditionalSubscriber.onNext(FluxPeekFuseable.java:850)
api-gateway-1  | 2026-09-23T08:18:38.902859957Z 		at reactor.core.publisher.FluxSwitchIfEmpty$SwitchIfEmptySubscriber.onNext(FluxSwitchIfEmpty.java:75)
api-gateway-1  | 2026-09-23T08:18:38.902862913Z 		at reactor.core.publisher.MonoFlatMap$FlatMapMain.onNext(MonoFlatMap.java:159)
api-gateway-1  | 2026-09-23T08:18:38.902865859Z 		at reactor.core.publisher.FluxMap$MapSubscriber.onNext(FluxMap.java:122)
api-gateway-1  | 2026-09-23T08:18:38.902868925Z 		at reactor.core.publisher.MonoNext$NextSubscriber.onNext(MonoNext.java:83)
api-gateway-1  | 2026-09-23T08:18:38.902871831Z 		at reactor.core.publisher.FluxDematerialize$DematerializeSubscriber.onNext(FluxDematerialize.java:102)
api-gateway-1  | 2026-09-23T08:18:38.902874786Z 		at reactor.core.publisher.FluxDematerialize$DematerializeSubscriber.onNext(FluxDematerialize.java:44)
api-gateway-1  | 2026-09-23T08:18:38.902877722Z 		at reactor.core.publisher.FluxFlattenIterable$FlattenIterableSubscriber.drainAsync(FluxFlattenIterable.java:455)
api-gateway-1  | 2026-09-23T08:18:38.902880738Z 		at reactor.core.publisher.FluxFlattenIterable$FlattenIterableSubscriber.drain(FluxFlattenIterable.java:726)
api-gateway-1  | 2026-09-23T08:18:38.902884014Z 		at reactor.core.publisher.FluxFlattenIterable$FlattenIterableSubscriber.onNext(FluxFlattenIterable.java:258)
api-gateway-1  | 2026-09-23T08:18:38.902887040Z 		at reactor.core.publisher.FluxSwitchIfEmpty$SwitchIfEmptySubscriber.onNext(FluxSwitchIfEmpty.java:75)
api-gateway-1  | 2026-09-23T08:18:38.902890036Z 		at reactor.core.publisher.MonoFlatMap$FlatMapMain.secondComplete(MonoFlatMap.java:246)
api-gateway-1  | 2026-09-23T08:18:38.902898513Z 		at reactor.core.publisher.MonoFlatMap$FlatMapInner.onNext(MonoFlatMap.java:307)
api-gateway-1  | 2026-09-23T08:18:38.902901519Z 		at reactor.core.publisher.MonoIgnoreThen$ThenIgnoreMain.complete(MonoIgnoreThen.java:297)
api-gateway-1  | 2026-09-23T08:18:38.902904444Z 		at reactor.core.publisher.MonoIgnoreThen$ThenIgnoreMain.onNext(MonoIgnoreThen.java:191)
api-gateway-1  | 2026-09-23T08:18:38.902907480Z 		at reactor.core.publisher.MonoIgnoreThen$ThenIgnoreMain.subscribeNext(MonoIgnoreThen.java:240)
api-gateway-1  | 2026-09-23T08:18:38.902910406Z 		at reactor.core.publisher.MonoIgnoreThen$ThenIgnoreMain.onComplete(MonoIgnoreThen.java:207)
api-gateway-1  | 2026-09-23T08:18:38.902913352Z 		at reactor.core.publisher.MonoIgnoreElements$IgnoreElementsSubscriber.onComplete(MonoIgnoreElements.java:89)
api-gateway-1  | 2026-09-23T08:18:38.902916277Z 		at reactor.core.publisher.FluxPeek$PeekSubscriber.onComplete(FluxPeek.java:263)
api-gateway-1  | 2026-09-23T08:18:38.902919273Z 		at reactor.core.publisher.FluxDematerialize$DematerializeSubscriber.onComplete(FluxDematerialize.java:125)
api-gateway-1  | 2026-09-23T08:18:38.902922209Z 		at reactor.core.publisher.FluxDematerialize$DematerializeSubscriber.onNext(FluxDematerialize.java:91)
api-gateway-1  | 2026-09-23T08:18:38.902925135Z 		at reactor.core.publisher.FluxDematerialize$DematerializeSubscriber.onNext(FluxDematerialize.java:44)
api-gateway-1  | 2026-09-23T08:18:38.902928060Z 		at reactor.core.publisher.FluxIterable$IterableSubscription.fastPath(FluxIterable.java:402)
api-gateway-1  | 2026-09-23T08:18:38.902930986Z 		at reactor.core.publisher.FluxIterable$IterableSubscription.request(FluxIterable.java:291)
api-gateway-1  | 2026-09-23T08:18:38.902933912Z 		at reactor.core.publisher.FluxDematerialize$DematerializeSubscriber.request(FluxDematerialize.java:131)
api-gateway-1  | 2026-09-23T08:18:38.902936858Z 		at reactor.core.publisher.FluxPeek$PeekSubscriber.request(FluxPeek.java:141)
api-gateway-1  | 2026-09-23T08:18:38.902939773Z 		at reactor.core.publisher.MonoIgnoreElements$IgnoreElementsSubscriber.onSubscribe(MonoIgnoreElements.java:72)
api-gateway-1  | 2026-09-23T08:18:38.902942759Z 		at reactor.core.publisher.FluxPeek$PeekSubscriber.onSubscribe(FluxPeek.java:174)
api-gateway-1  | 2026-09-23T08:18:38.902945655Z 		at reactor.core.publisher.FluxDematerialize$DematerializeSubscriber.onSubscribe(FluxDematerialize.java:77)
api-gateway-1  | 2026-09-23T08:18:38.902948601Z 		at reactor.core.publisher.FluxIterable.subscribe(FluxIterable.java:200)
api-gateway-1  | 2026-09-23T08:18:38.902951677Z 		at reactor.core.publisher.FluxIterable.subscribe(FluxIterable.java:82)
api-gateway-1  | 2026-09-23T08:18:38.902954612Z 		at reactor.core.publisher.Mono.subscribe(Mono.java:4569)
api-gateway-1  | 2026-09-23T08:18:38.902957518Z 		at reactor.core.publisher.MonoIgnoreThen$ThenIgnoreMain.subscribeNext(MonoIgnoreThen.java:268)
api-gateway-1  | 2026-09-23T08:18:38.902960444Z 		at reactor.core.publisher.MonoIgnoreThen.subscribe(MonoIgnoreThen.java:51)
api-gateway-1  | 2026-09-23T08:18:38.902963359Z 		at reactor.core.publisher.MonoFlatMap$FlatMapMain.onNext(MonoFlatMap.java:166)
api-gateway-1  | 2026-09-23T08:18:38.902966275Z 		at reactor.core.publisher.Operators$BaseFluxToMonoOperator.completePossiblyEmpty(Operators.java:2093)
api-gateway-1  | 2026-09-23T08:18:38.902974391Z 		at reactor.core.publisher.MonoCollectList$MonoCollectListSubscriber.onComplete(MonoCollectList.java:117)
api-gateway-1  | 2026-09-23T08:18:38.902977417Z 		at reactor.core.publisher.DrainUtils.postCompleteDrain(DrainUtils.java:132)
api-gateway-1  | 2026-09-23T08:18:38.902980322Z 		at reactor.core.publisher.DrainUtils.postComplete(DrainUtils.java:187)
api-gateway-1  | 2026-09-23T08:18:38.902983218Z 		at reactor.core.publisher.FluxMaterialize$MaterializeSubscriber.onComplete(FluxMaterialize.java:141)
api-gateway-1  | 2026-09-23T08:18:38.902986174Z 		at reactor.core.publisher.FluxLimitRequest$FluxLimitRequestSubscriber.onNext(FluxLimitRequest.java:104)
api-gateway-1  | 2026-09-23T08:18:38.902989090Z 		at reactor.core.publisher.FluxOnErrorResume$ResumeSubscriber.onNext(FluxOnErrorResume.java:80)
api-gateway-1  | 2026-09-23T08:18:38.902992125Z 		at reactor.core.publisher.SerializedSubscriber.onNext(SerializedSubscriber.java:100)
api-gateway-1  | 2026-09-23T08:18:38.902995051Z 		at reactor.core.publisher.FluxTimeout$TimeoutMainSubscriber.onNext(FluxTimeout.java:182)
api-gateway-1  | 2026-09-23T08:18:38.902997987Z 		at reactor.core.publisher.Operators$BaseFluxToMonoOperator.completePossiblyEmpty(Operators.java:2093)
api-gateway-1  | 2026-09-23T08:18:38.903000933Z 		at reactor.core.publisher.MonoCollectList$MonoCollectListSubscriber.onComplete(MonoCollectList.java:117)
api-gateway-1  | 2026-09-23T08:18:38.903003949Z 		at reactor.core.publisher.FluxContextWriteRestoringThreadLocals$ContextWriteRestoringThreadLocalsSubscriber.onComplete(FluxContextWriteRestoringThreadLocals.java:150)
api-gateway-1  | 2026-09-23T08:18:38.903006995Z 		at org.springframework.cloud.commons.publisher.FluxFirstNonEmptyEmitting$FirstNonEmptyEmittingSubscriber.onComplete(FluxFirstNonEmptyEmitting.java:325)
api-gateway-1  | 2026-09-23T08:18:38.903010040Z 		at reactor.core.publisher.Operators.complete(Operators.java:137)
api-gateway-1  | 2026-09-23T08:18:38.903012956Z 		at reactor.core.publisher.FluxIterable.subscribe(FluxIterable.java:143)
api-gateway-1  | 2026-09-23T08:18:38.903015882Z 		at reactor.core.publisher.FluxIterable.subscribe(FluxIterable.java:82)
api-gateway-1  | 2026-09-23T08:18:38.903018808Z 		at reactor.core.publisher.Flux.subscribe(Flux.java:8888)
api-gateway-1  | 2026-09-23T08:18:38.903021984Z 		at org.springframework.cloud.commons.publisher.FluxFirstNonEmptyEmitting$RaceCoordinator.subscribe(FluxFirstNonEmptyEmitting.java:203)
api-gateway-1  | 2026-09-23T08:18:38.903025030Z 		at org.springframework.cloud.commons.publisher.FluxFirstNonEmptyEmitting.subscribe(FluxFirstNonEmptyEmitting.java:128)
api-gateway-1  | 2026-09-23T08:18:38.903028026Z 		at reactor.core.publisher.InternalFluxOperator.subscribe(InternalFluxOperator.java:67)
api-gateway-1  | 2026-09-23T08:18:38.903030941Z 		at reactor.core.publisher.FluxDefer.subscribe(FluxDefer.java:55)
api-gateway-1  | 2026-09-23T08:18:38.903033837Z 		at reactor.core.publisher.InternalFluxOperator.subscribe(InternalFluxOperator.java:67)
api-gateway-1  | 2026-09-23T08:18:38.903036763Z 		at reactor.core.publisher.FluxDefer.subscribe(FluxDefer.java:55)
api-gateway-1  | 2026-09-23T08:18:38.903039648Z 		at reactor.core.publisher.Mono.subscribe(Mono.java:4569)
api-gateway-1  | 2026-09-23T08:18:38.903042644Z 		at reactor.core.publisher.FluxSwitchIfEmpty$SwitchIfEmptySubscriber.onComplete(FluxSwitchIfEmpty.java:83)
api-gateway-1  | 2026-09-23T08:18:38.903050700Z 		at reactor.core.publisher.Operators.complete(Operators.java:137)
api-gateway-1  | 2026-09-23T08:18:38.903053686Z 		at reactor.core.publisher.MonoEmpty.subscribe(MonoEmpty.java:46)
api-gateway-1  | 2026-09-23T08:18:38.903056581Z 		at reactor.core.publisher.InternalFluxOperator.subscribe(InternalFluxOperator.java:67)
api-gateway-1  | 2026-09-23T08:18:38.903059607Z 		at reactor.core.publisher.FluxDefer.subscribe(FluxDefer.java:55)
api-gateway-1  | 2026-09-23T08:18:38.903062483Z 		at reactor.core.publisher.InternalMonoOperator.subscribe(InternalMonoOperator.java:75)
api-gateway-1  | 2026-09-23T08:18:38.903065419Z 		at reactor.core.publisher.MonoDefer.subscribe(MonoDefer.java:54)
api-gateway-1  | 2026-09-23T08:18:38.903068314Z 		at reactor.core.publisher.InternalMonoOperator.subscribe(InternalMonoOperator.java:75)
api-gateway-1  | 2026-09-23T08:18:38.903071250Z 		at reactor.core.publisher.MonoContextWriteRestoringThreadLocals.subscribe(MonoContextWriteRestoringThreadLocals.java:44)
api-gateway-1  | 2026-09-23T08:18:38.903074246Z 		at reactor.core.publisher.MonoDeferContextual.subscribe(MonoDeferContextual.java:56)
api-gateway-1  | 2026-09-23T08:18:38.903077162Z 		at reactor.core.publisher.FluxFromMonoOperator.subscribe(FluxFromMonoOperator.java:83)
api-gateway-1  | 2026-09-23T08:18:38.903080067Z 		at reactor.core.publisher.FluxDeferContextual.subscribe(FluxDeferContextual.java:58)
api-gateway-1  | 2026-09-23T08:18:38.903082993Z 		at reactor.core.publisher.InternalMonoOperator.subscribe(InternalMonoOperator.java:75)
api-gateway-1  | 2026-09-23T08:18:38.903085909Z 		at reactor.core.publisher.MonoFlatMap$FlatMapMain.onNext(MonoFlatMap.java:166)
api-gateway-1  | 2026-09-23T08:18:38.903088824Z 		at reactor.core.publisher.FluxOnErrorResume$ResumeSubscriber.onNext(FluxOnErrorResume.java:80)
api-gateway-1  | 2026-09-23T08:18:38.903091770Z 		at reactor.core.publisher.FluxOnErrorResume$ResumeSubscriber.onNext(FluxOnErrorResume.java:80)
api-gateway-1  | 2026-09-23T08:18:38.903094696Z 		at reactor.core.publisher.FluxPeek$PeekSubscriber.onNext(FluxPeek.java:203)
api-gateway-1  | 2026-09-23T08:18:38.903097852Z 		at reactor.core.publisher.MonoIgnoreThen$ThenIgnoreMain.complete(MonoIgnoreThen.java:297)
api-gateway-1  | 2026-09-23T08:18:38.903100838Z 		at reactor.core.publisher.MonoIgnoreThen$ThenIgnoreMain.onNext(MonoIgnoreThen.java:191)
api-gateway-1  | 2026-09-23T08:18:38.903103743Z 		at reactor.core.publisher.MonoFlatMap$FlatMapMain.onNext(MonoFlatMap.java:159)
api-gateway-1  | 2026-09-23T08:18:38.903106639Z 		at reactor.core.publisher.MonoZip$ZipCoordinator.signal(MonoZip.java:296)
api-gateway-1  | 2026-09-23T08:18:38.903109525Z 		at reactor.core.publisher.MonoZip$ZipInner.onNext(MonoZip.java:480)
api-gateway-1  | 2026-09-23T08:18:38.903112440Z 		at reactor.core.publisher.MonoPeekTerminal$MonoTerminalPeekSubscriber.onNext(MonoPeekTerminal.java:184)
api-gateway-1  | 2026-09-23T08:18:38.903115406Z 		at reactor.core.publisher.FluxDefaultIfEmpty$DefaultIfEmptySubscriber.onNext(FluxDefaultIfEmpty.java:123)
api-gateway-1  | 2026-09-23T08:18:38.903118362Z 		at reactor.core.publisher.FluxSwitchIfEmpty$SwitchIfEmptySubscriber.onNext(FluxSwitchIfEmpty.java:75)
api-gateway-1  | 2026-09-23T08:18:38.903140405Z 		at reactor.core.publisher.Operators$ScalarSubscription.request(Operators.java:2565)
api-gateway-1  | 2026-09-23T08:18:38.903145144Z 		at reactor.core.publisher.Operators$MultiSubscriptionSubscriber.set(Operators.java:2361)
api-gateway-1  | 2026-09-23T08:18:38.903149713Z 		at reactor.core.publisher.Operators$MultiSubscriptionSubscriber.onSubscribe(Operators.java:2235)
api-gateway-1  | 2026-09-23T08:18:38.903155044Z 		at reactor.core.publisher.FluxFlatMap.trySubscribeScalarMap(FluxFlatMap.java:193)
api-gateway-1  | 2026-09-23T08:18:38.903160124Z 		at reactor.core.publisher.MonoFlatMap.subscribeOrReturn(MonoFlatMap.java:53)
api-gateway-1  | 2026-09-23T08:18:38.903165163Z 		at reactor.core.publisher.InternalMonoOperator.subscribe(InternalMonoOperator.java:62)
api-gateway-1  | 2026-09-23T08:18:38.903169392Z 		at reactor.core.publisher.MonoZip$ZipCoordinator.request(MonoZip.java:219)
api-gateway-1  | 2026-09-23T08:18:38.903173409Z 		at reactor.core.publisher.MonoFlatMap$FlatMapMain.request(MonoFlatMap.java:195)
api-gateway-1  | 2026-09-23T08:18:38.903177277Z 		at reactor.core.publisher.MonoIgnoreThen$ThenIgnoreMain.onSubscribe(MonoIgnoreThen.java:135)
api-gateway-1  | 2026-09-23T08:18:38.903181074Z 		at reactor.core.publisher.MonoFlatMap$FlatMapMain.onSubscribe(MonoFlatMap.java:118)
api-gateway-1  | 2026-09-23T08:18:38.903184722Z 		at reactor.core.publisher.MonoZip.subscribe(MonoZip.java:129)
api-gateway-1  | 2026-09-23T08:18:38.903188309Z 		at reactor.core.publisher.InternalMonoOperator.subscribe(InternalMonoOperator.java:75)
api-gateway-1  | 2026-09-23T08:18:38.903192166Z 		at reactor.core.publisher.MonoDefer.subscribe(MonoDefer.java:54)
api-gateway-1  | 2026-09-23T08:18:38.903196094Z 		at reactor.core.publisher.MonoIgnoreThen$ThenIgnoreMain.subscribeNext(MonoIgnoreThen.java:244)
api-gateway-1  | 2026-09-23T08:18:38.903200132Z 		at reactor.core.publisher.MonoIgnoreThen$ThenIgnoreMain.onComplete(MonoIgnoreThen.java:207)
api-gateway-1  | 2026-09-23T08:18:38.903255560Z 		at reactor.core.publisher.MonoFlatMap$FlatMapMain.onComplete(MonoFlatMap.java:190)
api-gateway-1  | 2026-09-23T08:18:38.903261582Z 		at reactor.core.publisher.Operators.complete(Operators.java:137)
api-gateway-1  | 2026-09-23T08:18:38.903266441Z 		at reactor.core.publisher.MonoZip.subscribe(MonoZip.java:121)
api-gateway-1  | 2026-09-23T08:18:38.903277623Z 		at reactor.core.publisher.Mono.subscribe(Mono.java:4569)
api-gateway-1  | 2026-09-23T08:18:38.903281781Z 		at reactor.core.publisher.MonoIgnoreThen$ThenIgnoreMain.subscribeNext(MonoIgnoreThen.java:268)
api-gateway-1  | 2026-09-23T08:18:38.903286390Z 		at reactor.core.publisher.MonoIgnoreThen.subscribe(MonoIgnoreThen.java:51)
api-gateway-1  | 2026-09-23T08:18:38.903290889Z 		at reactor.core.publisher.InternalMonoOperator.subscribe(InternalMonoOperator.java:75)
api-gateway-1  | 2026-09-23T08:18:38.903296259Z 		at reactor.core.publisher.MonoFlatMap$FlatMapMain.onNext(MonoFlatMap.java:166)
api-gateway-1  | 2026-09-23T08:18:38.903301189Z 		at reactor.core.publisher.FluxOnErrorResume$ResumeSubscriber.onNext(FluxOnErrorResume.java:80)
api-gateway-1  | 2026-09-23T08:18:38.903306219Z 		at reactor.core.publisher.FluxSwitchIfEmpty$SwitchIfEmptySubscriber.onNext(FluxSwitchIfEmpty.java:75)
api-gateway-1  | 2026-09-23T08:18:38.903322140Z 		at reactor.core.publisher.MonoNext$NextSubscriber.onNext(MonoNext.java:83)
api-gateway-1  | 2026-09-23T08:18:38.903325536Z 		at reactor.core.publisher.FluxConcatMapNoPrefetch$FluxConcatMapNoPrefetchSubscriber.innerNext(FluxConcatMapNoPrefetch.java:259)
api-gateway-1  | 2026-09-23T08:18:38.903328562Z 		at reactor.core.publisher.FluxConcatMap$ConcatMapInner.onNext(FluxConcatMap.java:870)
api-gateway-1  | 2026-09-23T08:18:38.903331548Z 		at reactor.core.publisher.FluxMapFuseable$MapFuseableSubscriber.onNext(FluxMapFuseable.java:130)
api-gateway-1  | 2026-09-23T08:18:38.903334484Z 		at reactor.core.publisher.MonoPeekTerminal$MonoTerminalPeekSubscriber.onNext(MonoPeekTerminal.java:184)
api-gateway-1  | 2026-09-23T08:18:38.903337510Z 		at reactor.core.publisher.Operators$ScalarSubscription.request(Operators.java:2565)
api-gateway-1  | 2026-09-23T08:18:38.903340446Z 		at reactor.core.publisher.MonoPeekTerminal$MonoTerminalPeekSubscriber.request(MonoPeekTerminal.java:142)
api-gateway-1  | 2026-09-23T08:18:38.903343401Z 		at reactor.core.publisher.FluxMapFuseable$MapFuseableSubscriber.request(FluxMapFuseable.java:172)
api-gateway-1  | 2026-09-23T08:18:38.903346357Z 		at reactor.core.publisher.Operators$MultiSubscriptionSubscriber.request(Operators.java:2325)
api-gateway-1  | 2026-09-23T08:18:38.903349323Z 		at reactor.core.publisher.FluxConcatMapNoPrefetch$FluxConcatMapNoPrefetchSubscriber.request(FluxConcatMapNoPrefetch.java:339)
api-gateway-1  | 2026-09-23T08:18:38.903352890Z 		at reactor.core.publisher.MonoNext$NextSubscriber.request(MonoNext.java:109)
api-gateway-1  | 2026-09-23T08:18:38.903357559Z 		at reactor.core.publisher.Operators$MultiSubscriptionSubscriber.set(Operators.java:2361)
api-gateway-1  | 2026-09-23T08:18:38.903363030Z 		at reactor.core.publisher.Operators$MultiSubscriptionSubscriber.onSubscribe(Operators.java:2235)
api-gateway-1  | 2026-09-23T08:18:38.903368911Z 		at reactor.core.publisher.MonoNext$NextSubscriber.onSubscribe(MonoNext.java:71)
api-gateway-1  | 2026-09-23T08:18:38.903374061Z 		at reactor.core.publisher.FluxConcatMapNoPrefetch$FluxConcatMapNoPrefetchSubscriber.onSubscribe(FluxConcatMapNoPrefetch.java:164)
api-gateway-1  | 2026-09-23T08:18:38.903379322Z 		at reactor.core.publisher.FluxIterable.subscribe(FluxIterable.java:200)
api-gateway-1  | 2026-09-23T08:18:38.903383199Z 		at reactor.core.publisher.FluxIterable.subscribe(FluxIterable.java:82)
api-gateway-1  | 2026-09-23T08:18:38.903386936Z 		at reactor.core.publisher.InternalMonoOperator.subscribe(InternalMonoOperator.java:75)
api-gateway-1  | 2026-09-23T08:18:38.903389862Z 		at reactor.core.publisher.MonoDefer.subscribe(MonoDefer.java:54)
api-gateway-1  | 2026-09-23T08:18:38.903392778Z 		at reactor.core.publisher.InternalMonoOperator.subscribe(InternalMonoOperator.java:75)
api-gateway-1  | 2026-09-23T08:18:38.903395724Z 		at reactor.core.publisher.MonoDefer.subscribe(MonoDefer.java:54)
api-gateway-1  | 2026-09-23T08:18:38.903398629Z 		at reactor.core.publisher.InternalMonoOperator.subscribe(InternalMonoOperator.java:75)
api-gateway-1  | 2026-09-23T08:18:38.903401595Z 		at reactor.core.publisher.MonoTapRestoringThreadLocals.subscribe(MonoTapRestoringThreadLocals.java:78)
api-gateway-1  | 2026-09-23T08:18:38.903404621Z 		at reactor.core.publisher.Mono.subscribe(Mono.java:4569)
api-gateway-1  | 2026-09-23T08:18:38.903413759Z 		at reactor.core.publisher.MonoIgnoreThen$ThenIgnoreMain.subscribeNext(MonoIgnoreThen.java:268)
api-gateway-1  | 2026-09-23T08:18:38.903416865Z 		at reactor.core.publisher.MonoIgnoreThen.subscribe(MonoIgnoreThen.java:51)
api-gateway-1  | 2026-09-23T08:18:38.903419801Z 		at reactor.core.publisher.InternalMonoOperator.subscribe(InternalMonoOperator.java:75)
api-gateway-1  | 2026-09-23T08:18:38.903422726Z 		at reactor.core.publisher.MonoDeferContextual.subscribe(MonoDeferContextual.java:56)
api-gateway-1  | 2026-09-23T08:18:38.903425662Z 		at reactor.netty.http.server.HttpServer$HttpServerHandle.onStateChange(HttpServer.java:1344)
api-gateway-1  | 2026-09-23T08:18:38.903428648Z 		at reactor.netty.ReactorNetty$CompositeConnectionObserver.onStateChange(ReactorNetty.java:730)
api-gateway-1  | 2026-09-23T08:18:38.903431574Z 		at reactor.netty.transport.ServerTransport$ChildObserver.onStateChange(ServerTransport.java:489)
api-gateway-1  | 2026-09-23T08:18:38.903434519Z 		at reactor.netty.http.server.HttpServerOperations.handleDefaultHttpRequest(HttpServerOperations.java:863)
api-gateway-1  | 2026-09-23T08:18:38.903437495Z 		at reactor.netty.http.server.HttpServerOperations.onInboundNext(HttpServerOperations.java:789)
api-gateway-1  | 2026-09-23T08:18:38.903440431Z 		at reactor.netty.channel.ChannelOperationsHandler.channelRead(ChannelOperationsHandler.java:115)
api-gateway-1  | 2026-09-23T08:18:38.903443397Z 		at io.netty.channel.AbstractChannelHandlerContext.fireChannelRead(AbstractChannelHandlerContext.java:356)
api-gateway-1  | 2026-09-23T08:18:38.903446683Z 		at reactor.netty.http.server.HttpTrafficHandler.channelRead(HttpTrafficHandler.java:283)
api-gateway-1  | 2026-09-23T08:18:38.903449689Z 		at io.netty.channel.AbstractChannelHandlerContext.fireChannelRead(AbstractChannelHandlerContext.java:354)
api-gateway-1  | 2026-09-23T08:18:38.903452695Z 		at io.netty.channel.CombinedChannelDuplexHandler$DelegatingChannelHandlerContext.fireChannelRead(CombinedChannelDuplexHandler.java:434)
api-gateway-1  | 2026-09-23T08:18:38.903455721Z 		at io.netty.handler.codec.ByteToMessageDecoder.fireChannelRead(ByteToMessageDecoder.java:361)
api-gateway-1  | 2026-09-23T08:18:38.903458666Z 		at io.netty.handler.codec.ByteToMessageDecoder.channelRead(ByteToMessageDecoder.java:325)
api-gateway-1  | 2026-09-23T08:18:38.903461612Z 		at io.netty.channel.CombinedChannelDuplexHandler.channelRead(CombinedChannelDuplexHandler.java:249)
api-gateway-1  | 2026-09-23T08:18:38.903464648Z 		at io.netty.channel.AbstractChannelHandlerContext.fireChannelRead(AbstractChannelHandlerContext.java:354)
api-gateway-1  | 2026-09-23T08:18:38.903467614Z 		at io.netty.channel.DefaultChannelPipeline$HeadContext.channelRead(DefaultChannelPipeline.java:1429)
api-gateway-1  | 2026-09-23T08:18:38.903470590Z 		at io.netty.channel.DefaultChannelPipeline.fireChannelRead(DefaultChannelPipeline.java:918)
api-gateway-1  | 2026-09-23T08:18:38.903473626Z 		at io.netty.channel.epoll.AbstractEpollStreamChannel$EpollStreamUnsafe.epollInReady(AbstractEpollStreamChannel.java:804)
api-gateway-1  | 2026-09-23T08:18:38.903476611Z 		at io.netty.channel.epoll.AbstractEpollChannel$AbstractEpollUnsafe.handle(AbstractEpollChannel.java:482)
api-gateway-1  | 2026-09-23T08:18:38.903484898Z 		at io.netty.channel.epoll.EpollIoHandler$DefaultEpollIoRegistration.handle(EpollIoHandler.java:317)
api-gateway-1  | 2026-09-23T08:18:38.903488074Z 		at io.netty.channel.epoll.EpollIoHandler.processReady(EpollIoHandler.java:515)
api-gateway-1  | 2026-09-23T08:18:38.903491040Z 		at io.netty.channel.epoll.EpollIoHandler.run(EpollIoHandler.java:460)
api-gateway-1  | 2026-09-23T08:18:38.903494025Z 		at io.netty.channel.SingleThreadIoEventLoop.runIo(SingleThreadIoEventLoop.java:225)
api-gateway-1  | 2026-09-23T08:18:38.903496961Z 		at io.netty.channel.SingleThreadIoEventLoop.run(SingleThreadIoEventLoop.java:196)
api-gateway-1  | 2026-09-23T08:18:38.903499907Z 		at io.netty.util.concurrent.SingleThreadEventExecutor$5.run(SingleThreadEventExecutor.java:1195)
api-gateway-1  | 2026-09-23T08:18:38.903502863Z 		at io.netty.util.internal.ThreadExecutorMap$2.run(ThreadExecutorMap.java:74)
api-gateway-1  | 2026-09-23T08:18:38.903505798Z 		at io.netty.util.concurrent.FastThreadLocalRunnable.run(FastThreadLocalRunnable.java:30)
api-gateway-1  | 2026-09-23T08:18:38.903508744Z 		at java.base/java.lang.Thread.run(Thread.java:840)
api-gateway-1  | 2026-09-23T08:18:38.903511690Z 
api-gateway-1  | 2026-09-23T08:18:38.907063157Z 2026-09-23T08:18:38.906Z  WARN 1 --- [api-gateway] [or-http-epoll-7] [                                                 ] i.m.o.c.ObservationThreadLocalAccessor   : There is no current scope in thread local. This situation should not happen
api-gateway-1  | 2026-09-23T08:18:38.907540499Z 2026-09-23T08:18:38.907Z  WARN 1 --- [api-gateway] [or-http-epoll-7] [                                                 ] i.m.o.c.ObservationThreadLocalAccessor   : Observation <{name=http.server.requests(http get /api/gateway/owners/{ownerId}), error=org.springframework.web.reactive.function.client.WebClientResponseException$ServiceUnavailable: 503 Service Unavailable from UNKNOWN , context=name='http.server.requests', contextualName='http get /api/gateway/owners/{ownerId}', error='org.springframework.web.reactive.function.client.WebClientResponseException$ServiceUnavailable: 503 Service Unavailable from UNKNOWN ', lowCardinalityKeyValues=[exception='ServiceUnavailable', method='GET', outcome='SERVER_ERROR', status='500', uri='/api/gateway/owners/{ownerId}'], highCardinalityKeyValues=[http.url='/api/gateway/owners/6'], map=[class io.micrometer.tracing.handler.TracingObservationHandler$TracingContext='TracingContext{span=6ab38b5e27a3529fe8fca472c46f74fc/e8fca472c46f74fc}', class io.micrometer.core.instrument.Timer$Sample='io.micrometer.core.instrument.Timer$Sample@670d91a5', class io.micrometer.core.instrument.LongTaskTimer$Sample='SampleImpl{duration(seconds)=-1.0E-9, duration(nanos)=-1.0, startTimeNanos=998195166919}'], parentObservation=null}> to which we're restoring is not the same as the one set as this scope's parent observation <null>. Most likely a manually created Observation has a scope opened that was never closed. This may lead to thread polluting and memory leaks.
api-gateway-1  | 2026-09-23T08:18:41.928157669Z 2026-09-23T08:18:41.927Z  WARN 1 --- [api-gateway] [or-http-epoll-8] [6ab38b61dc6979fb23740bc48ca21caf-23740bc48ca21caf] i.m.o.c.ObservationThreadLocalAccessor   : Observation <{name=http.server.requests(null), error=null, context=name='http.server.requests', contextualName='null', error='null', lowCardinalityKeyValues=[exception='none', method='GET', outcome='SUCCESS', status='200', uri='UNKNOWN'], highCardinalityKeyValues=[http.url='/api/gateway/owners/6'], map=[class io.micrometer.tracing.handler.TracingObservationHandler$TracingContext='TracingContext{span=6ab38b61dc6979fb23740bc48ca21caf/23740bc48ca21caf}', class io.micrometer.core.instrument.Timer$Sample='io.micrometer.core.instrument.Timer$Sample@2e694232', class io.micrometer.core.instrument.LongTaskTimer$Sample='SampleImpl{duration(seconds)=0.003095084, duration(nanos)=3095084.0, startTimeNanos=1001225044728}'], parentObservation=null}> to which we're restoring is not the same as the one set as this scope's parent observation <null>. Most likely a manually created Observation has a scope opened that was never closed. This may lead to thread polluting and memory leaks.
api-gateway-1  | 2026-09-23T08:18:41.930448455Z 2026-09-23T08:18:41.929Z  WARN 1 --- [api-gateway] [or-http-epoll-8] [                                                 ] o.s.c.l.core.RoundRobinLoadBalancer      : No servers available for service: customers-service
api-gateway-1  | 2026-09-23T08:18:41.930698052Z 2026-09-23T08:18:41.930Z  WARN 1 --- [api-gateway] [or-http-epoll-8] [                                                 ] eactorLoadBalancerExchangeFilterFunction : LoadBalancer does not contain an instance for the service customers-service
api-gateway-1  | 2026-09-23T08:18:41.934062767Z 2026-09-23T08:18:41.932Z ERROR 1 --- [api-gateway] [or-http-epoll-8] [6ab38b61dc6979fb23740bc48ca21caf-23740bc48ca21caf] b.w.a.e.AbstractErrorWebExceptionHandler : [efee1bb2-7]  500 Server Error for HTTP GET "/api/gateway/owners/6"
api-gateway-1  | 2026-09-23T08:18:41.934095701Z 
api-gateway-1  | 2026-09-23T08:18:41.934101904Z org.springframework.web.reactive.function.client.WebClientResponseException$ServiceUnavailable: 503 Service Unavailable from UNKNOWN 
api-gateway-1  | 2026-09-23T08:18:41.934106553Z 	at org.springframework.web.reactive.function.client.WebClientResponseException.create(WebClientResponseException.java:322)
api-gateway-1  | 2026-09-23T08:18:41.934111382Z 	Suppressed: The stacktrace has been enhanced by Reactor, refer to additional information below: 
api-gateway-1  | 2026-09-23T08:18:41.934115861Z Error has been observed at the following site(s):
api-gateway-1  | 2026-09-23T08:18:41.934119899Z 	*__checkpoint ⇢ 503 SERVICE_UNAVAILABLE from GET http://customers-service/owners/6 [DefaultWebClient]
api-gateway-1  | 2026-09-23T08:18:41.934124698Z 	*__checkpoint ⇢ Handler org.springframework.samples.petclinic.api.boundary.web.ApiGatewayController#getOwnerDetails(int) [DispatcherHandler]
api-gateway-1  | 2026-09-23T08:18:41.934129618Z 	*__checkpoint ⇢ org.springframework.cloud.gateway.filter.WeightCalculatorWebFilter@5d94ac8a
api-gateway-1  | 2026-09-23T08:18:41.934133876Z 	*__checkpoint ⇢ HTTP GET "/api/gateway/owners/6" [ExceptionHandlingWebHandler]
api-gateway-1  | 2026-09-23T08:18:41.934138054Z Original Stack Trace:
api-gateway-1  | 2026-09-23T08:18:41.934141912Z 		at org.springframework.web.reactive.function.client.WebClientResponseException.create(WebClientResponseException.java:322)
api-gateway-1  | 2026-09-23T08:18:41.934146140Z 		at org.springframework.web.reactive.function.client.DefaultClientResponse.lambda$createException$1(DefaultClientResponse.java:214)
api-gateway-1  | 2026-09-23T08:18:41.934150418Z 		at reactor.core.publisher.FluxMap$MapSubscriber.onNext(FluxMap.java:106)
api-gateway-1  | 2026-09-23T08:18:41.934154536Z 		at reactor.core.publisher.FluxOnErrorReturn$ReturnSubscriber.onNext(FluxOnErrorReturn.java:159)
api-gateway-1  | 2026-09-23T08:18:41.934158574Z 		at reactor.core.publisher.FluxDefaultIfEmpty$DefaultIfEmptySubscriber.onNext(FluxDefaultIfEmpty.java:123)
api-gateway-1  | 2026-09-23T08:18:41.934163343Z 		at reactor.core.publisher.FluxMapFuseable$MapFuseableSubscriber.onNext(FluxMapFuseable.java:130)
api-gateway-1  | 2026-09-23T08:18:41.934187821Z 		at reactor.core.publisher.FluxContextWrite$ContextWriteSubscriber.onNext(FluxContextWrite.java:109)
api-gateway-1  | 2026-09-23T08:18:41.934192551Z 		at reactor.core.publisher.FluxMapFuseable$MapFuseableConditionalSubscriber.onNext(FluxMapFuseable.java:300)
api-gateway-1  | 2026-09-23T08:18:41.934198181Z 		at reactor.core.publisher.FluxFilterFuseable$FilterFuseableConditionalSubscriber.onNext(FluxFilterFuseable.java:338)
api-gateway-1  | 2026-09-23T08:18:41.934202370Z 		at reactor.core.publisher.Operators$BaseFluxToMonoOperator.completePossiblyEmpty(Operators.java:2093)
api-gateway-1  | 2026-09-23T08:18:41.934206448Z 		at reactor.core.publisher.MonoCollect$CollectSubscriber.onComplete(MonoCollect.java:144)
api-gateway-1  | 2026-09-23T08:18:41.934210576Z 		at reactor.core.publisher.FluxMapFuseable$MapFuseableSubscriber.onComplete(FluxMapFuseable.java:153)
api-gateway-1  | 2026-09-23T08:18:41.934215435Z 		at reactor.core.publisher.Operators$ScalarSubscription.request(Operators.java:2567)
api-gateway-1  | 2026-09-23T08:18:41.934220515Z 		at reactor.core.publisher.FluxMapFuseable$MapFuseableSubscriber.request(FluxMapFuseable.java:172)
api-gateway-1  | 2026-09-23T08:18:41.934225385Z 		at reactor.core.publisher.Operators$BaseFluxToMonoOperator.request(Operators.java:2063)
api-gateway-1  | 2026-09-23T08:18:41.934230354Z 		at reactor.core.publisher.FluxFilterFuseable$FilterFuseableConditionalSubscriber.request(FluxFilterFuseable.java:411)
api-gateway-1  | 2026-09-23T08:18:41.934234903Z 		at reactor.core.publisher.FluxMapFuseable$MapFuseableConditionalSubscriber.request(FluxMapFuseable.java:361)
api-gateway-1  | 2026-09-23T08:18:41.934239823Z 		at reactor.core.publisher.FluxContextWrite$ContextWriteSubscriber.request(FluxContextWrite.java:138)
api-gateway-1  | 2026-09-23T08:18:41.934245354Z 		at reactor.core.publisher.FluxMapFuseable$MapFuseableSubscriber.request(FluxMapFuseable.java:172)
api-gateway-1  | 2026-09-23T08:18:41.934250985Z 		at reactor.core.publisher.FluxDefaultIfEmpty$DefaultIfEmptySubscriber.request(FluxDefaultIfEmpty.java:99)
api-gateway-1  | 2026-09-23T08:18:41.934255924Z 		at reactor.core.publisher.FluxOnErrorReturn$ReturnSubscriber.request(FluxOnErrorReturn.java:150)
api-gateway-1  | 2026-09-23T08:18:41.934260734Z 		at reactor.core.publisher.FluxMap$MapSubscriber.request(FluxMap.java:163)
api-gateway-1  | 2026-09-23T08:18:41.934265242Z 		at reactor.core.publisher.MonoFlatMap$FlatMapMain.request(MonoFlatMap.java:195)
api-gateway-1  | 2026-09-23T08:18:41.934269521Z 		at reactor.core.publisher.Operators$MultiSubscriptionSubscriber.set(Operators.java:2361)
api-gateway-1  | 2026-09-23T08:18:41.934274220Z 		at reactor.core.publisher.FluxOnErrorResume$ResumeSubscriber.onSubscribe(FluxOnErrorResume.java:75)
api-gateway-1  | 2026-09-23T08:18:41.934278809Z 		at reactor.core.publisher.MonoFlatMap$FlatMapMain.onSubscribe(MonoFlatMap.java:118)
api-gateway-1  | 2026-09-23T08:18:41.934284139Z 		at reactor.core.publisher.FluxMap$MapSubscriber.onSubscribe(FluxMap.java:92)
api-gateway-1  | 2026-09-23T08:18:41.934288889Z 		at reactor.core.publisher.FluxOnErrorReturn$ReturnSubscriber.onSubscribe(FluxOnErrorReturn.java:92)
api-gateway-1  | 2026-09-23T08:18:41.934293878Z 		at reactor.core.publisher.Operators$BaseFluxToMonoOperator.onSubscribe(Operators.java:2047)
api-gateway-1  | 2026-09-23T08:18:41.934307495Z 		at reactor.core.publisher.FluxMapFuseable$MapFuseableSubscriber.onSubscribe(FluxMapFuseable.java:96)
api-gateway-1  | 2026-09-23T08:18:41.934312465Z 		at reactor.core.publisher.FluxContextWrite$ContextWriteSubscriber.onSubscribe(FluxContextWrite.java:103)
api-gateway-1  | 2026-09-23T08:18:41.934316573Z 		at reactor.core.publisher.FluxMapFuseable$MapFuseableConditionalSubscriber.onSubscribe(FluxMapFuseable.java:265)
api-gateway-1  | 2026-09-23T08:18:41.934320691Z 		at reactor.core.publisher.FluxFilterFuseable$FilterFuseableConditionalSubscriber.onSubscribe(FluxFilterFuseable.java:305)
api-gateway-1  | 2026-09-23T08:18:41.934324809Z 		at reactor.core.publisher.Operators$BaseFluxToMonoOperator.onSubscribe(Operators.java:2047)
api-gateway-1  | 2026-09-23T08:18:41.934328877Z 		at reactor.core.publisher.FluxMapFuseable$MapFuseableSubscriber.onSubscribe(FluxMapFuseable.java:96)
api-gateway-1  | 2026-09-23T08:18:41.934332915Z 		at reactor.core.publisher.FluxJust.subscribe(FluxJust.java:69)
api-gateway-1  | 2026-09-23T08:18:41.934336882Z 		at reactor.core.publisher.InternalMonoOperator.subscribe(InternalMonoOperator.java:75)
api-gateway-1  | 2026-09-23T08:18:41.934341902Z 		at reactor.core.publisher.MonoFlatMap$FlatMapMain.onNext(MonoFlatMap.java:166)
api-gateway-1  | 2026-09-23T08:18:41.934347192Z 		at reactor.core.publisher.MonoContextWriteRestoringThreadLocals$ContextWriteRestoringThreadLocalsSubscriber.onNext(MonoContextWriteRestoringThreadLocals.java:111)
api-gateway-1  | 2026-09-23T08:18:41.934351992Z 		at reactor.core.publisher.FluxDoFinally$DoFinallySubscriber.onNext(FluxDoFinally.java:113)
api-gateway-1  | 2026-09-23T08:18:41.934357012Z 		at reactor.core.publisher.MonoPeekTerminal$MonoTerminalPeekSubscriber.onNext(MonoPeekTerminal.java:184)
api-gateway-1  | 2026-09-23T08:18:41.934362472Z 		at reactor.core.publisher.FluxPeekFuseable$PeekConditionalSubscriber.onNext(FluxPeekFuseable.java:850)
api-gateway-1  | 2026-09-23T08:18:41.934366931Z 		at reactor.core.publisher.FluxSwitchIfEmpty$SwitchIfEmptySubscriber.onNext(FluxSwitchIfEmpty.java:75)
api-gateway-1  | 2026-09-23T08:18:41.934371209Z 		at reactor.core.publisher.MonoFlatMap$FlatMapMain.onNext(MonoFlatMap.java:159)
api-gateway-1  | 2026-09-23T08:18:41.934375367Z 		at reactor.core.publisher.FluxMap$MapSubscriber.onNext(FluxMap.java:122)
api-gateway-1  | 2026-09-23T08:18:41.934379465Z 		at reactor.core.publisher.MonoNext$NextSubscriber.onNext(MonoNext.java:83)
api-gateway-1  | 2026-09-23T08:18:41.934383594Z 		at reactor.core.publisher.FluxDematerialize$DematerializeSubscriber.onNext(FluxDematerialize.java:102)
api-gateway-1  | 2026-09-23T08:18:41.934388343Z 		at reactor.core.publisher.FluxDematerialize$DematerializeSubscriber.onNext(FluxDematerialize.java:44)
api-gateway-1  | 2026-09-23T08:18:41.934392731Z 		at reactor.core.publisher.FluxFlattenIterable$FlattenIterableSubscriber.drainAsync(FluxFlattenIterable.java:455)
api-gateway-1  | 2026-09-23T08:18:41.934397190Z 		at reactor.core.publisher.FluxFlattenIterable$FlattenIterableSubscriber.drain(FluxFlattenIterable.java:726)
api-gateway-1  | 2026-09-23T08:18:41.934402130Z 		at reactor.core.publisher.FluxFlattenIterable$FlattenIterableSubscriber.onNext(FluxFlattenIterable.java:258)
api-gateway-1  | 2026-09-23T08:18:41.934406528Z 		at reactor.core.publisher.FluxSwitchIfEmpty$SwitchIfEmptySubscriber.onNext(FluxSwitchIfEmpty.java:75)
api-gateway-1  | 2026-09-23T08:18:41.934418532Z 		at reactor.core.publisher.MonoFlatMap$FlatMapMain.secondComplete(MonoFlatMap.java:246)
api-gateway-1  | 2026-09-23T08:18:41.934422680Z 		at reactor.core.publisher.MonoFlatMap$FlatMapInner.onNext(MonoFlatMap.java:307)
api-gateway-1  | 2026-09-23T08:18:41.934426698Z 		at reactor.core.publisher.MonoIgnoreThen$ThenIgnoreMain.complete(MonoIgnoreThen.java:297)
api-gateway-1  | 2026-09-23T08:18:41.934430746Z 		at reactor.core.publisher.MonoIgnoreThen$ThenIgnoreMain.onNext(MonoIgnoreThen.java:191)
api-gateway-1  | 2026-09-23T08:18:41.934434944Z 		at reactor.core.publisher.MonoIgnoreThen$ThenIgnoreMain.subscribeNext(MonoIgnoreThen.java:240)
api-gateway-1  | 2026-09-23T08:18:41.934439202Z 		at reactor.core.publisher.MonoIgnoreThen$ThenIgnoreMain.onComplete(MonoIgnoreThen.java:207)
api-gateway-1  | 2026-09-23T08:18:41.934443280Z 		at reactor.core.publisher.MonoIgnoreElements$IgnoreElementsSubscriber.onComplete(MonoIgnoreElements.java:89)
api-gateway-1  | 2026-09-23T08:18:41.934447478Z 		at reactor.core.publisher.FluxPeek$PeekSubscriber.onComplete(FluxPeek.java:263)
api-gateway-1  | 2026-09-23T08:18:41.934451817Z 		at reactor.core.publisher.FluxDematerialize$DematerializeSubscriber.onComplete(FluxDematerialize.java:125)
api-gateway-1  | 2026-09-23T08:18:41.934456095Z 		at reactor.core.publisher.FluxDematerialize$DematerializeSubscriber.onNext(FluxDematerialize.java:91)
api-gateway-1  | 2026-09-23T08:18:41.934460263Z 		at reactor.core.publisher.FluxDematerialize$DematerializeSubscriber.onNext(FluxDematerialize.java:44)
api-gateway-1  | 2026-09-23T08:18:41.934464762Z 		at reactor.core.publisher.FluxIterable$IterableSubscription.fastPath(FluxIterable.java:402)
api-gateway-1  | 2026-09-23T08:18:41.934468910Z 		at reactor.core.publisher.FluxIterable$IterableSubscription.request(FluxIterable.java:291)
api-gateway-1  | 2026-09-23T08:18:41.934473058Z 		at reactor.core.publisher.FluxDematerialize$DematerializeSubscriber.request(FluxDematerialize.java:131)
api-gateway-1  | 2026-09-23T08:18:41.934477226Z 		at reactor.core.publisher.FluxPeek$PeekSubscriber.request(FluxPeek.java:141)
api-gateway-1  | 2026-09-23T08:18:41.934481124Z 		at reactor.core.publisher.MonoIgnoreElements$IgnoreElementsSubscriber.onSubscribe(MonoIgnoreElements.java:72)
api-gateway-1  | 2026-09-23T08:18:41.934484981Z 		at reactor.core.publisher.FluxPeek$PeekSubscriber.onSubscribe(FluxPeek.java:174)
api-gateway-1  | 2026-09-23T08:18:41.934489059Z 		at reactor.core.publisher.FluxDematerialize$DematerializeSubscriber.onSubscribe(FluxDematerialize.java:77)
api-gateway-1  | 2026-09-23T08:18:41.934493177Z 		at reactor.core.publisher.FluxIterable.subscribe(FluxIterable.java:200)
api-gateway-1  | 2026-09-23T08:18:41.934497626Z 		at reactor.core.publisher.FluxIterable.subscribe(FluxIterable.java:82)
api-gateway-1  | 2026-09-23T08:18:41.934501895Z 		at reactor.core.publisher.Mono.subscribe(Mono.java:4569)
api-gateway-1  | 2026-09-23T08:18:41.934506183Z 		at reactor.core.publisher.MonoIgnoreThen$ThenIgnoreMain.subscribeNext(MonoIgnoreThen.java:268)
api-gateway-1  | 2026-09-23T08:18:41.934510321Z 		at reactor.core.publisher.MonoIgnoreThen.subscribe(MonoIgnoreThen.java:51)
api-gateway-1  | 2026-09-23T08:18:41.934520922Z 		at reactor.core.publisher.MonoFlatMap$FlatMapMain.onNext(MonoFlatMap.java:166)
api-gateway-1  | 2026-09-23T08:18:41.934525370Z 		at reactor.core.publisher.Operators$BaseFluxToMonoOperator.completePossiblyEmpty(Operators.java:2093)
api-gateway-1  | 2026-09-23T08:18:41.934529508Z 		at reactor.core.publisher.MonoCollectList$MonoCollectListSubscriber.onComplete(MonoCollectList.java:117)
api-gateway-1  | 2026-09-23T08:18:41.934533626Z 		at reactor.core.publisher.DrainUtils.postCompleteDrain(DrainUtils.java:132)
api-gateway-1  | 2026-09-23T08:18:41.934537775Z 		at reactor.core.publisher.DrainUtils.postComplete(DrainUtils.java:187)
api-gateway-1  | 2026-09-23T08:18:41.934542173Z 		at reactor.core.publisher.FluxMaterialize$MaterializeSubscriber.onComplete(FluxMaterialize.java:141)
api-gateway-1  | 2026-09-23T08:18:41.934546592Z 		at reactor.core.publisher.FluxLimitRequest$FluxLimitRequestSubscriber.onNext(FluxLimitRequest.java:104)
api-gateway-1  | 2026-09-23T08:18:41.934550750Z 		at reactor.core.publisher.FluxOnErrorResume$ResumeSubscriber.onNext(FluxOnErrorResume.java:80)
api-gateway-1  | 2026-09-23T08:18:41.934555279Z 		at reactor.core.publisher.SerializedSubscriber.onNext(SerializedSubscriber.java:100)
api-gateway-1  | 2026-09-23T08:18:41.934560479Z 		at reactor.core.publisher.FluxTimeout$TimeoutMainSubscriber.onNext(FluxTimeout.java:182)
api-gateway-1  | 2026-09-23T08:18:41.934564547Z 		at reactor.core.publisher.Operators$BaseFluxToMonoOperator.completePossiblyEmpty(Operators.java:2093)
api-gateway-1  | 2026-09-23T08:18:41.934568605Z 		at reactor.core.publisher.MonoCollectList$MonoCollectListSubscriber.onComplete(MonoCollectList.java:117)
api-gateway-1  | 2026-09-23T08:18:41.934572452Z 		at reactor.core.publisher.FluxContextWriteRestoringThreadLocals$ContextWriteRestoringThreadLocalsSubscriber.onComplete(FluxContextWriteRestoringThreadLocals.java:150)
api-gateway-1  | 2026-09-23T08:18:41.934576791Z 		at org.springframework.cloud.commons.publisher.FluxFirstNonEmptyEmitting$FirstNonEmptyEmittingSubscriber.onComplete(FluxFirstNonEmptyEmitting.java:325)
api-gateway-1  | 2026-09-23T08:18:41.934581159Z 		at reactor.core.publisher.Operators.complete(Operators.java:137)
api-gateway-1  | 2026-09-23T08:18:41.934585568Z 		at reactor.core.publisher.FluxIterable.subscribe(FluxIterable.java:143)
api-gateway-1  | 2026-09-23T08:18:41.934590307Z 		at reactor.core.publisher.FluxIterable.subscribe(FluxIterable.java:82)
api-gateway-1  | 2026-09-23T08:18:41.934594716Z 		at reactor.core.publisher.Flux.subscribe(Flux.java:8888)
api-gateway-1  | 2026-09-23T08:18:41.934599645Z 		at org.springframework.cloud.commons.publisher.FluxFirstNonEmptyEmitting$RaceCoordinator.subscribe(FluxFirstNonEmptyEmitting.java:203)
api-gateway-1  | 2026-09-23T08:18:41.934604114Z 		at org.springframework.cloud.commons.publisher.FluxFirstNonEmptyEmitting.subscribe(FluxFirstNonEmptyEmitting.java:128)
api-gateway-1  | 2026-09-23T08:18:41.934608503Z 		at reactor.core.publisher.InternalFluxOperator.subscribe(InternalFluxOperator.java:67)
api-gateway-1  | 2026-09-23T08:18:41.934612340Z 		at reactor.core.publisher.FluxDefer.subscribe(FluxDefer.java:55)
api-gateway-1  | 2026-09-23T08:18:41.934616067Z 		at reactor.core.publisher.InternalFluxOperator.subscribe(InternalFluxOperator.java:67)
api-gateway-1  | 2026-09-23T08:18:41.934620035Z 		at reactor.core.publisher.FluxDefer.subscribe(FluxDefer.java:55)
api-gateway-1  | 2026-09-23T08:18:41.934632419Z 		at reactor.core.publisher.Mono.subscribe(Mono.java:4569)
api-gateway-1  | 2026-09-23T08:18:41.934636988Z 		at reactor.core.publisher.FluxSwitchIfEmpty$SwitchIfEmptySubscriber.onComplete(FluxSwitchIfEmpty.java:83)
api-gateway-1  | 2026-09-23T08:18:41.934641267Z 		at reactor.core.publisher.Operators.complete(Operators.java:137)
api-gateway-1  | 2026-09-23T08:18:41.934645134Z 		at reactor.core.publisher.MonoEmpty.subscribe(MonoEmpty.java:46)
api-gateway-1  | 2026-09-23T08:18:41.934649182Z 		at reactor.core.publisher.InternalFluxOperator.subscribe(InternalFluxOperator.java:67)
api-gateway-1  | 2026-09-23T08:18:41.934653941Z 		at reactor.core.publisher.FluxDefer.subscribe(FluxDefer.java:55)
api-gateway-1  | 2026-09-23T08:18:41.934658100Z 		at reactor.core.publisher.InternalMonoOperator.subscribe(InternalMonoOperator.java:75)
api-gateway-1  | 2026-09-23T08:18:41.934662198Z 		at reactor.core.publisher.MonoDefer.subscribe(MonoDefer.java:54)
api-gateway-1  | 2026-09-23T08:18:41.934666466Z 		at reactor.core.publisher.InternalMonoOperator.subscribe(InternalMonoOperator.java:75)
api-gateway-1  | 2026-09-23T08:18:41.934670243Z 		at reactor.core.publisher.MonoContextWriteRestoringThreadLocals.subscribe(MonoContextWriteRestoringThreadLocals.java:44)
api-gateway-1  | 2026-09-23T08:18:41.934674191Z 		at reactor.core.publisher.MonoDeferContextual.subscribe(MonoDeferContextual.java:56)
api-gateway-1  | 2026-09-23T08:18:41.934678199Z 		at reactor.core.publisher.FluxFromMonoOperator.subscribe(FluxFromMonoOperator.java:83)
api-gateway-1  | 2026-09-23T08:18:41.934682547Z 		at reactor.core.publisher.FluxDeferContextual.subscribe(FluxDeferContextual.java:58)
api-gateway-1  | 2026-09-23T08:18:41.934687457Z 		at reactor.core.publisher.InternalMonoOperator.subscribe(InternalMonoOperator.java:75)
api-gateway-1  | 2026-09-23T08:18:41.934691244Z 		at reactor.core.publisher.MonoFlatMap$FlatMapMain.onNext(MonoFlatMap.java:166)
api-gateway-1  | 2026-09-23T08:18:41.934695262Z 		at reactor.core.publisher.FluxOnErrorResume$ResumeSubscriber.onNext(FluxOnErrorResume.java:80)
api-gateway-1  | 2026-09-23T08:18:41.934699049Z 		at reactor.core.publisher.FluxOnErrorResume$ResumeSubscriber.onNext(FluxOnErrorResume.java:80)
api-gateway-1  | 2026-09-23T08:18:41.934703117Z 		at reactor.core.publisher.FluxPeek$PeekSubscriber.onNext(FluxPeek.java:203)
api-gateway-1  | 2026-09-23T08:18:41.934707716Z 		at reactor.core.publisher.MonoIgnoreThen$ThenIgnoreMain.complete(MonoIgnoreThen.java:297)
api-gateway-1  | 2026-09-23T08:18:41.934711834Z 		at reactor.core.publisher.MonoIgnoreThen$ThenIgnoreMain.onNext(MonoIgnoreThen.java:191)
api-gateway-1  | 2026-09-23T08:18:41.934715732Z 		at reactor.core.publisher.MonoFlatMap$FlatMapMain.onNext(MonoFlatMap.java:159)
api-gateway-1  | 2026-09-23T08:18:41.934719690Z 		at reactor.core.publisher.MonoZip$ZipCoordinator.signal(MonoZip.java:296)
api-gateway-1  | 2026-09-23T08:18:41.934723708Z 		at reactor.core.publisher.MonoZip$ZipInner.onNext(MonoZip.java:480)
api-gateway-1  | 2026-09-23T08:18:41.934727926Z 		at reactor.core.publisher.MonoPeekTerminal$MonoTerminalPeekSubscriber.onNext(MonoPeekTerminal.java:184)
api-gateway-1  | 2026-09-23T08:18:41.934740250Z 		at reactor.core.publisher.FluxDefaultIfEmpty$DefaultIfEmptySubscriber.onNext(FluxDefaultIfEmpty.java:123)
api-gateway-1  | 2026-09-23T08:18:41.934744839Z 		at reactor.core.publisher.FluxSwitchIfEmpty$SwitchIfEmptySubscriber.onNext(FluxSwitchIfEmpty.java:75)
api-gateway-1  | 2026-09-23T08:18:41.934748817Z 		at reactor.core.publisher.Operators$ScalarSubscription.request(Operators.java:2565)
api-gateway-1  | 2026-09-23T08:18:41.934753345Z 		at reactor.core.publisher.Operators$MultiSubscriptionSubscriber.set(Operators.java:2361)
api-gateway-1  | 2026-09-23T08:18:41.934758015Z 		at reactor.core.publisher.Operators$MultiSubscriptionSubscriber.onSubscribe(Operators.java:2235)
api-gateway-1  | 2026-09-23T08:18:41.934762533Z 		at reactor.core.publisher.FluxFlatMap.trySubscribeScalarMap(FluxFlatMap.java:193)
api-gateway-1  | 2026-09-23T08:18:41.934766301Z 		at reactor.core.publisher.MonoFlatMap.subscribeOrReturn(MonoFlatMap.java:53)
api-gateway-1  | 2026-09-23T08:18:41.934770128Z 		at reactor.core.publisher.InternalMonoOperator.subscribe(InternalMonoOperator.java:62)
api-gateway-1  | 2026-09-23T08:18:41.934775569Z 		at reactor.core.publisher.MonoZip$ZipCoordinator.request(MonoZip.java:219)
api-gateway-1  | 2026-09-23T08:18:41.934779987Z 		at reactor.core.publisher.MonoFlatMap$FlatMapMain.request(MonoFlatMap.java:195)
api-gateway-1  | 2026-09-23T08:18:41.934784035Z 		at reactor.core.publisher.MonoIgnoreThen$ThenIgnoreMain.onSubscribe(MonoIgnoreThen.java:135)
api-gateway-1  | 2026-09-23T08:18:41.934788304Z 		at reactor.core.publisher.MonoFlatMap$FlatMapMain.onSubscribe(MonoFlatMap.java:118)
api-gateway-1  | 2026-09-23T08:18:41.934792101Z 		at reactor.core.publisher.MonoZip.subscribe(MonoZip.java:129)
api-gateway-1  | 2026-09-23T08:18:41.934796009Z 		at reactor.core.publisher.InternalMonoOperator.subscribe(InternalMonoOperator.java:75)
api-gateway-1  | 2026-09-23T08:18:41.934799676Z 		at reactor.core.publisher.MonoDefer.subscribe(MonoDefer.java:54)
api-gateway-1  | 2026-09-23T08:18:41.934803503Z 		at reactor.core.publisher.MonoIgnoreThen$ThenIgnoreMain.subscribeNext(MonoIgnoreThen.java:244)
api-gateway-1  | 2026-09-23T08:18:41.934807361Z 		at reactor.core.publisher.MonoIgnoreThen$ThenIgnoreMain.onComplete(MonoIgnoreThen.java:207)
api-gateway-1  | 2026-09-23T08:18:41.934812631Z 		at reactor.core.publisher.MonoFlatMap$FlatMapMain.onComplete(MonoFlatMap.java:190)
api-gateway-1  | 2026-09-23T08:18:41.934816469Z 		at reactor.core.publisher.Operators.complete(Operators.java:137)
api-gateway-1  | 2026-09-23T08:18:41.934842530Z 		at reactor.core.publisher.MonoZip.subscribe(MonoZip.java:121)
api-gateway-1  | 2026-09-23T08:18:41.934847309Z 		at reactor.core.publisher.Mono.subscribe(Mono.java:4569)
api-gateway-1  | 2026-09-23T08:18:41.934851156Z 		at reactor.core.publisher.MonoIgnoreThen$ThenIgnoreMain.subscribeNext(MonoIgnoreThen.java:268)
api-gateway-1  | 2026-09-23T08:18:41.934855345Z 		at reactor.core.publisher.MonoIgnoreThen.subscribe(MonoIgnoreThen.java:51)
api-gateway-1  | 2026-09-23T08:18:41.934859763Z 		at reactor.core.publisher.InternalMonoOperator.subscribe(InternalMonoOperator.java:75)
api-gateway-1  | 2026-09-23T08:18:41.934864132Z 		at reactor.core.publisher.MonoFlatMap$FlatMapMain.onNext(MonoFlatMap.java:166)
api-gateway-1  | 2026-09-23T08:18:41.934878199Z 		at reactor.core.publisher.FluxOnErrorResume$ResumeSubscriber.onNext(FluxOnErrorResume.java:80)
api-gateway-1  | 2026-09-23T08:18:41.934883109Z 		at reactor.core.publisher.FluxSwitchIfEmpty$SwitchIfEmptySubscriber.onNext(FluxSwitchIfEmpty.java:75)
api-gateway-1  | 2026-09-23T08:18:41.934887357Z 		at reactor.core.publisher.MonoNext$NextSubscriber.onNext(MonoNext.java:83)
api-gateway-1  | 2026-09-23T08:18:41.934891555Z 		at reactor.core.publisher.FluxConcatMapNoPrefetch$FluxConcatMapNoPrefetchSubscriber.innerNext(FluxConcatMapNoPrefetch.java:259)
api-gateway-1  | 2026-09-23T08:18:41.934896184Z 		at reactor.core.publisher.FluxConcatMap$ConcatMapInner.onNext(FluxConcatMap.java:870)
api-gateway-1  | 2026-09-23T08:18:41.934900353Z 		at reactor.core.publisher.FluxMapFuseable$MapFuseableSubscriber.onNext(FluxMapFuseable.java:130)
api-gateway-1  | 2026-09-23T08:18:41.934904481Z 		at reactor.core.publisher.MonoPeekTerminal$MonoTerminalPeekSubscriber.onNext(MonoPeekTerminal.java:184)
api-gateway-1  | 2026-09-23T08:18:41.934908679Z 		at reactor.core.publisher.Operators$ScalarSubscription.request(Operators.java:2565)
api-gateway-1  | 2026-09-23T08:18:41.934912947Z 		at reactor.core.publisher.MonoPeekTerminal$MonoTerminalPeekSubscriber.request(MonoPeekTerminal.java:142)
api-gateway-1  | 2026-09-23T08:18:41.934917135Z 		at reactor.core.publisher.FluxMapFuseable$MapFuseableSubscriber.request(FluxMapFuseable.java:172)
api-gateway-1  | 2026-09-23T08:18:41.934921404Z 		at reactor.core.publisher.Operators$MultiSubscriptionSubscriber.request(Operators.java:2325)
api-gateway-1  | 2026-09-23T08:18:41.934926173Z 		at reactor.core.publisher.FluxConcatMapNoPrefetch$FluxConcatMapNoPrefetchSubscriber.request(FluxConcatMapNoPrefetch.java:339)
api-gateway-1  | 2026-09-23T08:18:41.934930782Z 		at reactor.core.publisher.MonoNext$NextSubscriber.request(MonoNext.java:109)
api-gateway-1  | 2026-09-23T08:18:41.934935070Z 		at reactor.core.publisher.Operators$MultiSubscriptionSubscriber.set(Operators.java:2361)
api-gateway-1  | 2026-09-23T08:18:41.934939529Z 		at reactor.core.publisher.Operators$MultiSubscriptionSubscriber.onSubscribe(Operators.java:2235)
api-gateway-1  | 2026-09-23T08:18:41.934944739Z 		at reactor.core.publisher.MonoNext$NextSubscriber.onSubscribe(MonoNext.java:71)
api-gateway-1  | 2026-09-23T08:18:41.934949218Z 		at reactor.core.publisher.FluxConcatMapNoPrefetch$FluxConcatMapNoPrefetchSubscriber.onSubscribe(FluxConcatMapNoPrefetch.java:164)
api-gateway-1  | 2026-09-23T08:18:41.934954117Z 		at reactor.core.publisher.FluxIterable.subscribe(FluxIterable.java:200)
api-gateway-1  | 2026-09-23T08:18:41.934987683Z 		at reactor.core.publisher.FluxIterable.subscribe(FluxIterable.java:82)
api-gateway-1  | 2026-09-23T08:18:41.934993995Z 		at reactor.core.publisher.InternalMonoOperator.subscribe(InternalMonoOperator.java:75)
api-gateway-1  | 2026-09-23T08:18:41.934998785Z 		at reactor.core.publisher.MonoDefer.subscribe(MonoDefer.java:54)
api-gateway-1  | 2026-09-23T08:18:41.935003694Z 		at reactor.core.publisher.InternalMonoOperator.subscribe(InternalMonoOperator.java:75)
api-gateway-1  | 2026-09-23T08:18:41.935007702Z 		at reactor.core.publisher.MonoDefer.subscribe(MonoDefer.java:54)
api-gateway-1  | 2026-09-23T08:18:41.935012051Z 		at reactor.core.publisher.InternalMonoOperator.subscribe(InternalMonoOperator.java:75)
api-gateway-1  | 2026-09-23T08:18:41.935033793Z 		at reactor.core.publisher.MonoTapRestoringThreadLocals.subscribe(MonoTapRestoringThreadLocals.java:78)
api-gateway-1  | 2026-09-23T08:18:41.935038212Z 		at reactor.core.publisher.Mono.subscribe(Mono.java:4569)
api-gateway-1  | 2026-09-23T08:18:41.935042069Z 		at reactor.core.publisher.MonoIgnoreThen$ThenIgnoreMain.subscribeNext(MonoIgnoreThen.java:268)
api-gateway-1  | 2026-09-23T08:18:41.935046287Z 		at reactor.core.publisher.MonoIgnoreThen.subscribe(MonoIgnoreThen.java:51)
api-gateway-1  | 2026-09-23T08:18:41.935050165Z 		at reactor.core.publisher.InternalMonoOperator.subscribe(InternalMonoOperator.java:75)
api-gateway-1  | 2026-09-23T08:18:41.935054063Z 		at reactor.core.publisher.MonoDeferContextual.subscribe(MonoDeferContextual.java:56)
api-gateway-1  | 2026-09-23T08:18:41.935058040Z 		at reactor.netty.http.server.HttpServer$HttpServerHandle.onStateChange(HttpServer.java:1344)
api-gateway-1  | 2026-09-23T08:18:41.935062199Z 		at reactor.netty.ReactorNetty$CompositeConnectionObserver.onStateChange(ReactorNetty.java:730)
api-gateway-1  | 2026-09-23T08:18:41.935066297Z 		at reactor.netty.transport.ServerTransport$ChildObserver.onStateChange(ServerTransport.java:489)
api-gateway-1  | 2026-09-23T08:18:41.935070264Z 		at reactor.netty.http.server.HttpServerOperations.handleDefaultHttpRequest(HttpServerOperations.java:863)
api-gateway-1  | 2026-09-23T08:18:41.935074142Z 		at reactor.netty.http.server.HttpServerOperations.onInboundNext(HttpServerOperations.java:789)
api-gateway-1  | 2026-09-23T08:18:41.935078230Z 		at reactor.netty.channel.ChannelOperationsHandler.channelRead(ChannelOperationsHandler.java:115)
api-gateway-1  | 2026-09-23T08:18:41.935082438Z 		at io.netty.channel.AbstractChannelHandlerContext.fireChannelRead(AbstractChannelHandlerContext.java:356)
api-gateway-1  | 2026-09-23T08:18:41.935088971Z 		at reactor.netty.http.server.HttpTrafficHandler.channelRead(HttpTrafficHandler.java:283)
api-gateway-1  | 2026-09-23T08:18:41.935093299Z 		at io.netty.channel.AbstractChannelHandlerContext.fireChannelRead(AbstractChannelHandlerContext.java:354)
api-gateway-1  | 2026-09-23T08:18:41.935097858Z 		at io.netty.channel.CombinedChannelDuplexHandler$DelegatingChannelHandlerContext.fireChannelRead(CombinedChannelDuplexHandler.java:434)
api-gateway-1  | 2026-09-23T08:18:41.935102207Z 		at io.netty.handler.codec.ByteToMessageDecoder.fireChannelRead(ByteToMessageDecoder.java:361)
api-gateway-1  | 2026-09-23T08:18:41.935106174Z 		at io.netty.handler.codec.ByteToMessageDecoder.channelRead(ByteToMessageDecoder.java:325)
api-gateway-1  | 2026-09-23T08:18:41.935110252Z 		at io.netty.channel.CombinedChannelDuplexHandler.channelRead(CombinedChannelDuplexHandler.java:249)
api-gateway-1  | 2026-09-23T08:18:41.935114451Z 		at io.netty.channel.AbstractChannelHandlerContext.fireChannelRead(AbstractChannelHandlerContext.java:354)
api-gateway-1  | 2026-09-23T08:18:41.935118709Z 		at io.netty.channel.DefaultChannelPipeline$HeadContext.channelRead(DefaultChannelPipeline.java:1429)
api-gateway-1  | 2026-09-23T08:18:41.935122987Z 		at io.netty.channel.DefaultChannelPipeline.fireChannelRead(DefaultChannelPipeline.java:918)
api-gateway-1  | 2026-09-23T08:18:41.935127095Z 		at io.netty.channel.epoll.AbstractEpollStreamChannel$EpollStreamUnsafe.epollInReady(AbstractEpollStreamChannel.java:804)
api-gateway-1  | 2026-09-23T08:18:41.935139279Z 		at io.netty.channel.epoll.AbstractEpollChannel$AbstractEpollUnsafe.handle(AbstractEpollChannel.java:482)
api-gateway-1  | 2026-09-23T08:18:41.935143577Z 		at io.netty.channel.epoll.EpollIoHandler$DefaultEpollIoRegistration.handle(EpollIoHandler.java:317)
api-gateway-1  | 2026-09-23T08:18:41.935147786Z 		at io.netty.channel.epoll.EpollIoHandler.processReady(EpollIoHandler.java:515)
api-gateway-1  | 2026-09-23T08:18:41.935152004Z 		at io.netty.channel.epoll.EpollIoHandler.run(EpollIoHandler.java:460)
api-gateway-1  | 2026-09-23T08:18:41.935156102Z 		at io.netty.channel.SingleThreadIoEventLoop.runIo(SingleThreadIoEventLoop.java:225)
api-gateway-1  | 2026-09-23T08:18:41.935160050Z 		at io.netty.channel.SingleThreadIoEventLoop.run(SingleThreadIoEventLoop.java:196)
api-gateway-1  | 2026-09-23T08:18:41.935164238Z 		at io.netty.util.concurrent.SingleThreadEventExecutor$5.run(SingleThreadEventExecutor.java:1195)
api-gateway-1  | 2026-09-23T08:18:41.935168226Z 		at io.netty.util.internal.ThreadExecutorMap$2.run(ThreadExecutorMap.java:74)
api-gateway-1  | 2026-09-23T08:18:41.935172153Z 		at io.netty.util.concurrent.FastThreadLocalRunnable.run(FastThreadLocalRunnable.java:30)
api-gateway-1  | 2026-09-23T08:18:41.935176351Z 		at java.base/java.lang.Thread.run(Thread.java:840)
api-gateway-1  | 2026-09-23T08:18:41.935180169Z 
api-gateway-1  | 2026-09-23T08:18:41.939465982Z 2026-09-23T08:18:41.938Z  WARN 1 --- [api-gateway] [or-http-epoll-8] [                                                 ] i.m.o.c.ObservationThreadLocalAccessor   : There is no current scope in thread local. This situation should not happen
api-gateway-1  | 2026-09-23T08:18:41.940072421Z 2026-09-23T08:18:41.939Z  WARN 1 --- [api-gateway] [or-http-epoll-8] [                                                 ] i.m.o.c.ObservationThreadLocalAccessor   : Observation <{name=http.server.requests(http get /api/gateway/owners/{ownerId}), error=org.springframework.web.reactive.function.client.WebClientResponseException$ServiceUnavailable: 503 Service Unavailable from UNKNOWN , context=name='http.server.requests', contextualName='http get /api/gateway/owners/{ownerId}', error='org.springframework.web.reactive.function.client.WebClientResponseException$ServiceUnavailable: 503 Service Unavailable from UNKNOWN ', lowCardinalityKeyValues=[exception='ServiceUnavailable', method='GET', outcome='SERVER_ERROR', status='500', uri='/api/gateway/owners/{ownerId}'], highCardinalityKeyValues=[http.url='/api/gateway/owners/6'], map=[class io.micrometer.tracing.handler.TracingObservationHandler$TracingContext='TracingContext{span=6ab38b61dc6979fb23740bc48ca21caf/23740bc48ca21caf}', class io.micrometer.core.instrument.Timer$Sample='io.micrometer.core.instrument.Timer$Sample@2e694232', class io.micrometer.core.instrument.LongTaskTimer$Sample='SampleImpl{duration(seconds)=-1.0E-9, duration(nanos)=-1.0, startTimeNanos=1001225044728}'], parentObservation=null}> to which we're restoring is not the same as the one set as this scope's parent observation <null>. Most likely a manually created Observation has a scope opened that was never closed. This may lead to thread polluting and memory leaks.
api-gateway-1  | 2026-09-23T08:18:44.959756523Z 2026-09-23T08:18:44.959Z  WARN 1 --- [api-gateway] [or-http-epoll-9] [6ab38b64341df8aa71a8c598d49ee803-71a8c598d49ee803] i.m.o.c.ObservationThreadLocalAccessor   : Observation <{name=http.server.requests(null), error=null, context=name='http.server.requests', contextualName='null', error='null', lowCardinalityKeyValues=[exception='none', method='GET', outcome='SUCCESS', status='200', uri='UNKNOWN'], highCardinalityKeyValues=[http.url='/api/gateway/owners/6'], map=[class io.micrometer.tracing.handler.TracingObservationHandler$TracingContext='TracingContext{span=6ab38b64341df8aa71a8c598d49ee803/71a8c598d49ee803}', class io.micrometer.core.instrument.Timer$Sample='io.micrometer.core.instrument.Timer$Sample@1bca91a2', class io.micrometer.core.instrument.LongTaskTimer$Sample='SampleImpl{duration(seconds)=0.004186245, duration(nanos)=4186245.0, startTimeNanos=1004255492356}'], parentObservation=null}> to which we're restoring is not the same as the one set as this scope's parent observation <null>. Most likely a manually created Observation has a scope opened that was never closed. This may lead to thread polluting and memory leaks.
api-gateway-1  | 2026-09-23T08:18:44.961980555Z 2026-09-23T08:18:44.961Z  WARN 1 --- [api-gateway] [or-http-epoll-9] [                                                 ] o.s.c.l.core.RoundRobinLoadBalancer      : No servers available for service: customers-service
api-gateway-1  | 2026-09-23T08:18:44.962252880Z 2026-09-23T08:18:44.961Z  WARN 1 --- [api-gateway] [or-http-epoll-9] [                                                 ] eactorLoadBalancerExchangeFilterFunction : LoadBalancer does not contain an instance for the service customers-service
api-gateway-1  | 2026-09-23T08:18:44.965302876Z 2026-09-23T08:18:44.963Z ERROR 1 --- [api-gateway] [or-http-epoll-9] [6ab38b64341df8aa71a8c598d49ee803-71a8c598d49ee803] b.w.a.e.AbstractErrorWebExceptionHandler : [3a32899e-8]  500 Server Error for HTTP GET "/api/gateway/owners/6"
api-gateway-1  | 2026-09-23T08:18:44.965349337Z 
api-gateway-1  | 2026-09-23T08:18:44.965355299Z org.springframework.web.reactive.function.client.WebClientResponseException$ServiceUnavailable: 503 Service Unavailable from UNKNOWN 
api-gateway-1  | 2026-09-23T08:18:44.965359908Z 	at org.springframework.web.reactive.function.client.WebClientResponseException.create(WebClientResponseException.java:322)
api-gateway-1  | 2026-09-23T08:18:44.965364937Z 	Suppressed: The stacktrace has been enhanced by Reactor, refer to additional information below: 
api-gateway-1  | 2026-09-23T08:18:44.965369627Z Error has been observed at the following site(s):
api-gateway-1  | 2026-09-23T08:18:44.965374326Z 	*__checkpoint ⇢ 503 SERVICE_UNAVAILABLE from GET http://customers-service/owners/6 [DefaultWebClient]
api-gateway-1  | 2026-09-23T08:18:44.965379776Z 	*__checkpoint ⇢ Handler org.springframework.samples.petclinic.api.boundary.web.ApiGatewayController#getOwnerDetails(int) [DispatcherHandler]
api-gateway-1  | 2026-09-23T08:18:44.965384946Z 	*__checkpoint ⇢ org.springframework.cloud.gateway.filter.WeightCalculatorWebFilter@5d94ac8a
api-gateway-1  | 2026-09-23T08:18:44.965389405Z 	*__checkpoint ⇢ HTTP GET "/api/gateway/owners/6" [ExceptionHandlingWebHandler]
api-gateway-1  | 2026-09-23T08:18:44.965394084Z Original Stack Trace:
api-gateway-1  | 2026-09-23T08:18:44.965398703Z 		at org.springframework.web.reactive.function.client.WebClientResponseException.create(WebClientResponseException.java:322)
api-gateway-1  | 2026-09-23T08:18:44.965403583Z 		at org.springframework.web.reactive.function.client.DefaultClientResponse.lambda$createException$1(DefaultClientResponse.java:214)
api-gateway-1  | 2026-09-23T08:18:44.965408162Z 		at reactor.core.publisher.FluxMap$MapSubscriber.onNext(FluxMap.java:106)
api-gateway-1  | 2026-09-23T08:18:44.965412811Z 		at reactor.core.publisher.FluxOnErrorReturn$ReturnSubscriber.onNext(FluxOnErrorReturn.java:159)
api-gateway-1  | 2026-09-23T08:18:44.965436387Z 		at reactor.core.publisher.FluxDefaultIfEmpty$DefaultIfEmptySubscriber.onNext(FluxDefaultIfEmpty.java:123)
api-gateway-1  | 2026-09-23T08:18:44.965442048Z 		at reactor.core.publisher.FluxMapFuseable$MapFuseableSubscriber.onNext(FluxMapFuseable.java:130)
api-gateway-1  | 2026-09-23T08:18:44.965445324Z 		at reactor.core.publisher.FluxContextWrite$ContextWriteSubscriber.onNext(FluxContextWrite.java:109)
api-gateway-1  | 2026-09-23T08:18:44.965448350Z 		at reactor.core.publisher.FluxMapFuseable$MapFuseableConditionalSubscriber.onNext(FluxMapFuseable.java:300)
api-gateway-1  | 2026-09-23T08:18:44.965453110Z 		at reactor.core.publisher.FluxFilterFuseable$FilterFuseableConditionalSubscriber.onNext(FluxFilterFuseable.java:338)
api-gateway-1  | 2026-09-23T08:18:44.965456146Z 		at reactor.core.publisher.Operators$BaseFluxToMonoOperator.completePossiblyEmpty(Operators.java:2093)
api-gateway-1  | 2026-09-23T08:18:44.965459562Z 		at reactor.core.publisher.MonoCollect$CollectSubscriber.onComplete(MonoCollect.java:144)
api-gateway-1  | 2026-09-23T08:18:44.965464442Z 		at reactor.core.publisher.FluxMapFuseable$MapFuseableSubscriber.onComplete(FluxMapFuseable.java:153)
api-gateway-1  | 2026-09-23T08:18:44.965469572Z 		at reactor.core.publisher.Operators$ScalarSubscription.request(Operators.java:2567)
api-gateway-1  | 2026-09-23T08:18:44.965474952Z 		at reactor.core.publisher.FluxMapFuseable$MapFuseableSubscriber.request(FluxMapFuseable.java:172)
api-gateway-1  | 2026-09-23T08:18:44.965479511Z 		at reactor.core.publisher.Operators$BaseFluxToMonoOperator.request(Operators.java:2063)
api-gateway-1  | 2026-09-23T08:18:44.965484150Z 		at reactor.core.publisher.FluxFilterFuseable$FilterFuseableConditionalSubscriber.request(FluxFilterFuseable.java:411)
api-gateway-1  | 2026-09-23T08:18:44.965488599Z 		at reactor.core.publisher.FluxMapFuseable$MapFuseableConditionalSubscriber.request(FluxMapFuseable.java:361)
api-gateway-1  | 2026-09-23T08:18:44.965493098Z 		at reactor.core.publisher.FluxContextWrite$ContextWriteSubscriber.request(FluxContextWrite.java:138)
api-gateway-1  | 2026-09-23T08:18:44.965497637Z 		at reactor.core.publisher.FluxMapFuseable$MapFuseableSubscriber.request(FluxMapFuseable.java:172)
api-gateway-1  | 2026-09-23T08:18:44.965502787Z 		at reactor.core.publisher.FluxDefaultIfEmpty$DefaultIfEmptySubscriber.request(FluxDefaultIfEmpty.java:99)
api-gateway-1  | 2026-09-23T08:18:44.965507696Z 		at reactor.core.publisher.FluxOnErrorReturn$ReturnSubscriber.request(FluxOnErrorReturn.java:150)
api-gateway-1  | 2026-09-23T08:18:44.965512135Z 		at reactor.core.publisher.FluxMap$MapSubscriber.request(FluxMap.java:163)
api-gateway-1  | 2026-09-23T08:18:44.965516624Z 		at reactor.core.publisher.MonoFlatMap$FlatMapMain.request(MonoFlatMap.java:195)
api-gateway-1  | 2026-09-23T08:18:44.965521062Z 		at reactor.core.publisher.Operators$MultiSubscriptionSubscriber.set(Operators.java:2361)
api-gateway-1  | 2026-09-23T08:18:44.965525681Z 		at reactor.core.publisher.FluxOnErrorResume$ResumeSubscriber.onSubscribe(FluxOnErrorResume.java:75)
api-gateway-1  | 2026-09-23T08:18:44.965530270Z 		at reactor.core.publisher.MonoFlatMap$FlatMapMain.onSubscribe(MonoFlatMap.java:118)
api-gateway-1  | 2026-09-23T08:18:44.965535991Z 		at reactor.core.publisher.FluxMap$MapSubscriber.onSubscribe(FluxMap.java:92)
api-gateway-1  | 2026-09-23T08:18:44.965550470Z 		at reactor.core.publisher.FluxOnErrorReturn$ReturnSubscriber.onSubscribe(FluxOnErrorReturn.java:92)
api-gateway-1  | 2026-09-23T08:18:44.965555299Z 		at reactor.core.publisher.Operators$BaseFluxToMonoOperator.onSubscribe(Operators.java:2047)
api-gateway-1  | 2026-09-23T08:18:44.965560038Z 		at reactor.core.publisher.FluxMapFuseable$MapFuseableSubscriber.onSubscribe(FluxMapFuseable.java:96)
api-gateway-1  | 2026-09-23T08:18:44.965565840Z 		at reactor.core.publisher.FluxContextWrite$ContextWriteSubscriber.onSubscribe(FluxContextWrite.java:103)
api-gateway-1  | 2026-09-23T08:18:44.965570499Z 		at reactor.core.publisher.FluxMapFuseable$MapFuseableConditionalSubscriber.onSubscribe(FluxMapFuseable.java:265)
api-gateway-1  | 2026-09-23T08:18:44.965575088Z 		at reactor.core.publisher.FluxFilterFuseable$FilterFuseableConditionalSubscriber.onSubscribe(FluxFilterFuseable.java:305)
api-gateway-1  | 2026-09-23T08:18:44.965579697Z 		at reactor.core.publisher.Operators$BaseFluxToMonoOperator.onSubscribe(Operators.java:2047)
api-gateway-1  | 2026-09-23T08:18:44.965584216Z 		at reactor.core.publisher.FluxMapFuseable$MapFuseableSubscriber.onSubscribe(FluxMapFuseable.java:96)
api-gateway-1  | 2026-09-23T08:18:44.965588995Z 		at reactor.core.publisher.FluxJust.subscribe(FluxJust.java:69)
api-gateway-1  | 2026-09-23T08:18:44.965593604Z 		at reactor.core.publisher.InternalMonoOperator.subscribe(InternalMonoOperator.java:75)
api-gateway-1  | 2026-09-23T08:18:44.965598313Z 		at reactor.core.publisher.MonoFlatMap$FlatMapMain.onNext(MonoFlatMap.java:166)
api-gateway-1  | 2026-09-23T08:18:44.965603523Z 		at reactor.core.publisher.MonoContextWriteRestoringThreadLocals$ContextWriteRestoringThreadLocalsSubscriber.onNext(MonoContextWriteRestoringThreadLocals.java:111)
api-gateway-1  | 2026-09-23T08:18:44.965608563Z 		at reactor.core.publisher.FluxDoFinally$DoFinallySubscriber.onNext(FluxDoFinally.java:113)
api-gateway-1  | 2026-09-23T08:18:44.965613242Z 		at reactor.core.publisher.MonoPeekTerminal$MonoTerminalPeekSubscriber.onNext(MonoPeekTerminal.java:184)
api-gateway-1  | 2026-09-23T08:18:44.965617972Z 		at reactor.core.publisher.FluxPeekFuseable$PeekConditionalSubscriber.onNext(FluxPeekFuseable.java:850)
api-gateway-1  | 2026-09-23T08:18:44.965622430Z 		at reactor.core.publisher.FluxSwitchIfEmpty$SwitchIfEmptySubscriber.onNext(FluxSwitchIfEmpty.java:75)
api-gateway-1  | 2026-09-23T08:18:44.965626829Z 		at reactor.core.publisher.MonoFlatMap$FlatMapMain.onNext(MonoFlatMap.java:159)
api-gateway-1  | 2026-09-23T08:18:44.965630837Z 		at reactor.core.publisher.FluxMap$MapSubscriber.onNext(FluxMap.java:122)
api-gateway-1  | 2026-09-23T08:18:44.965634855Z 		at reactor.core.publisher.MonoNext$NextSubscriber.onNext(MonoNext.java:83)
api-gateway-1  | 2026-09-23T08:18:44.965638852Z 		at reactor.core.publisher.FluxDematerialize$DematerializeSubscriber.onNext(FluxDematerialize.java:102)
api-gateway-1  | 2026-09-23T08:18:44.965643041Z 		at reactor.core.publisher.FluxDematerialize$DematerializeSubscriber.onNext(FluxDematerialize.java:44)
api-gateway-1  | 2026-09-23T08:18:44.965647028Z 		at reactor.core.publisher.FluxFlattenIterable$FlattenIterableSubscriber.drainAsync(FluxFlattenIterable.java:455)
api-gateway-1  | 2026-09-23T08:18:44.965651056Z 		at reactor.core.publisher.FluxFlattenIterable$FlattenIterableSubscriber.drain(FluxFlattenIterable.java:726)
api-gateway-1  | 2026-09-23T08:18:44.965664963Z 		at reactor.core.publisher.FluxFlattenIterable$FlattenIterableSubscriber.onNext(FluxFlattenIterable.java:258)
api-gateway-1  | 2026-09-23T08:18:44.965669222Z 		at reactor.core.publisher.FluxSwitchIfEmpty$SwitchIfEmptySubscriber.onNext(FluxSwitchIfEmpty.java:75)
api-gateway-1  | 2026-09-23T08:18:44.965673390Z 		at reactor.core.publisher.MonoFlatMap$FlatMapMain.secondComplete(MonoFlatMap.java:246)
api-gateway-1  | 2026-09-23T08:18:44.965677708Z 		at reactor.core.publisher.MonoFlatMap$FlatMapInner.onNext(MonoFlatMap.java:307)
api-gateway-1  | 2026-09-23T08:18:44.965682347Z 		at reactor.core.publisher.MonoIgnoreThen$ThenIgnoreMain.complete(MonoIgnoreThen.java:297)
api-gateway-1  | 2026-09-23T08:18:44.965687087Z 		at reactor.core.publisher.MonoIgnoreThen$ThenIgnoreMain.onNext(MonoIgnoreThen.java:191)
api-gateway-1  | 2026-09-23T08:18:44.965691746Z 		at reactor.core.publisher.MonoIgnoreThen$ThenIgnoreMain.subscribeNext(MonoIgnoreThen.java:240)
api-gateway-1  | 2026-09-23T08:18:44.965696275Z 		at reactor.core.publisher.MonoIgnoreThen$ThenIgnoreMain.onComplete(MonoIgnoreThen.java:207)
api-gateway-1  | 2026-09-23T08:18:44.965700613Z 		at reactor.core.publisher.MonoIgnoreElements$IgnoreElementsSubscriber.onComplete(MonoIgnoreElements.java:89)
api-gateway-1  | 2026-09-23T08:18:44.965704781Z 		at reactor.core.publisher.FluxPeek$PeekSubscriber.onComplete(FluxPeek.java:263)
api-gateway-1  | 2026-09-23T08:18:44.965709470Z 		at reactor.core.publisher.FluxDematerialize$DematerializeSubscriber.onComplete(FluxDematerialize.java:125)
api-gateway-1  | 2026-09-23T08:18:44.965713849Z 		at reactor.core.publisher.FluxDematerialize$DematerializeSubscriber.onNext(FluxDematerialize.java:91)
api-gateway-1  | 2026-09-23T08:18:44.965718488Z 		at reactor.core.publisher.FluxDematerialize$DematerializeSubscriber.onNext(FluxDematerialize.java:44)
api-gateway-1  | 2026-09-23T08:18:44.965722987Z 		at reactor.core.publisher.FluxIterable$IterableSubscription.fastPath(FluxIterable.java:402)
api-gateway-1  | 2026-09-23T08:18:44.965727506Z 		at reactor.core.publisher.FluxIterable$IterableSubscription.request(FluxIterable.java:291)
api-gateway-1  | 2026-09-23T08:18:44.965731984Z 		at reactor.core.publisher.FluxDematerialize$DematerializeSubscriber.request(FluxDematerialize.java:131)
api-gateway-1  | 2026-09-23T08:18:44.965736213Z 		at reactor.core.publisher.FluxPeek$PeekSubscriber.request(FluxPeek.java:141)
api-gateway-1  | 2026-09-23T08:18:44.965740301Z 		at reactor.core.publisher.MonoIgnoreElements$IgnoreElementsSubscriber.onSubscribe(MonoIgnoreElements.java:72)
api-gateway-1  | 2026-09-23T08:18:44.965744509Z 		at reactor.core.publisher.FluxPeek$PeekSubscriber.onSubscribe(FluxPeek.java:174)
api-gateway-1  | 2026-09-23T08:18:44.965749438Z 		at reactor.core.publisher.FluxDematerialize$DematerializeSubscriber.onSubscribe(FluxDematerialize.java:77)
api-gateway-1  | 2026-09-23T08:18:44.965754358Z 		at reactor.core.publisher.FluxIterable.subscribe(FluxIterable.java:200)
api-gateway-1  | 2026-09-23T08:18:44.965759548Z 		at reactor.core.publisher.FluxIterable.subscribe(FluxIterable.java:82)
api-gateway-1  | 2026-09-23T08:18:44.965764117Z 		at reactor.core.publisher.Mono.subscribe(Mono.java:4569)
api-gateway-1  | 2026-09-23T08:18:44.965768506Z 		at reactor.core.publisher.MonoIgnoreThen$ThenIgnoreMain.subscribeNext(MonoIgnoreThen.java:268)
api-gateway-1  | 2026-09-23T08:18:44.965781140Z 		at reactor.core.publisher.MonoIgnoreThen.subscribe(MonoIgnoreThen.java:51)
api-gateway-1  | 2026-09-23T08:18:44.965785379Z 		at reactor.core.publisher.MonoFlatMap$FlatMapMain.onNext(MonoFlatMap.java:166)
api-gateway-1  | 2026-09-23T08:18:44.965792963Z 		at reactor.core.publisher.Operators$BaseFluxToMonoOperator.completePossiblyEmpty(Operators.java:2093)
api-gateway-1  | 2026-09-23T08:18:44.965797091Z 		at reactor.core.publisher.MonoCollectList$MonoCollectListSubscriber.onComplete(MonoCollectList.java:117)
api-gateway-1  | 2026-09-23T08:18:44.965801139Z 		at reactor.core.publisher.DrainUtils.postCompleteDrain(DrainUtils.java:132)
api-gateway-1  | 2026-09-23T08:18:44.965805117Z 		at reactor.core.publisher.DrainUtils.postComplete(DrainUtils.java:187)
api-gateway-1  | 2026-09-23T08:18:44.965809165Z 		at reactor.core.publisher.FluxMaterialize$MaterializeSubscriber.onComplete(FluxMaterialize.java:141)
api-gateway-1  | 2026-09-23T08:18:44.965813173Z 		at reactor.core.publisher.FluxLimitRequest$FluxLimitRequestSubscriber.onNext(FluxLimitRequest.java:104)
api-gateway-1  | 2026-09-23T08:18:44.965817171Z 		at reactor.core.publisher.FluxOnErrorResume$ResumeSubscriber.onNext(FluxOnErrorResume.java:80)
api-gateway-1  | 2026-09-23T08:18:44.965821269Z 		at reactor.core.publisher.SerializedSubscriber.onNext(SerializedSubscriber.java:100)
api-gateway-1  | 2026-09-23T08:18:44.965825427Z 		at reactor.core.publisher.FluxTimeout$TimeoutMainSubscriber.onNext(FluxTimeout.java:182)
api-gateway-1  | 2026-09-23T08:18:44.965829374Z 		at reactor.core.publisher.Operators$BaseFluxToMonoOperator.completePossiblyEmpty(Operators.java:2093)
api-gateway-1  | 2026-09-23T08:18:44.965833653Z 		at reactor.core.publisher.MonoCollectList$MonoCollectListSubscriber.onComplete(MonoCollectList.java:117)
api-gateway-1  | 2026-09-23T08:18:44.965838292Z 		at reactor.core.publisher.FluxContextWriteRestoringThreadLocals$ContextWriteRestoringThreadLocalsSubscriber.onComplete(FluxContextWriteRestoringThreadLocals.java:150)
api-gateway-1  | 2026-09-23T08:18:44.965843111Z 		at org.springframework.cloud.commons.publisher.FluxFirstNonEmptyEmitting$FirstNonEmptyEmittingSubscriber.onComplete(FluxFirstNonEmptyEmitting.java:325)
api-gateway-1  | 2026-09-23T08:18:44.965847981Z 		at reactor.core.publisher.Operators.complete(Operators.java:137)
api-gateway-1  | 2026-09-23T08:18:44.965852329Z 		at reactor.core.publisher.FluxIterable.subscribe(FluxIterable.java:143)
api-gateway-1  | 2026-09-23T08:18:44.965856497Z 		at reactor.core.publisher.FluxIterable.subscribe(FluxIterable.java:82)
api-gateway-1  | 2026-09-23T08:18:44.965860846Z 		at reactor.core.publisher.Flux.subscribe(Flux.java:8888)
api-gateway-1  | 2026-09-23T08:18:44.965865725Z 		at org.springframework.cloud.commons.publisher.FluxFirstNonEmptyEmitting$RaceCoordinator.subscribe(FluxFirstNonEmptyEmitting.java:203)
api-gateway-1  | 2026-09-23T08:18:44.965870365Z 		at org.springframework.cloud.commons.publisher.FluxFirstNonEmptyEmitting.subscribe(FluxFirstNonEmptyEmitting.java:128)
api-gateway-1  | 2026-09-23T08:18:44.965874863Z 		at reactor.core.publisher.InternalFluxOperator.subscribe(InternalFluxOperator.java:67)
api-gateway-1  | 2026-09-23T08:18:44.965878931Z 		at reactor.core.publisher.FluxDefer.subscribe(FluxDefer.java:55)
api-gateway-1  | 2026-09-23T08:18:44.965891215Z 		at reactor.core.publisher.InternalFluxOperator.subscribe(InternalFluxOperator.java:67)
api-gateway-1  | 2026-09-23T08:18:44.965896065Z 		at reactor.core.publisher.FluxDefer.subscribe(FluxDefer.java:55)
api-gateway-1  | 2026-09-23T08:18:44.965900634Z 		at reactor.core.publisher.Mono.subscribe(Mono.java:4569)
api-gateway-1  | 2026-09-23T08:18:44.965905032Z 		at reactor.core.publisher.FluxSwitchIfEmpty$SwitchIfEmptySubscriber.onComplete(FluxSwitchIfEmpty.java:83)
api-gateway-1  | 2026-09-23T08:18:44.965909240Z 		at reactor.core.publisher.Operators.complete(Operators.java:137)
api-gateway-1  | 2026-09-23T08:18:44.965913218Z 		at reactor.core.publisher.MonoEmpty.subscribe(MonoEmpty.java:46)
api-gateway-1  | 2026-09-23T08:18:44.965917096Z 		at reactor.core.publisher.InternalFluxOperator.subscribe(InternalFluxOperator.java:67)
api-gateway-1  | 2026-09-23T08:18:44.965921064Z 		at reactor.core.publisher.FluxDefer.subscribe(FluxDefer.java:55)
api-gateway-1  | 2026-09-23T08:18:44.965925001Z 		at reactor.core.publisher.InternalMonoOperator.subscribe(InternalMonoOperator.java:75)
api-gateway-1  | 2026-09-23T08:18:44.965928969Z 		at reactor.core.publisher.MonoDefer.subscribe(MonoDefer.java:54)
api-gateway-1  | 2026-09-23T08:18:44.965932887Z 		at reactor.core.publisher.InternalMonoOperator.subscribe(InternalMonoOperator.java:75)
api-gateway-1  | 2026-09-23T08:18:44.965936905Z 		at reactor.core.publisher.MonoContextWriteRestoringThreadLocals.subscribe(MonoContextWriteRestoringThreadLocals.java:44)
api-gateway-1  | 2026-09-23T08:18:44.965940942Z 		at reactor.core.publisher.MonoDeferContextual.subscribe(MonoDeferContextual.java:56)
api-gateway-1  | 2026-09-23T08:18:44.965945161Z 		at reactor.core.publisher.FluxFromMonoOperator.subscribe(FluxFromMonoOperator.java:83)
api-gateway-1  | 2026-09-23T08:18:44.965949068Z 		at reactor.core.publisher.FluxDeferContextual.subscribe(FluxDeferContextual.java:58)
api-gateway-1  | 2026-09-23T08:18:44.965952996Z 		at reactor.core.publisher.InternalMonoOperator.subscribe(InternalMonoOperator.java:75)
api-gateway-1  | 2026-09-23T08:18:44.965956984Z 		at reactor.core.publisher.MonoFlatMap$FlatMapMain.onNext(MonoFlatMap.java:166)
api-gateway-1  | 2026-09-23T08:18:44.965960951Z 		at reactor.core.publisher.FluxOnErrorResume$ResumeSubscriber.onNext(FluxOnErrorResume.java:80)
api-gateway-1  | 2026-09-23T08:18:44.965964959Z 		at reactor.core.publisher.FluxOnErrorResume$ResumeSubscriber.onNext(FluxOnErrorResume.java:80)
api-gateway-1  | 2026-09-23T08:18:44.965969568Z 		at reactor.core.publisher.FluxPeek$PeekSubscriber.onNext(FluxPeek.java:203)
api-gateway-1  | 2026-09-23T08:18:44.965974548Z 		at reactor.core.publisher.MonoIgnoreThen$ThenIgnoreMain.complete(MonoIgnoreThen.java:297)
api-gateway-1  | 2026-09-23T08:18:44.965979147Z 		at reactor.core.publisher.MonoIgnoreThen$ThenIgnoreMain.onNext(MonoIgnoreThen.java:191)
api-gateway-1  | 2026-09-23T08:18:44.965983706Z 		at reactor.core.publisher.MonoFlatMap$FlatMapMain.onNext(MonoFlatMap.java:159)
api-gateway-1  | 2026-09-23T08:18:44.965987924Z 		at reactor.core.publisher.MonoZip$ZipCoordinator.signal(MonoZip.java:296)
api-gateway-1  | 2026-09-23T08:18:44.965992152Z 		at reactor.core.publisher.MonoZip$ZipInner.onNext(MonoZip.java:480)
api-gateway-1  | 2026-09-23T08:18:44.966004116Z 		at reactor.core.publisher.MonoPeekTerminal$MonoTerminalPeekSubscriber.onNext(MonoPeekTerminal.java:184)
api-gateway-1  | 2026-09-23T08:18:44.966008595Z 		at reactor.core.publisher.FluxDefaultIfEmpty$DefaultIfEmptySubscriber.onNext(FluxDefaultIfEmpty.java:123)
api-gateway-1  | 2026-09-23T08:18:44.966012713Z 		at reactor.core.publisher.FluxSwitchIfEmpty$SwitchIfEmptySubscriber.onNext(FluxSwitchIfEmpty.java:75)
api-gateway-1  | 2026-09-23T08:18:44.966016911Z 		at reactor.core.publisher.Operators$ScalarSubscription.request(Operators.java:2565)
api-gateway-1  | 2026-09-23T08:18:44.966021359Z 		at reactor.core.publisher.Operators$MultiSubscriptionSubscriber.set(Operators.java:2361)
api-gateway-1  | 2026-09-23T08:18:44.966025948Z 		at reactor.core.publisher.Operators$MultiSubscriptionSubscriber.onSubscribe(Operators.java:2235)
api-gateway-1  | 2026-09-23T08:18:44.966030708Z 		at reactor.core.publisher.FluxFlatMap.trySubscribeScalarMap(FluxFlatMap.java:193)
api-gateway-1  | 2026-09-23T08:18:44.966035076Z 		at reactor.core.publisher.MonoFlatMap.subscribeOrReturn(MonoFlatMap.java:53)
api-gateway-1  | 2026-09-23T08:18:44.966039605Z 		at reactor.core.publisher.InternalMonoOperator.subscribe(InternalMonoOperator.java:62)
api-gateway-1  | 2026-09-23T08:18:44.966043703Z 		at reactor.core.publisher.MonoZip$ZipCoordinator.request(MonoZip.java:219)
api-gateway-1  | 2026-09-23T08:18:44.966047631Z 		at reactor.core.publisher.MonoFlatMap$FlatMapMain.request(MonoFlatMap.java:195)
api-gateway-1  | 2026-09-23T08:18:44.966051629Z 		at reactor.core.publisher.MonoIgnoreThen$ThenIgnoreMain.onSubscribe(MonoIgnoreThen.java:135)
api-gateway-1  | 2026-09-23T08:18:44.966055606Z 		at reactor.core.publisher.MonoFlatMap$FlatMapMain.onSubscribe(MonoFlatMap.java:118)
api-gateway-1  | 2026-09-23T08:18:44.966059564Z 		at reactor.core.publisher.MonoZip.subscribe(MonoZip.java:129)
api-gateway-1  | 2026-09-23T08:18:44.966063512Z 		at reactor.core.publisher.InternalMonoOperator.subscribe(InternalMonoOperator.java:75)
api-gateway-1  | 2026-09-23T08:18:44.966067620Z 		at reactor.core.publisher.MonoDefer.subscribe(MonoDefer.java:54)
api-gateway-1  | 2026-09-23T08:18:44.966071578Z 		at reactor.core.publisher.MonoIgnoreThen$ThenIgnoreMain.subscribeNext(MonoIgnoreThen.java:244)
api-gateway-1  | 2026-09-23T08:18:44.966075615Z 		at reactor.core.publisher.MonoIgnoreThen$ThenIgnoreMain.onComplete(MonoIgnoreThen.java:207)
api-gateway-1  | 2026-09-23T08:18:44.966080545Z 		at reactor.core.publisher.MonoFlatMap$FlatMapMain.onComplete(MonoFlatMap.java:190)
api-gateway-1  | 2026-09-23T08:18:44.966084583Z 		at reactor.core.publisher.Operators.complete(Operators.java:137)
api-gateway-1  | 2026-09-23T08:18:44.966088491Z 		at reactor.core.publisher.MonoZip.subscribe(MonoZip.java:121)
api-gateway-1  | 2026-09-23T08:18:44.966092438Z 		at reactor.core.publisher.Mono.subscribe(Mono.java:4569)
api-gateway-1  | 2026-09-23T08:18:44.966096426Z 		at reactor.core.publisher.MonoIgnoreThen$ThenIgnoreMain.subscribeNext(MonoIgnoreThen.java:268)
api-gateway-1  | 2026-09-23T08:18:44.966100554Z 		at reactor.core.publisher.MonoIgnoreThen.subscribe(MonoIgnoreThen.java:51)
api-gateway-1  | 2026-09-23T08:18:44.966105043Z 		at reactor.core.publisher.InternalMonoOperator.subscribe(InternalMonoOperator.java:75)
api-gateway-1  | 2026-09-23T08:18:44.966117808Z 		at reactor.core.publisher.MonoFlatMap$FlatMapMain.onNext(MonoFlatMap.java:166)
api-gateway-1  | 2026-09-23T08:18:44.966122507Z 		at reactor.core.publisher.FluxOnErrorResume$ResumeSubscriber.onNext(FluxOnErrorResume.java:80)
api-gateway-1  | 2026-09-23T08:18:44.966126855Z 		at reactor.core.publisher.FluxSwitchIfEmpty$SwitchIfEmptySubscriber.onNext(FluxSwitchIfEmpty.java:75)
api-gateway-1  | 2026-09-23T08:18:44.966131535Z 		at reactor.core.publisher.MonoNext$NextSubscriber.onNext(MonoNext.java:83)
api-gateway-1  | 2026-09-23T08:18:44.966136023Z 		at reactor.core.publisher.FluxConcatMapNoPrefetch$FluxConcatMapNoPrefetchSubscriber.innerNext(FluxConcatMapNoPrefetch.java:259)
api-gateway-1  | 2026-09-23T08:18:44.966140342Z 		at reactor.core.publisher.FluxConcatMap$ConcatMapInner.onNext(FluxConcatMap.java:870)
api-gateway-1  | 2026-09-23T08:18:44.966144430Z 		at reactor.core.publisher.FluxMapFuseable$MapFuseableSubscriber.onNext(FluxMapFuseable.java:130)
api-gateway-1  | 2026-09-23T08:18:44.966148478Z 		at reactor.core.publisher.MonoPeekTerminal$MonoTerminalPeekSubscriber.onNext(MonoPeekTerminal.java:184)
api-gateway-1  | 2026-09-23T08:18:44.966153267Z 		at reactor.core.publisher.Operators$ScalarSubscription.request(Operators.java:2565)
api-gateway-1  | 2026-09-23T08:18:44.966157836Z 		at reactor.core.publisher.MonoPeekTerminal$MonoTerminalPeekSubscriber.request(MonoPeekTerminal.java:142)
api-gateway-1  | 2026-09-23T08:18:44.966162565Z 		at reactor.core.publisher.FluxMapFuseable$MapFuseableSubscriber.request(FluxMapFuseable.java:172)
api-gateway-1  | 2026-09-23T08:18:44.966166964Z 		at reactor.core.publisher.Operators$MultiSubscriptionSubscriber.request(Operators.java:2325)
api-gateway-1  | 2026-09-23T08:18:44.966171232Z 		at reactor.core.publisher.FluxConcatMapNoPrefetch$FluxConcatMapNoPrefetchSubscriber.request(FluxConcatMapNoPrefetch.java:339)
api-gateway-1  | 2026-09-23T08:18:44.966175721Z 		at reactor.core.publisher.MonoNext$NextSubscriber.request(MonoNext.java:109)
api-gateway-1  | 2026-09-23T08:18:44.966179719Z 		at reactor.core.publisher.Operators$MultiSubscriptionSubscriber.set(Operators.java:2361)
api-gateway-1  | 2026-09-23T08:18:44.966183676Z 		at reactor.core.publisher.Operators$MultiSubscriptionSubscriber.onSubscribe(Operators.java:2235)
api-gateway-1  | 2026-09-23T08:18:44.966188396Z 		at reactor.core.publisher.MonoNext$NextSubscriber.onSubscribe(MonoNext.java:71)
api-gateway-1  | 2026-09-23T08:18:44.966192464Z 		at reactor.core.publisher.FluxConcatMapNoPrefetch$FluxConcatMapNoPrefetchSubscriber.onSubscribe(FluxConcatMapNoPrefetch.java:164)
api-gateway-1  | 2026-09-23T08:18:44.966196572Z 		at reactor.core.publisher.FluxIterable.subscribe(FluxIterable.java:200)
api-gateway-1  | 2026-09-23T08:18:44.966200529Z 		at reactor.core.publisher.FluxIterable.subscribe(FluxIterable.java:82)
api-gateway-1  | 2026-09-23T08:18:44.966204437Z 		at reactor.core.publisher.InternalMonoOperator.subscribe(InternalMonoOperator.java:75)
api-gateway-1  | 2026-09-23T08:18:44.966208405Z 		at reactor.core.publisher.MonoDefer.subscribe(MonoDefer.java:54)
api-gateway-1  | 2026-09-23T08:18:44.966212363Z 		at reactor.core.publisher.InternalMonoOperator.subscribe(InternalMonoOperator.java:75)
api-gateway-1  | 2026-09-23T08:18:44.966223725Z 		at reactor.core.publisher.MonoDefer.subscribe(MonoDefer.java:54)
api-gateway-1  | 2026-09-23T08:18:44.966227803Z 		at reactor.core.publisher.InternalMonoOperator.subscribe(InternalMonoOperator.java:75)
api-gateway-1  | 2026-09-23T08:18:44.966231831Z 		at reactor.core.publisher.MonoTapRestoringThreadLocals.subscribe(MonoTapRestoringThreadLocals.java:78)
api-gateway-1  | 2026-09-23T08:18:44.966236379Z 		at reactor.core.publisher.Mono.subscribe(Mono.java:4569)
api-gateway-1  | 2026-09-23T08:18:44.966240988Z 		at reactor.core.publisher.MonoIgnoreThen$ThenIgnoreMain.subscribeNext(MonoIgnoreThen.java:268)
api-gateway-1  | 2026-09-23T08:18:44.966245567Z 		at reactor.core.publisher.MonoIgnoreThen.subscribe(MonoIgnoreThen.java:51)
api-gateway-1  | 2026-09-23T08:18:44.966250236Z 		at reactor.core.publisher.InternalMonoOperator.subscribe(InternalMonoOperator.java:75)
api-gateway-1  | 2026-09-23T08:18:44.966254705Z 		at reactor.core.publisher.MonoDeferContextual.subscribe(MonoDeferContextual.java:56)
api-gateway-1  | 2026-09-23T08:18:44.966259144Z 		at reactor.netty.http.server.HttpServer$HttpServerHandle.onStateChange(HttpServer.java:1344)
api-gateway-1  | 2026-09-23T08:18:44.966263372Z 		at reactor.netty.ReactorNetty$CompositeConnectionObserver.onStateChange(ReactorNetty.java:730)
api-gateway-1  | 2026-09-23T08:18:44.966267691Z 		at reactor.netty.transport.ServerTransport$ChildObserver.onStateChange(ServerTransport.java:489)
api-gateway-1  | 2026-09-23T08:18:44.966272270Z 		at reactor.netty.http.server.HttpServerOperations.handleDefaultHttpRequest(HttpServerOperations.java:863)
api-gateway-1  | 2026-09-23T08:18:44.966276498Z 		at reactor.netty.http.server.HttpServerOperations.onInboundNext(HttpServerOperations.java:789)
api-gateway-1  | 2026-09-23T08:18:44.966280596Z 		at reactor.netty.channel.ChannelOperationsHandler.channelRead(ChannelOperationsHandler.java:115)
api-gateway-1  | 2026-09-23T08:18:44.966284724Z 		at io.netty.channel.AbstractChannelHandlerContext.fireChannelRead(AbstractChannelHandlerContext.java:356)
api-gateway-1  | 2026-09-23T08:18:44.966289944Z 		at reactor.netty.http.server.HttpTrafficHandler.channelRead(HttpTrafficHandler.java:283)
api-gateway-1  | 2026-09-23T08:18:44.966294613Z 		at io.netty.channel.AbstractChannelHandlerContext.fireChannelRead(AbstractChannelHandlerContext.java:354)
api-gateway-1  | 2026-09-23T08:18:44.966299553Z 		at io.netty.channel.CombinedChannelDuplexHandler$DelegatingChannelHandlerContext.fireChannelRead(CombinedChannelDuplexHandler.java:434)
api-gateway-1  | 2026-09-23T08:18:44.966304252Z 		at io.netty.handler.codec.ByteToMessageDecoder.fireChannelRead(ByteToMessageDecoder.java:361)
api-gateway-1  | 2026-09-23T08:18:44.966308711Z 		at io.netty.handler.codec.ByteToMessageDecoder.channelRead(ByteToMessageDecoder.java:325)
api-gateway-1  | 2026-09-23T08:18:44.966312939Z 		at io.netty.channel.CombinedChannelDuplexHandler.channelRead(CombinedChannelDuplexHandler.java:249)
api-gateway-1  | 2026-09-23T08:18:44.966316997Z 		at io.netty.channel.AbstractChannelHandlerContext.fireChannelRead(AbstractChannelHandlerContext.java:354)
api-gateway-1  | 2026-09-23T08:18:44.966321135Z 		at io.netty.channel.DefaultChannelPipeline$HeadContext.channelRead(DefaultChannelPipeline.java:1429)
api-gateway-1  | 2026-09-23T08:18:44.966333058Z 		at io.netty.channel.DefaultChannelPipeline.fireChannelRead(DefaultChannelPipeline.java:918)
api-gateway-1  | 2026-09-23T08:18:44.966337337Z 		at io.netty.channel.epoll.AbstractEpollStreamChannel$EpollStreamUnsafe.epollInReady(AbstractEpollStreamChannel.java:804)
api-gateway-1  | 2026-09-23T08:18:44.966341435Z 		at io.netty.channel.epoll.AbstractEpollChannel$AbstractEpollUnsafe.handle(AbstractEpollChannel.java:482)
api-gateway-1  | 2026-09-23T08:18:44.966345462Z 		at io.netty.channel.epoll.EpollIoHandler$DefaultEpollIoRegistration.handle(EpollIoHandler.java:317)
api-gateway-1  | 2026-09-23T08:18:44.966349550Z 		at io.netty.channel.epoll.EpollIoHandler.processReady(EpollIoHandler.java:515)
api-gateway-1  | 2026-09-23T08:18:44.966353538Z 		at io.netty.channel.epoll.EpollIoHandler.run(EpollIoHandler.java:460)
api-gateway-1  | 2026-09-23T08:18:44.966357566Z 		at io.netty.channel.SingleThreadIoEventLoop.runIo(SingleThreadIoEventLoop.java:225)
api-gateway-1  | 2026-09-23T08:18:44.966361644Z 		at io.netty.channel.SingleThreadIoEventLoop.run(SingleThreadIoEventLoop.java:196)
api-gateway-1  | 2026-09-23T08:18:44.966365732Z 		at io.netty.util.concurrent.SingleThreadEventExecutor$5.run(SingleThreadEventExecutor.java:1195)
api-gateway-1  | 2026-09-23T08:18:44.966369770Z 		at io.netty.util.internal.ThreadExecutorMap$2.run(ThreadExecutorMap.java:74)
api-gateway-1  | 2026-09-23T08:18:44.966374209Z 		at io.netty.util.concurrent.FastThreadLocalRunnable.run(FastThreadLocalRunnable.java:30)
api-gateway-1  | 2026-09-23T08:18:44.966378858Z 		at java.base/java.lang.Thread.run(Thread.java:840)
api-gateway-1  | 2026-09-23T08:18:44.966383467Z 
api-gateway-1  | 2026-09-23T08:18:44.969337514Z 2026-09-23T08:18:44.968Z  WARN 1 --- [api-gateway] [or-http-epoll-9] [                                                 ] i.m.o.c.ObservationThreadLocalAccessor   : There is no current scope in thread local. This situation should not happen
api-gateway-1  | 2026-09-23T08:18:44.970013497Z 2026-09-23T08:18:44.969Z  WARN 1 --- [api-gateway] [or-http-epoll-9] [                                                 ] i.m.o.c.ObservationThreadLocalAccessor   : Observation <{name=http.server.requests(http get /api/gateway/owners/{ownerId}), error=org.springframework.web.reactive.function.client.WebClientResponseException$ServiceUnavailable: 503 Service Unavailable from UNKNOWN , context=name='http.server.requests', contextualName='http get /api/gateway/owners/{ownerId}', error='org.springframework.web.reactive.function.client.WebClientResponseException$ServiceUnavailable: 503 Service Unavailable from UNKNOWN ', lowCardinalityKeyValues=[exception='ServiceUnavailable', method='GET', outcome='SERVER_ERROR', status='500', uri='/api/gateway/owners/{ownerId}'], highCardinalityKeyValues=[http.url='/api/gateway/owners/6'], map=[class io.micrometer.tracing.handler.TracingObservationHandler$TracingContext='TracingContext{span=6ab38b64341df8aa71a8c598d49ee803/71a8c598d49ee803}', class io.micrometer.core.instrument.Timer$Sample='io.micrometer.core.instrument.Timer$Sample@1bca91a2', class io.micrometer.core.instrument.LongTaskTimer$Sample='SampleImpl{duration(seconds)=-1.0E-9, duration(nanos)=-1.0, startTimeNanos=1004255492356}'], parentObservation=null}> to which we're restoring is not the same as the one set as this scope's parent observation <null>. Most likely a manually created Observation has a scope opened that was never closed. This may lead to thread polluting and memory leaks.
api-gateway-1  | 2026-09-23T08:18:47.984195562Z 2026-09-23T08:18:47.983Z  WARN 1 --- [api-gateway] [r-http-epoll-10] [6ab38b676cd73e9a240f42e95b51a3f6-240f42e95b51a3f6] i.m.o.c.ObservationThreadLocalAccessor   : Observation <{name=http.server.requests(null), error=null, context=name='http.server.requests', contextualName='null', error='null', lowCardinalityKeyValues=[exception='none', method='GET', outcome='SUCCESS', status='200', uri='UNKNOWN'], highCardinalityKeyValues=[http.url='/api/gateway/owners/6'], map=[class io.micrometer.tracing.handler.TracingObservationHandler$TracingContext='TracingContext{span=6ab38b676cd73e9a240f42e95b51a3f6/240f42e95b51a3f6}', class io.micrometer.core.instrument.Timer$Sample='io.micrometer.core.instrument.Timer$Sample@81e2f60', class io.micrometer.core.instrument.LongTaskTimer$Sample='SampleImpl{duration(seconds)=0.003287951, duration(nanos)=3287951.0, startTimeNanos=1007281027413}'], parentObservation=null}> to which we're restoring is not the same as the one set as this scope's parent observation <null>. Most likely a manually created Observation has a scope opened that was never closed. This may lead to thread polluting and memory leaks.
api-gateway-1  | 2026-09-23T08:18:47.987377643Z 2026-09-23T08:18:47.986Z  WARN 1 --- [api-gateway] [r-http-epoll-10] [                                                 ] o.s.c.l.core.RoundRobinLoadBalancer      : No servers available for service: customers-service
api-gateway-1  | 2026-09-23T08:18:47.987599421Z 2026-09-23T08:18:47.987Z  WARN 1 --- [api-gateway] [r-http-epoll-10] [                                                 ] eactorLoadBalancerExchangeFilterFunction : LoadBalancer does not contain an instance for the service customers-service
api-gateway-1  | 2026-09-23T08:18:47.994281721Z 2026-09-23T08:18:47.992Z ERROR 1 --- [api-gateway] [r-http-epoll-10] [6ab38b676cd73e9a240f42e95b51a3f6-240f42e95b51a3f6] b.w.a.e.AbstractErrorWebExceptionHandler : [d8979a4a-9]  500 Server Error for HTTP GET "/api/gateway/owners/6"
api-gateway-1  | 2026-09-23T08:18:47.994346267Z 
api-gateway-1  | 2026-09-23T08:18:47.994352469Z org.springframework.web.reactive.function.client.WebClientResponseException$ServiceUnavailable: 503 Service Unavailable from UNKNOWN 
api-gateway-1  | 2026-09-23T08:18:47.994357198Z 	at org.springframework.web.reactive.function.client.WebClientResponseException.create(WebClientResponseException.java:322)
api-gateway-1  | 2026-09-23T08:18:47.994362288Z 	Suppressed: The stacktrace has been enhanced by Reactor, refer to additional information below: 
api-gateway-1  | 2026-09-23T08:18:47.994367188Z Error has been observed at the following site(s):
api-gateway-1  | 2026-09-23T08:18:47.994371847Z 	*__checkpoint ⇢ 503 SERVICE_UNAVAILABLE from GET http://customers-service/owners/6 [DefaultWebClient]
api-gateway-1  | 2026-09-23T08:18:47.994376666Z 	*__checkpoint ⇢ Handler org.springframework.samples.petclinic.api.boundary.web.ApiGatewayController#getOwnerDetails(int) [DispatcherHandler]
api-gateway-1  | 2026-09-23T08:18:47.994381576Z 	*__checkpoint ⇢ org.springframework.cloud.gateway.filter.WeightCalculatorWebFilter@5d94ac8a
api-gateway-1  | 2026-09-23T08:18:47.994386315Z 	*__checkpoint ⇢ HTTP GET "/api/gateway/owners/6" [ExceptionHandlingWebHandler]
api-gateway-1  | 2026-09-23T08:18:47.994390994Z Original Stack Trace:
api-gateway-1  | 2026-09-23T08:18:47.994395102Z 		at org.springframework.web.reactive.function.client.WebClientResponseException.create(WebClientResponseException.java:322)
api-gateway-1  | 2026-09-23T08:18:47.994400242Z 		at org.springframework.web.reactive.function.client.DefaultClientResponse.lambda$createException$1(DefaultClientResponse.java:214)
api-gateway-1  | 2026-09-23T08:18:47.994405402Z 		at reactor.core.publisher.FluxMap$MapSubscriber.onNext(FluxMap.java:106)
api-gateway-1  | 2026-09-23T08:18:47.994428517Z 		at reactor.core.publisher.FluxOnErrorReturn$ReturnSubscriber.onNext(FluxOnErrorReturn.java:159)
api-gateway-1  | 2026-09-23T08:18:47.994433367Z 		at reactor.core.publisher.FluxDefaultIfEmpty$DefaultIfEmptySubscriber.onNext(FluxDefaultIfEmpty.java:123)
api-gateway-1  | 2026-09-23T08:18:47.994437775Z 		at reactor.core.publisher.FluxMapFuseable$MapFuseableSubscriber.onNext(FluxMapFuseable.java:130)
api-gateway-1  | 2026-09-23T08:18:47.994442094Z 		at reactor.core.publisher.FluxContextWrite$ContextWriteSubscriber.onNext(FluxContextWrite.java:109)
api-gateway-1  | 2026-09-23T08:18:47.994446272Z 		at reactor.core.publisher.FluxMapFuseable$MapFuseableConditionalSubscriber.onNext(FluxMapFuseable.java:300)
api-gateway-1  | 2026-09-23T08:18:47.994452274Z 		at reactor.core.publisher.FluxFilterFuseable$FilterFuseableConditionalSubscriber.onNext(FluxFilterFuseable.java:338)
api-gateway-1  | 2026-09-23T08:18:47.994456492Z 		at reactor.core.publisher.Operators$BaseFluxToMonoOperator.completePossiblyEmpty(Operators.java:2093)
api-gateway-1  | 2026-09-23T08:18:47.994460740Z 		at reactor.core.publisher.MonoCollect$CollectSubscriber.onComplete(MonoCollect.java:144)
api-gateway-1  | 2026-09-23T08:18:47.994465019Z 		at reactor.core.publisher.FluxMapFuseable$MapFuseableSubscriber.onComplete(FluxMapFuseable.java:153)
api-gateway-1  | 2026-09-23T08:18:47.994469257Z 		at reactor.core.publisher.Operators$ScalarSubscription.request(Operators.java:2567)
api-gateway-1  | 2026-09-23T08:18:47.994473345Z 		at reactor.core.publisher.FluxMapFuseable$MapFuseableSubscriber.request(FluxMapFuseable.java:172)
api-gateway-1  | 2026-09-23T08:18:47.994477493Z 		at reactor.core.publisher.Operators$BaseFluxToMonoOperator.request(Operators.java:2063)
api-gateway-1  | 2026-09-23T08:18:47.994481691Z 		at reactor.core.publisher.FluxFilterFuseable$FilterFuseableConditionalSubscriber.request(FluxFilterFuseable.java:411)
api-gateway-1  | 2026-09-23T08:18:47.994485970Z 		at reactor.core.publisher.FluxMapFuseable$MapFuseableConditionalSubscriber.request(FluxMapFuseable.java:361)
api-gateway-1  | 2026-09-23T08:18:47.994490128Z 		at reactor.core.publisher.FluxContextWrite$ContextWriteSubscriber.request(FluxContextWrite.java:138)
api-gateway-1  | 2026-09-23T08:18:47.994494266Z 		at reactor.core.publisher.FluxMapFuseable$MapFuseableSubscriber.request(FluxMapFuseable.java:172)
api-gateway-1  | 2026-09-23T08:18:47.994498374Z 		at reactor.core.publisher.FluxDefaultIfEmpty$DefaultIfEmptySubscriber.request(FluxDefaultIfEmpty.java:99)
api-gateway-1  | 2026-09-23T08:18:47.994502572Z 		at reactor.core.publisher.FluxOnErrorReturn$ReturnSubscriber.request(FluxOnErrorReturn.java:150)
api-gateway-1  | 2026-09-23T08:18:47.994506780Z 		at reactor.core.publisher.FluxMap$MapSubscriber.request(FluxMap.java:163)
api-gateway-1  | 2026-09-23T08:18:47.994510898Z 		at reactor.core.publisher.MonoFlatMap$FlatMapMain.request(MonoFlatMap.java:195)
api-gateway-1  | 2026-09-23T08:18:47.994514976Z 		at reactor.core.publisher.Operators$MultiSubscriptionSubscriber.set(Operators.java:2361)
api-gateway-1  | 2026-09-23T08:18:47.994519064Z 		at reactor.core.publisher.FluxOnErrorResume$ResumeSubscriber.onSubscribe(FluxOnErrorResume.java:75)
api-gateway-1  | 2026-09-23T08:18:47.994523323Z 		at reactor.core.publisher.MonoFlatMap$FlatMapMain.onSubscribe(MonoFlatMap.java:118)
api-gateway-1  | 2026-09-23T08:18:47.994660442Z 		at reactor.core.publisher.FluxMap$MapSubscriber.onSubscribe(FluxMap.java:92)
api-gateway-1  | 2026-09-23T08:18:47.994670341Z 		at reactor.core.publisher.FluxOnErrorReturn$ReturnSubscriber.onSubscribe(FluxOnErrorReturn.java:92)
api-gateway-1  | 2026-09-23T08:18:47.994675381Z 		at reactor.core.publisher.Operators$BaseFluxToMonoOperator.onSubscribe(Operators.java:2047)
api-gateway-1  | 2026-09-23T08:18:47.994680491Z 		at reactor.core.publisher.FluxMapFuseable$MapFuseableSubscriber.onSubscribe(FluxMapFuseable.java:96)
api-gateway-1  | 2026-09-23T08:18:47.994686122Z 		at reactor.core.publisher.FluxContextWrite$ContextWriteSubscriber.onSubscribe(FluxContextWrite.java:103)
api-gateway-1  | 2026-09-23T08:18:47.994691372Z 		at reactor.core.publisher.FluxMapFuseable$MapFuseableConditionalSubscriber.onSubscribe(FluxMapFuseable.java:265)
api-gateway-1  | 2026-09-23T08:18:47.994695871Z 		at reactor.core.publisher.FluxFilterFuseable$FilterFuseableConditionalSubscriber.onSubscribe(FluxFilterFuseable.java:305)
api-gateway-1  | 2026-09-23T08:18:47.994700109Z 		at reactor.core.publisher.Operators$BaseFluxToMonoOperator.onSubscribe(Operators.java:2047)
api-gateway-1  | 2026-09-23T08:18:47.994704207Z 		at reactor.core.publisher.FluxMapFuseable$MapFuseableSubscriber.onSubscribe(FluxMapFuseable.java:96)
api-gateway-1  | 2026-09-23T08:18:47.994708395Z 		at reactor.core.publisher.FluxJust.subscribe(FluxJust.java:69)
api-gateway-1  | 2026-09-23T08:18:47.994712413Z 		at reactor.core.publisher.InternalMonoOperator.subscribe(InternalMonoOperator.java:75)
api-gateway-1  | 2026-09-23T08:18:47.994716531Z 		at reactor.core.publisher.MonoFlatMap$FlatMapMain.onNext(MonoFlatMap.java:166)
api-gateway-1  | 2026-09-23T08:18:47.994720679Z 		at reactor.core.publisher.MonoContextWriteRestoringThreadLocals$ContextWriteRestoringThreadLocalsSubscriber.onNext(MonoContextWriteRestoringThreadLocals.java:111)
api-gateway-1  | 2026-09-23T08:18:47.994724938Z 		at reactor.core.publisher.FluxDoFinally$DoFinallySubscriber.onNext(FluxDoFinally.java:113)
api-gateway-1  | 2026-09-23T08:18:47.994729156Z 		at reactor.core.publisher.MonoPeekTerminal$MonoTerminalPeekSubscriber.onNext(MonoPeekTerminal.java:184)
api-gateway-1  | 2026-09-23T08:18:47.994733194Z 		at reactor.core.publisher.FluxPeekFuseable$PeekConditionalSubscriber.onNext(FluxPeekFuseable.java:850)
api-gateway-1  | 2026-09-23T08:18:47.994737362Z 		at reactor.core.publisher.FluxSwitchIfEmpty$SwitchIfEmptySubscriber.onNext(FluxSwitchIfEmpty.java:75)
api-gateway-1  | 2026-09-23T08:18:47.994741560Z 		at reactor.core.publisher.MonoFlatMap$FlatMapMain.onNext(MonoFlatMap.java:159)
api-gateway-1  | 2026-09-23T08:18:47.994745658Z 		at reactor.core.publisher.FluxMap$MapSubscriber.onNext(FluxMap.java:122)
api-gateway-1  | 2026-09-23T08:18:47.994750057Z 		at reactor.core.publisher.MonoNext$NextSubscriber.onNext(MonoNext.java:83)
api-gateway-1  | 2026-09-23T08:18:47.994754866Z 		at reactor.core.publisher.FluxDematerialize$DematerializeSubscriber.onNext(FluxDematerialize.java:102)
api-gateway-1  | 2026-09-23T08:18:47.994759896Z 		at reactor.core.publisher.FluxDematerialize$DematerializeSubscriber.onNext(FluxDematerialize.java:44)
api-gateway-1  | 2026-09-23T08:18:47.994765387Z 		at reactor.core.publisher.FluxFlattenIterable$FlattenIterableSubscriber.drainAsync(FluxFlattenIterable.java:455)
api-gateway-1  | 2026-09-23T08:18:47.994795435Z 		at reactor.core.publisher.FluxFlattenIterable$FlattenIterableSubscriber.drain(FluxFlattenIterable.java:726)
api-gateway-1  | 2026-09-23T08:18:47.994802709Z 		at reactor.core.publisher.FluxFlattenIterable$FlattenIterableSubscriber.onNext(FluxFlattenIterable.java:258)
api-gateway-1  | 2026-09-23T08:18:47.994807278Z 		at reactor.core.publisher.FluxSwitchIfEmpty$SwitchIfEmptySubscriber.onNext(FluxSwitchIfEmpty.java:75)
api-gateway-1  | 2026-09-23T08:18:47.994811767Z 		at reactor.core.publisher.MonoFlatMap$FlatMapMain.secondComplete(MonoFlatMap.java:246)
api-gateway-1  | 2026-09-23T08:18:47.994816236Z 		at reactor.core.publisher.MonoFlatMap$FlatMapInner.onNext(MonoFlatMap.java:307)
api-gateway-1  | 2026-09-23T08:18:47.994820504Z 		at reactor.core.publisher.MonoIgnoreThen$ThenIgnoreMain.complete(MonoIgnoreThen.java:297)
api-gateway-1  | 2026-09-23T08:18:47.994824853Z 		at reactor.core.publisher.MonoIgnoreThen$ThenIgnoreMain.onNext(MonoIgnoreThen.java:191)
api-gateway-1  | 2026-09-23T08:18:47.994829181Z 		at reactor.core.publisher.MonoIgnoreThen$ThenIgnoreMain.subscribeNext(MonoIgnoreThen.java:240)
api-gateway-1  | 2026-09-23T08:18:47.994833329Z 		at reactor.core.publisher.MonoIgnoreThen$ThenIgnoreMain.onComplete(MonoIgnoreThen.java:207)
api-gateway-1  | 2026-09-23T08:18:47.994837537Z 		at reactor.core.publisher.MonoIgnoreElements$IgnoreElementsSubscriber.onComplete(MonoIgnoreElements.java:89)
api-gateway-1  | 2026-09-23T08:18:47.994842207Z 		at reactor.core.publisher.FluxPeek$PeekSubscriber.onComplete(FluxPeek.java:263)
api-gateway-1  | 2026-09-23T08:18:47.994846856Z 		at reactor.core.publisher.FluxDematerialize$DematerializeSubscriber.onComplete(FluxDematerialize.java:125)
api-gateway-1  | 2026-09-23T08:18:47.994851585Z 		at reactor.core.publisher.FluxDematerialize$DematerializeSubscriber.onNext(FluxDematerialize.java:91)
api-gateway-1  | 2026-09-23T08:18:47.994856174Z 		at reactor.core.publisher.FluxDematerialize$DematerializeSubscriber.onNext(FluxDematerialize.java:44)
api-gateway-1  | 2026-09-23T08:18:47.994861444Z 		at reactor.core.publisher.FluxIterable$IterableSubscription.fastPath(FluxIterable.java:402)
api-gateway-1  | 2026-09-23T08:18:47.994866544Z 		at reactor.core.publisher.FluxIterable$IterableSubscription.request(FluxIterable.java:291)
api-gateway-1  | 2026-09-23T08:18:47.994871464Z 		at reactor.core.publisher.FluxDematerialize$DematerializeSubscriber.request(FluxDematerialize.java:131)
api-gateway-1  | 2026-09-23T08:18:47.994876003Z 		at reactor.core.publisher.FluxPeek$PeekSubscriber.request(FluxPeek.java:141)
api-gateway-1  | 2026-09-23T08:18:47.994880702Z 		at reactor.core.publisher.MonoIgnoreElements$IgnoreElementsSubscriber.onSubscribe(MonoIgnoreElements.java:72)
api-gateway-1  | 2026-09-23T08:18:47.994885421Z 		at reactor.core.publisher.FluxPeek$PeekSubscriber.onSubscribe(FluxPeek.java:174)
api-gateway-1  | 2026-09-23T08:18:47.994890000Z 		at reactor.core.publisher.FluxDematerialize$DematerializeSubscriber.onSubscribe(FluxDematerialize.java:77)
api-gateway-1  | 2026-09-23T08:18:47.994894429Z 		at reactor.core.publisher.FluxIterable.subscribe(FluxIterable.java:200)
api-gateway-1  | 2026-09-23T08:18:47.994900460Z 		at reactor.core.publisher.FluxIterable.subscribe(FluxIterable.java:82)
api-gateway-1  | 2026-09-23T08:18:47.994915079Z 		at reactor.core.publisher.Mono.subscribe(Mono.java:4569)
api-gateway-1  | 2026-09-23T08:18:47.994920239Z 		at reactor.core.publisher.MonoIgnoreThen$ThenIgnoreMain.subscribeNext(MonoIgnoreThen.java:268)
api-gateway-1  | 2026-09-23T08:18:47.994924878Z 		at reactor.core.publisher.MonoIgnoreThen.subscribe(MonoIgnoreThen.java:51)
api-gateway-1  | 2026-09-23T08:18:47.994928836Z 		at reactor.core.publisher.MonoFlatMap$FlatMapMain.onNext(MonoFlatMap.java:166)
api-gateway-1  | 2026-09-23T08:18:47.994932733Z 		at reactor.core.publisher.Operators$BaseFluxToMonoOperator.completePossiblyEmpty(Operators.java:2093)
api-gateway-1  | 2026-09-23T08:18:47.994936571Z 		at reactor.core.publisher.MonoCollectList$MonoCollectListSubscriber.onComplete(MonoCollectList.java:117)
api-gateway-1  | 2026-09-23T08:18:47.994940348Z 		at reactor.core.publisher.DrainUtils.postCompleteDrain(DrainUtils.java:132)
api-gateway-1  | 2026-09-23T08:18:47.994943995Z 		at reactor.core.publisher.DrainUtils.postComplete(DrainUtils.java:187)
api-gateway-1  | 2026-09-23T08:18:47.994948073Z 		at reactor.core.publisher.FluxMaterialize$MaterializeSubscriber.onComplete(FluxMaterialize.java:141)
api-gateway-1  | 2026-09-23T08:18:47.994952672Z 		at reactor.core.publisher.FluxLimitRequest$FluxLimitRequestSubscriber.onNext(FluxLimitRequest.java:104)
api-gateway-1  | 2026-09-23T08:18:47.994956840Z 		at reactor.core.publisher.FluxOnErrorResume$ResumeSubscriber.onNext(FluxOnErrorResume.java:80)
api-gateway-1  | 2026-09-23T08:18:47.994961720Z 		at reactor.core.publisher.SerializedSubscriber.onNext(SerializedSubscriber.java:100)
api-gateway-1  | 2026-09-23T08:18:47.994966640Z 		at reactor.core.publisher.FluxTimeout$TimeoutMainSubscriber.onNext(FluxTimeout.java:182)
api-gateway-1  | 2026-09-23T08:18:47.994971289Z 		at reactor.core.publisher.Operators$BaseFluxToMonoOperator.completePossiblyEmpty(Operators.java:2093)
api-gateway-1  | 2026-09-23T08:18:47.994975076Z 		at reactor.core.publisher.MonoCollectList$MonoCollectListSubscriber.onComplete(MonoCollectList.java:117)
api-gateway-1  | 2026-09-23T08:18:47.994979224Z 		at reactor.core.publisher.FluxContextWriteRestoringThreadLocals$ContextWriteRestoringThreadLocalsSubscriber.onComplete(FluxContextWriteRestoringThreadLocals.java:150)
api-gateway-1  | 2026-09-23T08:18:47.994984064Z 		at org.springframework.cloud.commons.publisher.FluxFirstNonEmptyEmitting$FirstNonEmptyEmittingSubscriber.onComplete(FluxFirstNonEmptyEmitting.java:325)
api-gateway-1  | 2026-09-23T08:18:47.994988212Z 		at reactor.core.publisher.Operators.complete(Operators.java:137)
api-gateway-1  | 2026-09-23T08:18:47.994996197Z 		at reactor.core.publisher.FluxIterable.subscribe(FluxIterable.java:143)
api-gateway-1  | 2026-09-23T08:18:47.995000666Z 		at reactor.core.publisher.FluxIterable.subscribe(FluxIterable.java:82)
api-gateway-1  | 2026-09-23T08:18:47.995004884Z 		at reactor.core.publisher.Flux.subscribe(Flux.java:8888)
api-gateway-1  | 2026-09-23T08:18:47.995009724Z 		at org.springframework.cloud.commons.publisher.FluxFirstNonEmptyEmitting$RaceCoordinator.subscribe(FluxFirstNonEmptyEmitting.java:203)
api-gateway-1  | 2026-09-23T08:18:47.995013982Z 		at org.springframework.cloud.commons.publisher.FluxFirstNonEmptyEmitting.subscribe(FluxFirstNonEmptyEmitting.java:128)
api-gateway-1  | 2026-09-23T08:18:47.995248990Z 		at reactor.core.publisher.InternalFluxOperator.subscribe(InternalFluxOperator.java:67)
api-gateway-1  | 2026-09-23T08:18:47.995267897Z 		at reactor.core.publisher.FluxDefer.subscribe(FluxDefer.java:55)
api-gateway-1  | 2026-09-23T08:18:47.995273297Z 		at reactor.core.publisher.InternalFluxOperator.subscribe(InternalFluxOperator.java:67)
api-gateway-1  | 2026-09-23T08:18:47.995278728Z 		at reactor.core.publisher.FluxDefer.subscribe(FluxDefer.java:55)
api-gateway-1  | 2026-09-23T08:18:47.995283627Z 		at reactor.core.publisher.Mono.subscribe(Mono.java:4569)
api-gateway-1  | 2026-09-23T08:18:47.995287685Z 		at reactor.core.publisher.FluxSwitchIfEmpty$SwitchIfEmptySubscriber.onComplete(FluxSwitchIfEmpty.java:83)
api-gateway-1  | 2026-09-23T08:18:47.995291823Z 		at reactor.core.publisher.Operators.complete(Operators.java:137)
api-gateway-1  | 2026-09-23T08:18:47.995295571Z 		at reactor.core.publisher.MonoEmpty.subscribe(MonoEmpty.java:46)
api-gateway-1  | 2026-09-23T08:18:47.995299498Z 		at reactor.core.publisher.InternalFluxOperator.subscribe(InternalFluxOperator.java:67)
api-gateway-1  | 2026-09-23T08:18:47.995303436Z 		at reactor.core.publisher.FluxDefer.subscribe(FluxDefer.java:55)
api-gateway-1  | 2026-09-23T08:18:47.995307434Z 		at reactor.core.publisher.InternalMonoOperator.subscribe(InternalMonoOperator.java:75)
api-gateway-1  | 2026-09-23T08:18:47.995312544Z 		at reactor.core.publisher.MonoDefer.subscribe(MonoDefer.java:54)
api-gateway-1  | 2026-09-23T08:18:47.995317013Z 		at reactor.core.publisher.InternalMonoOperator.subscribe(InternalMonoOperator.java:75)
api-gateway-1  | 2026-09-23T08:18:47.995321722Z 		at reactor.core.publisher.MonoContextWriteRestoringThreadLocals.subscribe(MonoContextWriteRestoringThreadLocals.java:44)
api-gateway-1  | 2026-09-23T08:18:47.995327072Z 		at reactor.core.publisher.MonoDeferContextual.subscribe(MonoDeferContextual.java:56)
api-gateway-1  | 2026-09-23T08:18:47.995332182Z 		at reactor.core.publisher.FluxFromMonoOperator.subscribe(FluxFromMonoOperator.java:83)
api-gateway-1  | 2026-09-23T08:18:47.995337072Z 		at reactor.core.publisher.FluxDeferContextual.subscribe(FluxDeferContextual.java:58)
api-gateway-1  | 2026-09-23T08:18:47.995341721Z 		at reactor.core.publisher.InternalMonoOperator.subscribe(InternalMonoOperator.java:75)
api-gateway-1  | 2026-09-23T08:18:47.995346350Z 		at reactor.core.publisher.MonoFlatMap$FlatMapMain.onNext(MonoFlatMap.java:166)
api-gateway-1  | 2026-09-23T08:18:47.995350959Z 		at reactor.core.publisher.FluxOnErrorResume$ResumeSubscriber.onNext(FluxOnErrorResume.java:80)
api-gateway-1  | 2026-09-23T08:18:47.995355318Z 		at reactor.core.publisher.FluxOnErrorResume$ResumeSubscriber.onNext(FluxOnErrorResume.java:80)
api-gateway-1  | 2026-09-23T08:18:47.995360518Z 		at reactor.core.publisher.FluxPeek$PeekSubscriber.onNext(FluxPeek.java:203)
api-gateway-1  | 2026-09-23T08:18:47.995366089Z 		at reactor.core.publisher.MonoIgnoreThen$ThenIgnoreMain.complete(MonoIgnoreThen.java:297)
api-gateway-1  | 2026-09-23T08:18:47.995370237Z 		at reactor.core.publisher.MonoIgnoreThen$ThenIgnoreMain.onNext(MonoIgnoreThen.java:191)
api-gateway-1  | 2026-09-23T08:18:47.995374385Z 		at reactor.core.publisher.MonoFlatMap$FlatMapMain.onNext(MonoFlatMap.java:159)
api-gateway-1  | 2026-09-23T08:18:47.995388192Z 		at reactor.core.publisher.MonoZip$ZipCoordinator.signal(MonoZip.java:296)
api-gateway-1  | 2026-09-23T08:18:47.995392320Z 		at reactor.core.publisher.MonoZip$ZipInner.onNext(MonoZip.java:480)
api-gateway-1  | 2026-09-23T08:18:47.995396508Z 		at reactor.core.publisher.MonoPeekTerminal$MonoTerminalPeekSubscriber.onNext(MonoPeekTerminal.java:184)
api-gateway-1  | 2026-09-23T08:18:47.995400686Z 		at reactor.core.publisher.FluxDefaultIfEmpty$DefaultIfEmptySubscriber.onNext(FluxDefaultIfEmpty.java:123)
api-gateway-1  | 2026-09-23T08:18:47.995404794Z 		at reactor.core.publisher.FluxSwitchIfEmpty$SwitchIfEmptySubscriber.onNext(FluxSwitchIfEmpty.java:75)
api-gateway-1  | 2026-09-23T08:18:47.995408912Z 		at reactor.core.publisher.Operators$ScalarSubscription.request(Operators.java:2565)
api-gateway-1  | 2026-09-23T08:18:47.995413100Z 		at reactor.core.publisher.Operators$MultiSubscriptionSubscriber.set(Operators.java:2361)
api-gateway-1  | 2026-09-23T08:18:47.995417218Z 		at reactor.core.publisher.Operators$MultiSubscriptionSubscriber.onSubscribe(Operators.java:2235)
api-gateway-1  | 2026-09-23T08:18:47.995422008Z 		at reactor.core.publisher.FluxFlatMap.trySubscribeScalarMap(FluxFlatMap.java:193)
api-gateway-1  | 2026-09-23T08:18:47.995426877Z 		at reactor.core.publisher.MonoFlatMap.subscribeOrReturn(MonoFlatMap.java:53)
api-gateway-1  | 2026-09-23T08:18:47.995432067Z 		at reactor.core.publisher.InternalMonoOperator.subscribe(InternalMonoOperator.java:62)
api-gateway-1  | 2026-09-23T08:18:47.995437157Z 		at reactor.core.publisher.MonoZip$ZipCoordinator.request(MonoZip.java:219)
api-gateway-1  | 2026-09-23T08:18:47.995441686Z 		at reactor.core.publisher.MonoFlatMap$FlatMapMain.request(MonoFlatMap.java:195)
api-gateway-1  | 2026-09-23T08:18:47.995446716Z 		at reactor.core.publisher.MonoIgnoreThen$ThenIgnoreMain.onSubscribe(MonoIgnoreThen.java:135)
api-gateway-1  | 2026-09-23T08:18:47.995451245Z 		at reactor.core.publisher.MonoFlatMap$FlatMapMain.onSubscribe(MonoFlatMap.java:118)
api-gateway-1  | 2026-09-23T08:18:47.995455774Z 		at reactor.core.publisher.MonoZip.subscribe(MonoZip.java:129)
api-gateway-1  | 2026-09-23T08:18:47.995461034Z 		at reactor.core.publisher.InternalMonoOperator.subscribe(InternalMonoOperator.java:75)
api-gateway-1  | 2026-09-23T08:18:47.995465202Z 		at reactor.core.publisher.MonoDefer.subscribe(MonoDefer.java:54)
api-gateway-1  | 2026-09-23T08:18:47.995469320Z 		at reactor.core.publisher.MonoIgnoreThen$ThenIgnoreMain.subscribeNext(MonoIgnoreThen.java:244)
api-gateway-1  | 2026-09-23T08:18:47.995473528Z 		at reactor.core.publisher.MonoIgnoreThen$ThenIgnoreMain.onComplete(MonoIgnoreThen.java:207)
api-gateway-1  | 2026-09-23T08:18:47.995480262Z 		at reactor.core.publisher.MonoFlatMap$FlatMapMain.onComplete(MonoFlatMap.java:190)
api-gateway-1  | 2026-09-23T08:18:47.995484420Z 		at reactor.core.publisher.Operators.complete(Operators.java:137)
api-gateway-1  | 2026-09-23T08:18:47.995488578Z 		at reactor.core.publisher.MonoZip.subscribe(MonoZip.java:121)
api-gateway-1  | 2026-09-23T08:18:47.995492696Z 		at reactor.core.publisher.Mono.subscribe(Mono.java:4569)
api-gateway-1  | 2026-09-23T08:18:47.995496694Z 		at reactor.core.publisher.MonoIgnoreThen$ThenIgnoreMain.subscribeNext(MonoIgnoreThen.java:268)
api-gateway-1  | 2026-09-23T08:18:47.995509208Z 		at reactor.core.publisher.MonoIgnoreThen.subscribe(MonoIgnoreThen.java:51)
api-gateway-1  | 2026-09-23T08:18:47.995513386Z 		at reactor.core.publisher.InternalMonoOperator.subscribe(InternalMonoOperator.java:75)
api-gateway-1  | 2026-09-23T08:18:47.995517504Z 		at reactor.core.publisher.MonoFlatMap$FlatMapMain.onNext(MonoFlatMap.java:166)
api-gateway-1  | 2026-09-23T08:18:47.995522234Z 		at reactor.core.publisher.FluxOnErrorResume$ResumeSubscriber.onNext(FluxOnErrorResume.java:80)
api-gateway-1  | 2026-09-23T08:18:47.995527203Z 		at reactor.core.publisher.FluxSwitchIfEmpty$SwitchIfEmptySubscriber.onNext(FluxSwitchIfEmpty.java:75)
api-gateway-1  | 2026-09-23T08:18:47.995532433Z 		at reactor.core.publisher.MonoNext$NextSubscriber.onNext(MonoNext.java:83)
api-gateway-1  | 2026-09-23T08:18:47.995537032Z 		at reactor.core.publisher.FluxConcatMapNoPrefetch$FluxConcatMapNoPrefetchSubscriber.innerNext(FluxConcatMapNoPrefetch.java:259)
api-gateway-1  | 2026-09-23T08:18:47.995541912Z 		at reactor.core.publisher.FluxConcatMap$ConcatMapInner.onNext(FluxConcatMap.java:870)
api-gateway-1  | 2026-09-23T08:18:47.995546260Z 		at reactor.core.publisher.FluxMapFuseable$MapFuseableSubscriber.onNext(FluxMapFuseable.java:130)
api-gateway-1  | 2026-09-23T08:18:47.995550739Z 		at reactor.core.publisher.MonoPeekTerminal$MonoTerminalPeekSubscriber.onNext(MonoPeekTerminal.java:184)
api-gateway-1  | 2026-09-23T08:18:47.995556009Z 		at reactor.core.publisher.Operators$ScalarSubscription.request(Operators.java:2565)
api-gateway-1  | 2026-09-23T08:18:47.995560649Z 		at reactor.core.publisher.MonoPeekTerminal$MonoTerminalPeekSubscriber.request(MonoPeekTerminal.java:142)
api-gateway-1  | 2026-09-23T08:18:47.995564837Z 		at reactor.core.publisher.FluxMapFuseable$MapFuseableSubscriber.request(FluxMapFuseable.java:172)
api-gateway-1  | 2026-09-23T08:18:47.995569045Z 		at reactor.core.publisher.Operators$MultiSubscriptionSubscriber.request(Operators.java:2325)
api-gateway-1  | 2026-09-23T08:18:47.995573173Z 		at reactor.core.publisher.FluxConcatMapNoPrefetch$FluxConcatMapNoPrefetchSubscriber.request(FluxConcatMapNoPrefetch.java:339)
api-gateway-1  | 2026-09-23T08:18:47.995577491Z 		at reactor.core.publisher.MonoNext$NextSubscriber.request(MonoNext.java:109)
api-gateway-1  | 2026-09-23T08:18:47.995581529Z 		at reactor.core.publisher.Operators$MultiSubscriptionSubscriber.set(Operators.java:2361)
api-gateway-1  | 2026-09-23T08:18:47.995585707Z 		at reactor.core.publisher.Operators$MultiSubscriptionSubscriber.onSubscribe(Operators.java:2235)
api-gateway-1  | 2026-09-23T08:18:47.995590437Z 		at reactor.core.publisher.MonoNext$NextSubscriber.onSubscribe(MonoNext.java:71)
api-gateway-1  | 2026-09-23T08:18:47.995594615Z 		at reactor.core.publisher.FluxConcatMapNoPrefetch$FluxConcatMapNoPrefetchSubscriber.onSubscribe(FluxConcatMapNoPrefetch.java:164)
api-gateway-1  | 2026-09-23T08:18:47.995598863Z 		at reactor.core.publisher.FluxIterable.subscribe(FluxIterable.java:200)
api-gateway-1  | 2026-09-23T08:18:47.995602871Z 		at reactor.core.publisher.FluxIterable.subscribe(FluxIterable.java:82)
api-gateway-1  | 2026-09-23T08:18:47.995606979Z 		at reactor.core.publisher.InternalMonoOperator.subscribe(InternalMonoOperator.java:75)
api-gateway-1  | 2026-09-23T08:18:47.995619163Z 		at reactor.core.publisher.MonoDefer.subscribe(MonoDefer.java:54)
api-gateway-1  | 2026-09-23T08:18:47.995624263Z 		at reactor.core.publisher.InternalMonoOperator.subscribe(InternalMonoOperator.java:75)
api-gateway-1  | 2026-09-23T08:18:47.995629353Z 		at reactor.core.publisher.MonoDefer.subscribe(MonoDefer.java:54)
api-gateway-1  | 2026-09-23T08:18:47.995634022Z 		at reactor.core.publisher.InternalMonoOperator.subscribe(InternalMonoOperator.java:75)
api-gateway-1  | 2026-09-23T08:18:47.995638861Z 		at reactor.core.publisher.MonoTapRestoringThreadLocals.subscribe(MonoTapRestoringThreadLocals.java:78)
api-gateway-1  | 2026-09-23T08:18:47.995643440Z 		at reactor.core.publisher.Mono.subscribe(Mono.java:4569)
api-gateway-1  | 2026-09-23T08:18:47.995647929Z 		at reactor.core.publisher.MonoIgnoreThen$ThenIgnoreMain.subscribeNext(MonoIgnoreThen.java:268)
api-gateway-1  | 2026-09-23T08:18:47.995652418Z 		at reactor.core.publisher.MonoIgnoreThen.subscribe(MonoIgnoreThen.java:51)
api-gateway-1  | 2026-09-23T08:18:47.995657498Z 		at reactor.core.publisher.InternalMonoOperator.subscribe(InternalMonoOperator.java:75)
api-gateway-1  | 2026-09-23T08:18:47.995662257Z 		at reactor.core.publisher.MonoDeferContextual.subscribe(MonoDeferContextual.java:56)
api-gateway-1  | 2026-09-23T08:18:47.995666545Z 		at reactor.netty.http.server.HttpServer$HttpServerHandle.onStateChange(HttpServer.java:1344)
api-gateway-1  | 2026-09-23T08:18:47.995670964Z 		at reactor.netty.ReactorNetty$CompositeConnectionObserver.onStateChange(ReactorNetty.java:730)
api-gateway-1  | 2026-09-23T08:18:47.995675022Z 		at reactor.netty.transport.ServerTransport$ChildObserver.onStateChange(ServerTransport.java:489)
api-gateway-1  | 2026-09-23T08:18:47.995679681Z 		at reactor.netty.http.server.HttpServerOperations.handleDefaultHttpRequest(HttpServerOperations.java:863)
api-gateway-1  | 2026-09-23T08:18:47.995684030Z 		at reactor.netty.http.server.HttpServerOperations.onInboundNext(HttpServerOperations.java:789)
api-gateway-1  | 2026-09-23T08:18:47.995688178Z 		at reactor.netty.channel.ChannelOperationsHandler.channelRead(ChannelOperationsHandler.java:115)
api-gateway-1  | 2026-09-23T08:18:47.995692486Z 		at io.netty.channel.AbstractChannelHandlerContext.fireChannelRead(AbstractChannelHandlerContext.java:356)
api-gateway-1  | 2026-09-23T08:18:47.995698037Z 		at reactor.netty.http.server.HttpTrafficHandler.channelRead(HttpTrafficHandler.java:283)
api-gateway-1  | 2026-09-23T08:18:47.995701824Z 		at io.netty.channel.AbstractChannelHandlerContext.fireChannelRead(AbstractChannelHandlerContext.java:354)
api-gateway-1  | 2026-09-23T08:18:47.995705702Z 		at io.netty.channel.CombinedChannelDuplexHandler$DelegatingChannelHandlerContext.fireChannelRead(CombinedChannelDuplexHandler.java:434)
api-gateway-1  | 2026-09-23T08:18:47.995709940Z 		at io.netty.handler.codec.ByteToMessageDecoder.fireChannelRead(ByteToMessageDecoder.java:361)
api-gateway-1  | 2026-09-23T08:18:47.995714118Z 		at io.netty.handler.codec.ByteToMessageDecoder.channelRead(ByteToMessageDecoder.java:325)
api-gateway-1  | 2026-09-23T08:18:47.995719048Z 		at io.netty.channel.CombinedChannelDuplexHandler.channelRead(CombinedChannelDuplexHandler.java:249)
api-gateway-1  | 2026-09-23T08:18:47.995723917Z 		at io.netty.channel.AbstractChannelHandlerContext.fireChannelRead(AbstractChannelHandlerContext.java:354)
api-gateway-1  | 2026-09-23T08:18:47.995738656Z 		at io.netty.channel.DefaultChannelPipeline$HeadContext.channelRead(DefaultChannelPipeline.java:1429)
api-gateway-1  | 2026-09-23T08:18:47.995743486Z 		at io.netty.channel.DefaultChannelPipeline.fireChannelRead(DefaultChannelPipeline.java:918)
api-gateway-1  | 2026-09-23T08:18:47.995748205Z 		at io.netty.channel.epoll.AbstractEpollStreamChannel$EpollStreamUnsafe.epollInReady(AbstractEpollStreamChannel.java:804)
api-gateway-1  | 2026-09-23T08:18:47.995752764Z 		at io.netty.channel.epoll.AbstractEpollChannel$AbstractEpollUnsafe.handle(AbstractEpollChannel.java:482)
api-gateway-1  | 2026-09-23T08:18:47.995758044Z 		at io.netty.channel.epoll.EpollIoHandler$DefaultEpollIoRegistration.handle(EpollIoHandler.java:317)
api-gateway-1  | 2026-09-23T08:18:47.995762623Z 		at io.netty.channel.epoll.EpollIoHandler.processReady(EpollIoHandler.java:515)
api-gateway-1  | 2026-09-23T08:18:47.995767432Z 		at io.netty.channel.epoll.EpollIoHandler.run(EpollIoHandler.java:460)
api-gateway-1  | 2026-09-23T08:18:47.995771951Z 		at io.netty.channel.SingleThreadIoEventLoop.runIo(SingleThreadIoEventLoop.java:225)
api-gateway-1  | 2026-09-23T08:18:47.995776490Z 		at io.netty.channel.SingleThreadIoEventLoop.run(SingleThreadIoEventLoop.java:196)
api-gateway-1  | 2026-09-23T08:18:47.995781109Z 		at io.netty.util.concurrent.SingleThreadEventExecutor$5.run(SingleThreadEventExecutor.java:1195)
api-gateway-1  | 2026-09-23T08:18:47.995786009Z 		at io.netty.util.internal.ThreadExecutorMap$2.run(ThreadExecutorMap.java:74)
api-gateway-1  | 2026-09-23T08:18:47.995790427Z 		at io.netty.util.concurrent.FastThreadLocalRunnable.run(FastThreadLocalRunnable.java:30)
api-gateway-1  | 2026-09-23T08:18:47.995794936Z 		at java.base/java.lang.Thread.run(Thread.java:840)
api-gateway-1  | 2026-09-23T08:18:47.995799505Z 
api-gateway-1  | 2026-09-23T08:18:47.999923070Z 2026-09-23T08:18:47.999Z  WARN 1 --- [api-gateway] [r-http-epoll-10] [                                                 ] i.m.o.c.ObservationThreadLocalAccessor   : There is no current scope in thread local. This situation should not happen
api-gateway-1  | 2026-09-23T08:18:48.000496207Z 2026-09-23T08:18:48.000Z  WARN 1 --- [api-gateway] [r-http-epoll-10] [                                                 ] i.m.o.c.ObservationThreadLocalAccessor   : Observation <{name=http.server.requests(http get /api/gateway/owners/{ownerId}), error=org.springframework.web.reactive.function.client.WebClientResponseException$ServiceUnavailable: 503 Service Unavailable from UNKNOWN , context=name='http.server.requests', contextualName='http get /api/gateway/owners/{ownerId}', error='org.springframework.web.reactive.function.client.WebClientResponseException$ServiceUnavailable: 503 Service Unavailable from UNKNOWN ', lowCardinalityKeyValues=[exception='ServiceUnavailable', method='GET', outcome='SERVER_ERROR', status='500', uri='/api/gateway/owners/{ownerId}'], highCardinalityKeyValues=[http.url='/api/gateway/owners/6'], map=[class io.micrometer.tracing.handler.TracingObservationHandler$TracingContext='TracingContext{span=6ab38b676cd73e9a240f42e95b51a3f6/240f42e95b51a3f6}', class io.micrometer.core.instrument.Timer$Sample='io.micrometer.core.instrument.Timer$Sample@81e2f60', class io.micrometer.core.instrument.LongTaskTimer$Sample='SampleImpl{duration(seconds)=-1.0E-9, duration(nanos)=-1.0, startTimeNanos=1007281027413}'], parentObservation=null}> to which we're restoring is not the same as the one set as this scope's parent observation <null>. Most likely a manually created Observation has a scope opened that was never closed. This may lead to thread polluting and memory leaks.
api-gateway-1  | 2026-09-23T08:18:51.023006388Z 2026-09-23T08:18:51.022Z  WARN 1 --- [api-gateway] [r-http-epoll-11] [6ab38b6b00eca3ad207321fcbd1fe3d8-207321fcbd1fe3d8] i.m.o.c.ObservationThreadLocalAccessor   : Observation <{name=http.server.requests(null), error=null, context=name='http.server.requests', contextualName='null', error='null', lowCardinalityKeyValues=[exception='none', method='GET', outcome='SUCCESS', status='200', uri='UNKNOWN'], highCardinalityKeyValues=[http.url='/api/gateway/owners/6'], map=[class io.micrometer.tracing.handler.TracingObservationHandler$TracingContext='TracingContext{span=6ab38b6b00eca3ad207321fcbd1fe3d8/207321fcbd1fe3d8}', class io.micrometer.core.instrument.Timer$Sample='io.micrometer.core.instrument.Timer$Sample@36b93921', class io.micrometer.core.instrument.LongTaskTimer$Sample='SampleImpl{duration(seconds)=0.003350514, duration(nanos)=3350514.0, startTimeNanos=1010319736696}'], parentObservation=null}> to which we're restoring is not the same as the one set as this scope's parent observation <null>. Most likely a manually created Observation has a scope opened that was never closed. This may lead to thread polluting and memory leaks.
api-gateway-1  | 2026-09-23T08:18:51.024618414Z 2026-09-23T08:18:51.024Z  WARN 1 --- [api-gateway] [r-http-epoll-11] [                                                 ] o.s.c.l.core.RoundRobinLoadBalancer      : No servers available for service: customers-service
api-gateway-1  | 2026-09-23T08:18:51.024794138Z 2026-09-23T08:18:51.024Z  WARN 1 --- [api-gateway] [r-http-epoll-11] [                                                 ] eactorLoadBalancerExchangeFilterFunction : LoadBalancer does not contain an instance for the service customers-service
api-gateway-1  | 2026-09-23T08:18:51.028636117Z 2026-09-23T08:18:51.027Z ERROR 1 --- [api-gateway] [r-http-epoll-11] [6ab38b6b00eca3ad207321fcbd1fe3d8-207321fcbd1fe3d8] b.w.a.e.AbstractErrorWebExceptionHandler : [f21c17dd-10]  500 Server Error for HTTP GET "/api/gateway/owners/6"
api-gateway-1  | 2026-09-23T08:18:51.028677067Z 
api-gateway-1  | 2026-09-23T08:18:51.028682958Z org.springframework.web.reactive.function.client.WebClientResponseException$ServiceUnavailable: 503 Service Unavailable from UNKNOWN 
api-gateway-1  | 2026-09-23T08:18:51.028687858Z 	at org.springframework.web.reactive.function.client.WebClientResponseException.create(WebClientResponseException.java:322)
api-gateway-1  | 2026-09-23T08:18:51.028693278Z 	Suppressed: The stacktrace has been enhanced by Reactor, refer to additional information below: 
api-gateway-1  | 2026-09-23T08:18:51.028697927Z Error has been observed at the following site(s):
api-gateway-1  | 2026-09-23T08:18:51.028702446Z 	*__checkpoint ⇢ 503 SERVICE_UNAVAILABLE from GET http://customers-service/owners/6 [DefaultWebClient]
api-gateway-1  | 2026-09-23T08:18:51.028707977Z 	*__checkpoint ⇢ Handler org.springframework.samples.petclinic.api.boundary.web.ApiGatewayController#getOwnerDetails(int) [DispatcherHandler]
api-gateway-1  | 2026-09-23T08:18:51.028713127Z 	*__checkpoint ⇢ org.springframework.cloud.gateway.filter.WeightCalculatorWebFilter@5d94ac8a
api-gateway-1  | 2026-09-23T08:18:51.028717916Z 	*__checkpoint ⇢ HTTP GET "/api/gateway/owners/6" [ExceptionHandlingWebHandler]
api-gateway-1  | 2026-09-23T08:18:51.028722465Z Original Stack Trace:
api-gateway-1  | 2026-09-23T08:18:51.028726453Z 		at org.springframework.web.reactive.function.client.WebClientResponseException.create(WebClientResponseException.java:322)
api-gateway-1  | 2026-09-23T08:18:51.028752905Z 		at org.springframework.web.reactive.function.client.DefaultClientResponse.lambda$createException$1(DefaultClientResponse.java:214)
api-gateway-1  | 2026-09-23T08:18:51.028758085Z 		at reactor.core.publisher.FluxMap$MapSubscriber.onNext(FluxMap.java:106)
api-gateway-1  | 2026-09-23T08:18:51.028762453Z 		at reactor.core.publisher.FluxOnErrorReturn$ReturnSubscriber.onNext(FluxOnErrorReturn.java:159)
api-gateway-1  | 2026-09-23T08:18:51.028767293Z 		at reactor.core.publisher.FluxDefaultIfEmpty$DefaultIfEmptySubscriber.onNext(FluxDefaultIfEmpty.java:123)
api-gateway-1  | 2026-09-23T08:18:51.028771892Z 		at reactor.core.publisher.FluxMapFuseable$MapFuseableSubscriber.onNext(FluxMapFuseable.java:130)
api-gateway-1  | 2026-09-23T08:18:51.028776451Z 		at reactor.core.publisher.FluxContextWrite$ContextWriteSubscriber.onNext(FluxContextWrite.java:109)
api-gateway-1  | 2026-09-23T08:18:51.028781200Z 		at reactor.core.publisher.FluxMapFuseable$MapFuseableConditionalSubscriber.onNext(FluxMapFuseable.java:300)
api-gateway-1  | 2026-09-23T08:18:51.028787162Z 		at reactor.core.publisher.FluxFilterFuseable$FilterFuseableConditionalSubscriber.onNext(FluxFilterFuseable.java:338)
api-gateway-1  | 2026-09-23T08:18:51.028791961Z 		at reactor.core.publisher.Operators$BaseFluxToMonoOperator.completePossiblyEmpty(Operators.java:2093)
api-gateway-1  | 2026-09-23T08:18:51.028796640Z 		at reactor.core.publisher.MonoCollect$CollectSubscriber.onComplete(MonoCollect.java:144)
api-gateway-1  | 2026-09-23T08:18:51.028801329Z 		at reactor.core.publisher.FluxMapFuseable$MapFuseableSubscriber.onComplete(FluxMapFuseable.java:153)
api-gateway-1  | 2026-09-23T08:18:51.028805918Z 		at reactor.core.publisher.Operators$ScalarSubscription.request(Operators.java:2567)
api-gateway-1  | 2026-09-23T08:18:51.028810006Z 		at reactor.core.publisher.FluxMapFuseable$MapFuseableSubscriber.request(FluxMapFuseable.java:172)
api-gateway-1  | 2026-09-23T08:18:51.028814355Z 		at reactor.core.publisher.Operators$BaseFluxToMonoOperator.request(Operators.java:2063)
api-gateway-1  | 2026-09-23T08:18:51.028818593Z 		at reactor.core.publisher.FluxFilterFuseable$FilterFuseableConditionalSubscriber.request(FluxFilterFuseable.java:411)
api-gateway-1  | 2026-09-23T08:18:51.028823382Z 		at reactor.core.publisher.FluxMapFuseable$MapFuseableConditionalSubscriber.request(FluxMapFuseable.java:361)
api-gateway-1  | 2026-09-23T08:18:51.028827731Z 		at reactor.core.publisher.FluxContextWrite$ContextWriteSubscriber.request(FluxContextWrite.java:138)
api-gateway-1  | 2026-09-23T08:18:51.028832240Z 		at reactor.core.publisher.FluxMapFuseable$MapFuseableSubscriber.request(FluxMapFuseable.java:172)
api-gateway-1  | 2026-09-23T08:18:51.028836969Z 		at reactor.core.publisher.FluxDefaultIfEmpty$DefaultIfEmptySubscriber.request(FluxDefaultIfEmpty.java:99)
api-gateway-1  | 2026-09-23T08:18:51.028841748Z 		at reactor.core.publisher.FluxOnErrorReturn$ReturnSubscriber.request(FluxOnErrorReturn.java:150)
api-gateway-1  | 2026-09-23T08:18:51.028846187Z 		at reactor.core.publisher.FluxMap$MapSubscriber.request(FluxMap.java:163)
api-gateway-1  | 2026-09-23T08:18:51.028850686Z 		at reactor.core.publisher.MonoFlatMap$FlatMapMain.request(MonoFlatMap.java:195)
api-gateway-1  | 2026-09-23T08:18:51.028854884Z 		at reactor.core.publisher.Operators$MultiSubscriptionSubscriber.set(Operators.java:2361)
api-gateway-1  | 2026-09-23T08:18:51.028870294Z 		at reactor.core.publisher.FluxOnErrorResume$ResumeSubscriber.onSubscribe(FluxOnErrorResume.java:75)
api-gateway-1  | 2026-09-23T08:18:51.028875083Z 		at reactor.core.publisher.MonoFlatMap$FlatMapMain.onSubscribe(MonoFlatMap.java:118)
api-gateway-1  | 2026-09-23T08:18:51.028879552Z 		at reactor.core.publisher.FluxMap$MapSubscriber.onSubscribe(FluxMap.java:92)
api-gateway-1  | 2026-09-23T08:18:51.028883901Z 		at reactor.core.publisher.FluxOnErrorReturn$ReturnSubscriber.onSubscribe(FluxOnErrorReturn.java:92)
api-gateway-1  | 2026-09-23T08:18:51.028888159Z 		at reactor.core.publisher.Operators$BaseFluxToMonoOperator.onSubscribe(Operators.java:2047)
api-gateway-1  | 2026-09-23T08:18:51.028892768Z 		at reactor.core.publisher.FluxMapFuseable$MapFuseableSubscriber.onSubscribe(FluxMapFuseable.java:96)
api-gateway-1  | 2026-09-23T08:18:51.028897497Z 		at reactor.core.publisher.FluxContextWrite$ContextWriteSubscriber.onSubscribe(FluxContextWrite.java:103)
api-gateway-1  | 2026-09-23T08:18:51.028901876Z 		at reactor.core.publisher.FluxMapFuseable$MapFuseableConditionalSubscriber.onSubscribe(FluxMapFuseable.java:265)
api-gateway-1  | 2026-09-23T08:18:51.028906214Z 		at reactor.core.publisher.FluxFilterFuseable$FilterFuseableConditionalSubscriber.onSubscribe(FluxFilterFuseable.java:305)
api-gateway-1  | 2026-09-23T08:18:51.028910533Z 		at reactor.core.publisher.Operators$BaseFluxToMonoOperator.onSubscribe(Operators.java:2047)
api-gateway-1  | 2026-09-23T08:18:51.028915011Z 		at reactor.core.publisher.FluxMapFuseable$MapFuseableSubscriber.onSubscribe(FluxMapFuseable.java:96)
api-gateway-1  | 2026-09-23T08:18:51.028919290Z 		at reactor.core.publisher.FluxJust.subscribe(FluxJust.java:69)
api-gateway-1  | 2026-09-23T08:18:51.028923809Z 		at reactor.core.publisher.InternalMonoOperator.subscribe(InternalMonoOperator.java:75)
api-gateway-1  | 2026-09-23T08:18:51.028928087Z 		at reactor.core.publisher.MonoFlatMap$FlatMapMain.onNext(MonoFlatMap.java:166)
api-gateway-1  | 2026-09-23T08:18:51.028932786Z 		at reactor.core.publisher.MonoContextWriteRestoringThreadLocals$ContextWriteRestoringThreadLocalsSubscriber.onNext(MonoContextWriteRestoringThreadLocals.java:111)
api-gateway-1  | 2026-09-23T08:18:51.028937435Z 		at reactor.core.publisher.FluxDoFinally$DoFinallySubscriber.onNext(FluxDoFinally.java:113)
api-gateway-1  | 2026-09-23T08:18:51.028941964Z 		at reactor.core.publisher.MonoPeekTerminal$MonoTerminalPeekSubscriber.onNext(MonoPeekTerminal.java:184)
api-gateway-1  | 2026-09-23T08:18:51.028946673Z 		at reactor.core.publisher.FluxPeekFuseable$PeekConditionalSubscriber.onNext(FluxPeekFuseable.java:850)
api-gateway-1  | 2026-09-23T08:18:51.028951162Z 		at reactor.core.publisher.FluxSwitchIfEmpty$SwitchIfEmptySubscriber.onNext(FluxSwitchIfEmpty.java:75)
api-gateway-1  | 2026-09-23T08:18:51.028956032Z 		at reactor.core.publisher.MonoFlatMap$FlatMapMain.onNext(MonoFlatMap.java:159)
api-gateway-1  | 2026-09-23T08:18:51.028960831Z 		at reactor.core.publisher.FluxMap$MapSubscriber.onNext(FluxMap.java:122)
api-gateway-1  | 2026-09-23T08:18:51.028965210Z 		at reactor.core.publisher.MonoNext$NextSubscriber.onNext(MonoNext.java:83)
api-gateway-1  | 2026-09-23T08:18:51.028969678Z 		at reactor.core.publisher.FluxDematerialize$DematerializeSubscriber.onNext(FluxDematerialize.java:102)
api-gateway-1  | 2026-09-23T08:18:51.028984587Z 		at reactor.core.publisher.FluxDematerialize$DematerializeSubscriber.onNext(FluxDematerialize.java:44)
api-gateway-1  | 2026-09-23T08:18:51.028989517Z 		at reactor.core.publisher.FluxFlattenIterable$FlattenIterableSubscriber.drainAsync(FluxFlattenIterable.java:455)
api-gateway-1  | 2026-09-23T08:18:51.028994206Z 		at reactor.core.publisher.FluxFlattenIterable$FlattenIterableSubscriber.drain(FluxFlattenIterable.java:726)
api-gateway-1  | 2026-09-23T08:18:51.028999677Z 		at reactor.core.publisher.FluxFlattenIterable$FlattenIterableSubscriber.onNext(FluxFlattenIterable.java:258)
api-gateway-1  | 2026-09-23T08:18:51.029004637Z 		at reactor.core.publisher.FluxSwitchIfEmpty$SwitchIfEmptySubscriber.onNext(FluxSwitchIfEmpty.java:75)
api-gateway-1  | 2026-09-23T08:18:51.029009195Z 		at reactor.core.publisher.MonoFlatMap$FlatMapMain.secondComplete(MonoFlatMap.java:246)
api-gateway-1  | 2026-09-23T08:18:51.029014085Z 		at reactor.core.publisher.MonoFlatMap$FlatMapInner.onNext(MonoFlatMap.java:307)
api-gateway-1  | 2026-09-23T08:18:51.029019045Z 		at reactor.core.publisher.MonoIgnoreThen$ThenIgnoreMain.complete(MonoIgnoreThen.java:297)
api-gateway-1  | 2026-09-23T08:18:51.029023844Z 		at reactor.core.publisher.MonoIgnoreThen$ThenIgnoreMain.onNext(MonoIgnoreThen.java:191)
api-gateway-1  | 2026-09-23T08:18:51.029028864Z 		at reactor.core.publisher.MonoIgnoreThen$ThenIgnoreMain.subscribeNext(MonoIgnoreThen.java:240)
api-gateway-1  | 2026-09-23T08:18:51.029033964Z 		at reactor.core.publisher.MonoIgnoreThen$ThenIgnoreMain.onComplete(MonoIgnoreThen.java:207)
api-gateway-1  | 2026-09-23T08:18:51.029038783Z 		at reactor.core.publisher.MonoIgnoreElements$IgnoreElementsSubscriber.onComplete(MonoIgnoreElements.java:89)
api-gateway-1  | 2026-09-23T08:18:51.029043603Z 		at reactor.core.publisher.FluxPeek$PeekSubscriber.onComplete(FluxPeek.java:263)
api-gateway-1  | 2026-09-23T08:18:51.029048392Z 		at reactor.core.publisher.FluxDematerialize$DematerializeSubscriber.onComplete(FluxDematerialize.java:125)
api-gateway-1  | 2026-09-23T08:18:51.029053402Z 		at reactor.core.publisher.FluxDematerialize$DematerializeSubscriber.onNext(FluxDematerialize.java:91)
api-gateway-1  | 2026-09-23T08:18:51.029058261Z 		at reactor.core.publisher.FluxDematerialize$DematerializeSubscriber.onNext(FluxDematerialize.java:44)
api-gateway-1  | 2026-09-23T08:18:51.029063191Z 		at reactor.core.publisher.FluxIterable$IterableSubscription.fastPath(FluxIterable.java:402)
api-gateway-1  | 2026-09-23T08:18:51.029067840Z 		at reactor.core.publisher.FluxIterable$IterableSubscription.request(FluxIterable.java:291)
api-gateway-1  | 2026-09-23T08:18:51.029072429Z 		at reactor.core.publisher.FluxDematerialize$DematerializeSubscriber.request(FluxDematerialize.java:131)
api-gateway-1  | 2026-09-23T08:18:51.029076878Z 		at reactor.core.publisher.FluxPeek$PeekSubscriber.request(FluxPeek.java:141)
api-gateway-1  | 2026-09-23T08:18:51.029081417Z 		at reactor.core.publisher.MonoIgnoreElements$IgnoreElementsSubscriber.onSubscribe(MonoIgnoreElements.java:72)
api-gateway-1  | 2026-09-23T08:18:51.029088921Z 		at reactor.core.publisher.FluxPeek$PeekSubscriber.onSubscribe(FluxPeek.java:174)
api-gateway-1  | 2026-09-23T08:18:51.029093630Z 		at reactor.core.publisher.FluxDematerialize$DematerializeSubscriber.onSubscribe(FluxDematerialize.java:77)
api-gateway-1  | 2026-09-23T08:18:51.029108089Z 		at reactor.core.publisher.FluxIterable.subscribe(FluxIterable.java:200)
api-gateway-1  | 2026-09-23T08:18:51.029113349Z 		at reactor.core.publisher.FluxIterable.subscribe(FluxIterable.java:82)
api-gateway-1  | 2026-09-23T08:18:51.029117527Z 		at reactor.core.publisher.Mono.subscribe(Mono.java:4569)
api-gateway-1  | 2026-09-23T08:18:51.029121815Z 		at reactor.core.publisher.MonoIgnoreThen$ThenIgnoreMain.subscribeNext(MonoIgnoreThen.java:268)
api-gateway-1  | 2026-09-23T08:18:51.029126354Z 		at reactor.core.publisher.MonoIgnoreThen.subscribe(MonoIgnoreThen.java:51)
api-gateway-1  | 2026-09-23T08:18:51.029131284Z 		at reactor.core.publisher.MonoFlatMap$FlatMapMain.onNext(MonoFlatMap.java:166)
api-gateway-1  | 2026-09-23T08:18:51.029135773Z 		at reactor.core.publisher.Operators$BaseFluxToMonoOperator.completePossiblyEmpty(Operators.java:2093)
api-gateway-1  | 2026-09-23T08:18:51.029140051Z 		at reactor.core.publisher.MonoCollectList$MonoCollectListSubscriber.onComplete(MonoCollectList.java:117)
api-gateway-1  | 2026-09-23T08:18:51.029144029Z 		at reactor.core.publisher.DrainUtils.postCompleteDrain(DrainUtils.java:132)
api-gateway-1  | 2026-09-23T08:18:51.029147736Z 		at reactor.core.publisher.DrainUtils.postComplete(DrainUtils.java:187)
api-gateway-1  | 2026-09-23T08:18:51.029151984Z 		at reactor.core.publisher.FluxMaterialize$MaterializeSubscriber.onComplete(FluxMaterialize.java:141)
api-gateway-1  | 2026-09-23T08:18:51.029156493Z 		at reactor.core.publisher.FluxLimitRequest$FluxLimitRequestSubscriber.onNext(FluxLimitRequest.java:104)
api-gateway-1  | 2026-09-23T08:18:51.029161263Z 		at reactor.core.publisher.FluxOnErrorResume$ResumeSubscriber.onNext(FluxOnErrorResume.java:80)
api-gateway-1  | 2026-09-23T08:18:51.029165902Z 		at reactor.core.publisher.SerializedSubscriber.onNext(SerializedSubscriber.java:100)
api-gateway-1  | 2026-09-23T08:18:51.029170320Z 		at reactor.core.publisher.FluxTimeout$TimeoutMainSubscriber.onNext(FluxTimeout.java:182)
api-gateway-1  | 2026-09-23T08:18:51.029175070Z 		at reactor.core.publisher.Operators$BaseFluxToMonoOperator.completePossiblyEmpty(Operators.java:2093)
api-gateway-1  | 2026-09-23T08:18:51.029179749Z 		at reactor.core.publisher.MonoCollectList$MonoCollectListSubscriber.onComplete(MonoCollectList.java:117)
api-gateway-1  | 2026-09-23T08:18:51.029184648Z 		at reactor.core.publisher.FluxContextWriteRestoringThreadLocals$ContextWriteRestoringThreadLocalsSubscriber.onComplete(FluxContextWriteRestoringThreadLocals.java:150)
api-gateway-1  | 2026-09-23T08:18:51.029189798Z 		at org.springframework.cloud.commons.publisher.FluxFirstNonEmptyEmitting$FirstNonEmptyEmittingSubscriber.onComplete(FluxFirstNonEmptyEmitting.java:325)
api-gateway-1  | 2026-09-23T08:18:51.029194638Z 		at reactor.core.publisher.Operators.complete(Operators.java:137)
api-gateway-1  | 2026-09-23T08:18:51.029199417Z 		at reactor.core.publisher.FluxIterable.subscribe(FluxIterable.java:143)
api-gateway-1  | 2026-09-23T08:18:51.029203816Z 		at reactor.core.publisher.FluxIterable.subscribe(FluxIterable.java:82)
api-gateway-1  | 2026-09-23T08:18:51.029208264Z 		at reactor.core.publisher.Flux.subscribe(Flux.java:8888)
api-gateway-1  | 2026-09-23T08:18:51.029213024Z 		at org.springframework.cloud.commons.publisher.FluxFirstNonEmptyEmitting$RaceCoordinator.subscribe(FluxFirstNonEmptyEmitting.java:203)
api-gateway-1  | 2026-09-23T08:18:51.029228564Z 		at org.springframework.cloud.commons.publisher.FluxFirstNonEmptyEmitting.subscribe(FluxFirstNonEmptyEmitting.java:128)
api-gateway-1  | 2026-09-23T08:18:51.029233764Z 		at reactor.core.publisher.InternalFluxOperator.subscribe(InternalFluxOperator.java:67)
api-gateway-1  | 2026-09-23T08:18:51.029238493Z 		at reactor.core.publisher.FluxDefer.subscribe(FluxDefer.java:55)
api-gateway-1  | 2026-09-23T08:18:51.029243363Z 		at reactor.core.publisher.InternalFluxOperator.subscribe(InternalFluxOperator.java:67)
api-gateway-1  | 2026-09-23T08:18:51.029247611Z 		at reactor.core.publisher.FluxDefer.subscribe(FluxDefer.java:55)
api-gateway-1  | 2026-09-23T08:18:51.029251589Z 		at reactor.core.publisher.Mono.subscribe(Mono.java:4569)
api-gateway-1  | 2026-09-23T08:18:51.029255667Z 		at reactor.core.publisher.FluxSwitchIfEmpty$SwitchIfEmptySubscriber.onComplete(FluxSwitchIfEmpty.java:83)
api-gateway-1  | 2026-09-23T08:18:51.029259875Z 		at reactor.core.publisher.Operators.complete(Operators.java:137)
api-gateway-1  | 2026-09-23T08:18:51.029264114Z 		at reactor.core.publisher.MonoEmpty.subscribe(MonoEmpty.java:46)
api-gateway-1  | 2026-09-23T08:18:51.029268773Z 		at reactor.core.publisher.InternalFluxOperator.subscribe(InternalFluxOperator.java:67)
api-gateway-1  | 2026-09-23T08:18:51.029273452Z 		at reactor.core.publisher.FluxDefer.subscribe(FluxDefer.java:55)
api-gateway-1  | 2026-09-23T08:18:51.029277700Z 		at reactor.core.publisher.InternalMonoOperator.subscribe(InternalMonoOperator.java:75)
api-gateway-1  | 2026-09-23T08:18:51.029282379Z 		at reactor.core.publisher.MonoDefer.subscribe(MonoDefer.java:54)
api-gateway-1  | 2026-09-23T08:18:51.029286768Z 		at reactor.core.publisher.InternalMonoOperator.subscribe(InternalMonoOperator.java:75)
api-gateway-1  | 2026-09-23T08:18:51.029291226Z 		at reactor.core.publisher.MonoContextWriteRestoringThreadLocals.subscribe(MonoContextWriteRestoringThreadLocals.java:44)
api-gateway-1  | 2026-09-23T08:18:51.029296126Z 		at reactor.core.publisher.MonoDeferContextual.subscribe(MonoDeferContextual.java:56)
api-gateway-1  | 2026-09-23T08:18:51.029300845Z 		at reactor.core.publisher.FluxFromMonoOperator.subscribe(FluxFromMonoOperator.java:83)
api-gateway-1  | 2026-09-23T08:18:51.029305053Z 		at reactor.core.publisher.FluxDeferContextual.subscribe(FluxDeferContextual.java:58)
api-gateway-1  | 2026-09-23T08:18:51.029309462Z 		at reactor.core.publisher.InternalMonoOperator.subscribe(InternalMonoOperator.java:75)
api-gateway-1  | 2026-09-23T08:18:51.029314211Z 		at reactor.core.publisher.MonoFlatMap$FlatMapMain.onNext(MonoFlatMap.java:166)
api-gateway-1  | 2026-09-23T08:18:51.029318850Z 		at reactor.core.publisher.FluxOnErrorResume$ResumeSubscriber.onNext(FluxOnErrorResume.java:80)
api-gateway-1  | 2026-09-23T08:18:51.029323670Z 		at reactor.core.publisher.FluxOnErrorResume$ResumeSubscriber.onNext(FluxOnErrorResume.java:80)
api-gateway-1  | 2026-09-23T08:18:51.029328449Z 		at reactor.core.publisher.FluxPeek$PeekSubscriber.onNext(FluxPeek.java:203)
api-gateway-1  | 2026-09-23T08:18:51.029333719Z 		at reactor.core.publisher.MonoIgnoreThen$ThenIgnoreMain.complete(MonoIgnoreThen.java:297)
api-gateway-1  | 2026-09-23T08:18:51.029447321Z 		at reactor.core.publisher.MonoIgnoreThen$ThenIgnoreMain.onNext(MonoIgnoreThen.java:191)
api-gateway-1  | 2026-09-23T08:18:51.029456409Z 		at reactor.core.publisher.MonoFlatMap$FlatMapMain.onNext(MonoFlatMap.java:159)
api-gateway-1  | 2026-09-23T08:18:51.029461780Z 		at reactor.core.publisher.MonoZip$ZipCoordinator.signal(MonoZip.java:296)
api-gateway-1  | 2026-09-23T08:18:51.029466319Z 		at reactor.core.publisher.MonoZip$ZipInner.onNext(MonoZip.java:480)
api-gateway-1  | 2026-09-23T08:18:51.029470617Z 		at reactor.core.publisher.MonoPeekTerminal$MonoTerminalPeekSubscriber.onNext(MonoPeekTerminal.java:184)
api-gateway-1  | 2026-09-23T08:18:51.029475176Z 		at reactor.core.publisher.FluxDefaultIfEmpty$DefaultIfEmptySubscriber.onNext(FluxDefaultIfEmpty.java:123)
api-gateway-1  | 2026-09-23T08:18:51.029479955Z 		at reactor.core.publisher.FluxSwitchIfEmpty$SwitchIfEmptySubscriber.onNext(FluxSwitchIfEmpty.java:75)
api-gateway-1  | 2026-09-23T08:18:51.029484875Z 		at reactor.core.publisher.Operators$ScalarSubscription.request(Operators.java:2565)
api-gateway-1  | 2026-09-23T08:18:51.029489614Z 		at reactor.core.publisher.Operators$MultiSubscriptionSubscriber.set(Operators.java:2361)
api-gateway-1  | 2026-09-23T08:18:51.029494183Z 		at reactor.core.publisher.Operators$MultiSubscriptionSubscriber.onSubscribe(Operators.java:2235)
api-gateway-1  | 2026-09-23T08:18:51.029498612Z 		at reactor.core.publisher.FluxFlatMap.trySubscribeScalarMap(FluxFlatMap.java:193)
api-gateway-1  | 2026-09-23T08:18:51.029503070Z 		at reactor.core.publisher.MonoFlatMap.subscribeOrReturn(MonoFlatMap.java:53)
api-gateway-1  | 2026-09-23T08:18:51.029507399Z 		at reactor.core.publisher.InternalMonoOperator.subscribe(InternalMonoOperator.java:62)
api-gateway-1  | 2026-09-23T08:18:51.029511757Z 		at reactor.core.publisher.MonoZip$ZipCoordinator.request(MonoZip.java:219)
api-gateway-1  | 2026-09-23T08:18:51.029516637Z 		at reactor.core.publisher.MonoFlatMap$FlatMapMain.request(MonoFlatMap.java:195)
api-gateway-1  | 2026-09-23T08:18:51.029521286Z 		at reactor.core.publisher.MonoIgnoreThen$ThenIgnoreMain.onSubscribe(MonoIgnoreThen.java:135)
api-gateway-1  | 2026-09-23T08:18:51.029525735Z 		at reactor.core.publisher.MonoFlatMap$FlatMapMain.onSubscribe(MonoFlatMap.java:118)
api-gateway-1  | 2026-09-23T08:18:51.029530243Z 		at reactor.core.publisher.MonoZip.subscribe(MonoZip.java:129)
api-gateway-1  | 2026-09-23T08:18:51.029535193Z 		at reactor.core.publisher.InternalMonoOperator.subscribe(InternalMonoOperator.java:75)
api-gateway-1  | 2026-09-23T08:18:51.029540293Z 		at reactor.core.publisher.MonoDefer.subscribe(MonoDefer.java:54)
api-gateway-1  | 2026-09-23T08:18:51.029545092Z 		at reactor.core.publisher.MonoIgnoreThen$ThenIgnoreMain.subscribeNext(MonoIgnoreThen.java:244)
api-gateway-1  | 2026-09-23T08:18:51.029549862Z 		at reactor.core.publisher.MonoIgnoreThen$ThenIgnoreMain.onComplete(MonoIgnoreThen.java:207)
api-gateway-1  | 2026-09-23T08:18:51.029555994Z 		at reactor.core.publisher.MonoFlatMap$FlatMapMain.onComplete(MonoFlatMap.java:190)
api-gateway-1  | 2026-09-23T08:18:51.029560513Z 		at reactor.core.publisher.Operators.complete(Operators.java:137)
api-gateway-1  | 2026-09-23T08:18:51.029564971Z 		at reactor.core.publisher.MonoZip.subscribe(MonoZip.java:121)
api-gateway-1  | 2026-09-23T08:18:51.029580001Z 		at reactor.core.publisher.Mono.subscribe(Mono.java:4569)
api-gateway-1  | 2026-09-23T08:18:51.029584980Z 		at reactor.core.publisher.MonoIgnoreThen$ThenIgnoreMain.subscribeNext(MonoIgnoreThen.java:268)
api-gateway-1  | 2026-09-23T08:18:51.029589760Z 		at reactor.core.publisher.MonoIgnoreThen.subscribe(MonoIgnoreThen.java:51)
api-gateway-1  | 2026-09-23T08:18:51.029594619Z 		at reactor.core.publisher.InternalMonoOperator.subscribe(InternalMonoOperator.java:75)
api-gateway-1  | 2026-09-23T08:18:51.029599419Z 		at reactor.core.publisher.MonoFlatMap$FlatMapMain.onNext(MonoFlatMap.java:166)
api-gateway-1  | 2026-09-23T08:18:51.029603998Z 		at reactor.core.publisher.FluxOnErrorResume$ResumeSubscriber.onNext(FluxOnErrorResume.java:80)
api-gateway-1  | 2026-09-23T08:18:51.029608396Z 		at reactor.core.publisher.FluxSwitchIfEmpty$SwitchIfEmptySubscriber.onNext(FluxSwitchIfEmpty.java:75)
api-gateway-1  | 2026-09-23T08:18:51.029612765Z 		at reactor.core.publisher.MonoNext$NextSubscriber.onNext(MonoNext.java:83)
api-gateway-1  | 2026-09-23T08:18:51.029617213Z 		at reactor.core.publisher.FluxConcatMapNoPrefetch$FluxConcatMapNoPrefetchSubscriber.innerNext(FluxConcatMapNoPrefetch.java:259)
api-gateway-1  | 2026-09-23T08:18:51.029621552Z 		at reactor.core.publisher.FluxConcatMap$ConcatMapInner.onNext(FluxConcatMap.java:870)
api-gateway-1  | 2026-09-23T08:18:51.029626041Z 		at reactor.core.publisher.FluxMapFuseable$MapFuseableSubscriber.onNext(FluxMapFuseable.java:130)
api-gateway-1  | 2026-09-23T08:18:51.029630730Z 		at reactor.core.publisher.MonoPeekTerminal$MonoTerminalPeekSubscriber.onNext(MonoPeekTerminal.java:184)
api-gateway-1  | 2026-09-23T08:18:51.029635549Z 		at reactor.core.publisher.Operators$ScalarSubscription.request(Operators.java:2565)
api-gateway-1  | 2026-09-23T08:18:51.029640158Z 		at reactor.core.publisher.MonoPeekTerminal$MonoTerminalPeekSubscriber.request(MonoPeekTerminal.java:142)
api-gateway-1  | 2026-09-23T08:18:51.029645068Z 		at reactor.core.publisher.FluxMapFuseable$MapFuseableSubscriber.request(FluxMapFuseable.java:172)
api-gateway-1  | 2026-09-23T08:18:51.029649777Z 		at reactor.core.publisher.Operators$MultiSubscriptionSubscriber.request(Operators.java:2325)
api-gateway-1  | 2026-09-23T08:18:51.029654065Z 		at reactor.core.publisher.FluxConcatMapNoPrefetch$FluxConcatMapNoPrefetchSubscriber.request(FluxConcatMapNoPrefetch.java:339)
api-gateway-1  | 2026-09-23T08:18:51.029658664Z 		at reactor.core.publisher.MonoNext$NextSubscriber.request(MonoNext.java:109)
api-gateway-1  | 2026-09-23T08:18:51.029663293Z 		at reactor.core.publisher.Operators$MultiSubscriptionSubscriber.set(Operators.java:2361)
api-gateway-1  | 2026-09-23T08:18:51.029667932Z 		at reactor.core.publisher.Operators$MultiSubscriptionSubscriber.onSubscribe(Operators.java:2235)
api-gateway-1  | 2026-09-23T08:18:51.029673133Z 		at reactor.core.publisher.MonoNext$NextSubscriber.onSubscribe(MonoNext.java:71)
api-gateway-1  | 2026-09-23T08:18:51.029677631Z 		at reactor.core.publisher.FluxConcatMapNoPrefetch$FluxConcatMapNoPrefetchSubscriber.onSubscribe(FluxConcatMapNoPrefetch.java:164)
api-gateway-1  | 2026-09-23T08:18:51.029682451Z 		at reactor.core.publisher.FluxIterable.subscribe(FluxIterable.java:200)
api-gateway-1  | 2026-09-23T08:18:51.029704945Z 		at reactor.core.publisher.FluxIterable.subscribe(FluxIterable.java:82)
api-gateway-1  | 2026-09-23T08:18:51.029710435Z 		at reactor.core.publisher.InternalMonoOperator.subscribe(InternalMonoOperator.java:75)
api-gateway-1  | 2026-09-23T08:18:51.029714964Z 		at reactor.core.publisher.MonoDefer.subscribe(MonoDefer.java:54)
api-gateway-1  | 2026-09-23T08:18:51.029719653Z 		at reactor.core.publisher.InternalMonoOperator.subscribe(InternalMonoOperator.java:75)
api-gateway-1  | 2026-09-23T08:18:51.029724152Z 		at reactor.core.publisher.MonoDefer.subscribe(MonoDefer.java:54)
api-gateway-1  | 2026-09-23T08:18:51.029728531Z 		at reactor.core.publisher.InternalMonoOperator.subscribe(InternalMonoOperator.java:75)
api-gateway-1  | 2026-09-23T08:18:51.029732970Z 		at reactor.core.publisher.MonoTapRestoringThreadLocals.subscribe(MonoTapRestoringThreadLocals.java:78)
api-gateway-1  | 2026-09-23T08:18:51.029737709Z 		at reactor.core.publisher.Mono.subscribe(Mono.java:4569)
api-gateway-1  | 2026-09-23T08:18:51.029742278Z 		at reactor.core.publisher.MonoIgnoreThen$ThenIgnoreMain.subscribeNext(MonoIgnoreThen.java:268)
api-gateway-1  | 2026-09-23T08:18:51.029746937Z 		at reactor.core.publisher.MonoIgnoreThen.subscribe(MonoIgnoreThen.java:51)
api-gateway-1  | 2026-09-23T08:18:51.029751456Z 		at reactor.core.publisher.InternalMonoOperator.subscribe(InternalMonoOperator.java:75)
api-gateway-1  | 2026-09-23T08:18:51.029755894Z 		at reactor.core.publisher.MonoDeferContextual.subscribe(MonoDeferContextual.java:56)
api-gateway-1  | 2026-09-23T08:18:51.029760583Z 		at reactor.netty.http.server.HttpServer$HttpServerHandle.onStateChange(HttpServer.java:1344)
api-gateway-1  | 2026-09-23T08:18:51.029765062Z 		at reactor.netty.ReactorNetty$CompositeConnectionObserver.onStateChange(ReactorNetty.java:730)
api-gateway-1  | 2026-09-23T08:18:51.029769381Z 		at reactor.netty.transport.ServerTransport$ChildObserver.onStateChange(ServerTransport.java:489)
api-gateway-1  | 2026-09-23T08:18:51.029773639Z 		at reactor.netty.http.server.HttpServerOperations.handleDefaultHttpRequest(HttpServerOperations.java:863)
api-gateway-1  | 2026-09-23T08:18:51.029778208Z 		at reactor.netty.http.server.HttpServerOperations.onInboundNext(HttpServerOperations.java:789)
api-gateway-1  | 2026-09-23T08:18:51.029782737Z 		at reactor.netty.channel.ChannelOperationsHandler.channelRead(ChannelOperationsHandler.java:115)
api-gateway-1  | 2026-09-23T08:18:51.029787606Z 		at io.netty.channel.AbstractChannelHandlerContext.fireChannelRead(AbstractChannelHandlerContext.java:356)
api-gateway-1  | 2026-09-23T08:18:51.029793357Z 		at reactor.netty.http.server.HttpTrafficHandler.channelRead(HttpTrafficHandler.java:283)
api-gateway-1  | 2026-09-23T08:18:51.029798237Z 		at io.netty.channel.AbstractChannelHandlerContext.fireChannelRead(AbstractChannelHandlerContext.java:354)
api-gateway-1  | 2026-09-23T08:18:51.029802946Z 		at io.netty.channel.CombinedChannelDuplexHandler$DelegatingChannelHandlerContext.fireChannelRead(CombinedChannelDuplexHandler.java:434)
api-gateway-1  | 2026-09-23T08:18:51.029807375Z 		at io.netty.handler.codec.ByteToMessageDecoder.fireChannelRead(ByteToMessageDecoder.java:361)
api-gateway-1  | 2026-09-23T08:18:51.029811653Z 		at io.netty.handler.codec.ByteToMessageDecoder.channelRead(ByteToMessageDecoder.java:325)
api-gateway-1  | 2026-09-23T08:18:51.029824999Z 		at io.netty.channel.CombinedChannelDuplexHandler.channelRead(CombinedChannelDuplexHandler.java:249)
api-gateway-1  | 2026-09-23T08:18:51.029829628Z 		at io.netty.channel.AbstractChannelHandlerContext.fireChannelRead(AbstractChannelHandlerContext.java:354)
api-gateway-1  | 2026-09-23T08:18:51.029834538Z 		at io.netty.channel.DefaultChannelPipeline$HeadContext.channelRead(DefaultChannelPipeline.java:1429)
api-gateway-1  | 2026-09-23T08:18:51.029838967Z 		at io.netty.channel.DefaultChannelPipeline.fireChannelRead(DefaultChannelPipeline.java:918)
api-gateway-1  | 2026-09-23T08:18:51.029843515Z 		at io.netty.channel.epoll.AbstractEpollStreamChannel$EpollStreamUnsafe.epollInReady(AbstractEpollStreamChannel.java:804)
api-gateway-1  | 2026-09-23T08:18:51.029848175Z 		at io.netty.channel.epoll.AbstractEpollChannel$AbstractEpollUnsafe.handle(AbstractEpollChannel.java:482)
api-gateway-1  | 2026-09-23T08:18:51.029852774Z 		at io.netty.channel.epoll.EpollIoHandler$DefaultEpollIoRegistration.handle(EpollIoHandler.java:317)
api-gateway-1  | 2026-09-23T08:18:51.029857182Z 		at io.netty.channel.epoll.EpollIoHandler.processReady(EpollIoHandler.java:515)
api-gateway-1  | 2026-09-23T08:18:51.029861571Z 		at io.netty.channel.epoll.EpollIoHandler.run(EpollIoHandler.java:460)
api-gateway-1  | 2026-09-23T08:18:51.029866320Z 		at io.netty.channel.SingleThreadIoEventLoop.runIo(SingleThreadIoEventLoop.java:225)
api-gateway-1  | 2026-09-23T08:18:51.029870839Z 		at io.netty.channel.SingleThreadIoEventLoop.run(SingleThreadIoEventLoop.java:196)
api-gateway-1  | 2026-09-23T08:18:51.029875418Z 		at io.netty.util.concurrent.SingleThreadEventExecutor$5.run(SingleThreadEventExecutor.java:1195)
api-gateway-1  | 2026-09-23T08:18:51.029880217Z 		at io.netty.util.internal.ThreadExecutorMap$2.run(ThreadExecutorMap.java:74)
api-gateway-1  | 2026-09-23T08:18:51.029884836Z 		at io.netty.util.concurrent.FastThreadLocalRunnable.run(FastThreadLocalRunnable.java:30)
api-gateway-1  | 2026-09-23T08:18:51.029889525Z 		at java.base/java.lang.Thread.run(Thread.java:840)
api-gateway-1  | 2026-09-23T08:18:51.029893904Z 
api-gateway-1  | 2026-09-23T08:18:51.033238786Z 2026-09-23T08:18:51.032Z  WARN 1 --- [api-gateway] [r-http-epoll-11] [                                                 ] i.m.o.c.ObservationThreadLocalAccessor   : There is no current scope in thread local. This situation should not happen
api-gateway-1  | 2026-09-23T08:18:51.033649641Z 2026-09-23T08:18:51.033Z  WARN 1 --- [api-gateway] [r-http-epoll-11] [                                                 ] i.m.o.c.ObservationThreadLocalAccessor   : Observation <{name=http.server.requests(http get /api/gateway/owners/{ownerId}), error=org.springframework.web.reactive.function.client.WebClientResponseException$ServiceUnavailable: 503 Service Unavailable from UNKNOWN , context=name='http.server.requests', contextualName='http get /api/gateway/owners/{ownerId}', error='org.springframework.web.reactive.function.client.WebClientResponseException$ServiceUnavailable: 503 Service Unavailable from UNKNOWN ', lowCardinalityKeyValues=[exception='ServiceUnavailable', method='GET', outcome='SERVER_ERROR', status='500', uri='/api/gateway/owners/{ownerId}'], highCardinalityKeyValues=[http.url='/api/gateway/owners/6'], map=[class io.micrometer.tracing.handler.TracingObservationHandler$TracingContext='TracingContext{span=6ab38b6b00eca3ad207321fcbd1fe3d8/207321fcbd1fe3d8}', class io.micrometer.core.instrument.Timer$Sample='io.micrometer.core.instrument.Timer$Sample@36b93921', class io.micrometer.core.instrument.LongTaskTimer$Sample='SampleImpl{duration(seconds)=-1.0E-9, duration(nanos)=-1.0, startTimeNanos=1010319736696}'], parentObservation=null}> to which we're restoring is not the same as the one set as this scope's parent observation <null>. Most likely a manually created Observation has a scope opened that was never closed. This may lead to thread polluting and memory leaks.
api-gateway-1  | 2026-09-23T08:18:51.488269677Z 2026-09-23T08:18:51.487Z  INFO 1 --- [api-gateway] [reshExecutor-%d] [                                                 ] com.netflix.discovery.DiscoveryClient    : Disable delta property : false
api-gateway-1  | 2026-09-23T08:18:51.488464257Z 2026-09-23T08:18:51.488Z  INFO 1 --- [api-gateway] [reshExecutor-%d] [                                                 ] com.netflix.discovery.DiscoveryClient    : Single vip registry refresh property : null
api-gateway-1  | 2026-09-23T08:18:51.488778484Z 2026-09-23T08:18:51.488Z  INFO 1 --- [api-gateway] [reshExecutor-%d] [                                                 ] com.netflix.discovery.DiscoveryClient    : Force full registry fetch : false
api-gateway-1  | 2026-09-23T08:18:51.489022448Z 2026-09-23T08:18:51.488Z  INFO 1 --- [api-gateway] [reshExecutor-%d] [                                                 ] com.netflix.discovery.DiscoveryClient    : Application is null : false
api-gateway-1  | 2026-09-23T08:18:51.489069650Z 2026-09-23T08:18:51.488Z  INFO 1 --- [api-gateway] [reshExecutor-%d] [                                                 ] com.netflix.discovery.DiscoveryClient    : Registered Applications size is zero : true
api-gateway-1  | 2026-09-23T08:18:51.489355869Z 2026-09-23T08:18:51.489Z  INFO 1 --- [api-gateway] [reshExecutor-%d] [                                                 ] com.netflix.discovery.DiscoveryClient    : Application version is -1: false
api-gateway-1  | 2026-09-23T08:18:51.489504028Z 2026-09-23T08:18:51.489Z  INFO 1 --- [api-gateway] [reshExecutor-%d] [                                                 ] com.netflix.discovery.DiscoveryClient    : Getting all instance registry info from the eureka server
api-gateway-1  | 2026-09-23T08:18:51.506628576Z 2026-09-23T08:18:51.506Z  INFO 1 --- [api-gateway] [reshExecutor-%d] [                                                 ] com.netflix.discovery.DiscoveryClient    : The response status is 200
api-gateway-1  | 2026-09-23T08:18:54.056491174Z 2026-09-23T08:18:54.055Z  WARN 1 --- [api-gateway] [r-http-epoll-12] [6ab38b6e5b3d4cdcaddfebbf2af9b02f-addfebbf2af9b02f] i.m.o.c.ObservationThreadLocalAccessor   : Observation <{name=http.server.requests(null), error=null, context=name='http.server.requests', contextualName='null', error='null', lowCardinalityKeyValues=[exception='none', method='GET', outcome='SUCCESS', status='200', uri='UNKNOWN'], highCardinalityKeyValues=[http.url='/api/gateway/owners/6'], map=[class io.micrometer.tracing.handler.TracingObservationHandler$TracingContext='TracingContext{span=6ab38b6e5b3d4cdcaddfebbf2af9b02f/addfebbf2af9b02f}', class io.micrometer.core.instrument.Timer$Sample='io.micrometer.core.instrument.Timer$Sample@779363e6', class io.micrometer.core.instrument.LongTaskTimer$Sample='SampleImpl{duration(seconds)=0.003641324, duration(nanos)=3641324.0, startTimeNanos=1013352984071}'], parentObservation=null}> to which we're restoring is not the same as the one set as this scope's parent observation <null>. Most likely a manually created Observation has a scope opened that was never closed. This may lead to thread polluting and memory leaks.
api-gateway-1  | 2026-09-23T08:18:54.187793770Z 2026-09-23T08:18:54.187Z  WARN 1 --- [api-gateway] [r-http-epoll-12] [                                                 ] i.m.o.c.ObservationThreadLocalAccessor   : There is no current scope in thread local. This situation should not happen
api-gateway-1  | 2026-09-23T08:18:54.188560648Z 2026-09-23T08:18:54.188Z  WARN 1 --- [api-gateway] [r-http-epoll-12] [                                                 ] i.m.o.c.ObservationThreadLocalAccessor   : Observation <{name=http.server.requests(null), error=null, context=name='http.server.requests', contextualName='null', error='null', lowCardinalityKeyValues=[exception='none', method='GET', outcome='SUCCESS', status='200', uri='UNKNOWN'], highCardinalityKeyValues=[http.url='/api/gateway/owners/6'], map=[class io.micrometer.tracing.handler.TracingObservationHandler$TracingContext='TracingContext{span=6ab38b6e5b3d4cdcaddfebbf2af9b02f/addfebbf2af9b02f}', class io.micrometer.core.instrument.Timer$Sample='io.micrometer.core.instrument.Timer$Sample@779363e6', class io.micrometer.core.instrument.LongTaskTimer$Sample='SampleImpl{duration(seconds)=0.135923582, duration(nanos)=1.35923582E8, startTimeNanos=1013352984071}'], parentObservation=null}> to which we're restoring is not the same as the one set as this scope's parent observation <null>. Most likely a manually created Observation has a scope opened that was never closed. This may lead to thread polluting and memory leaks.
api-gateway-1  | 2026-09-23T08:18:54.338886279Z 2026-09-23T08:18:54.338Z  WARN 1 --- [api-gateway] [r-http-epoll-12] [6ab38b6e5b3d4cdcaddfebbf2af9b02f-addfebbf2af9b02f] i.m.o.c.ObservationThreadLocalAccessor   : Observation <{name=http.server.requests(null), error=null, context=name='http.server.requests', contextualName='null', error='null', lowCardinalityKeyValues=[exception='none', method='GET', outcome='SUCCESS', status='200', uri='UNKNOWN'], highCardinalityKeyValues=[http.url='/api/gateway/owners/6'], map=[class io.micrometer.tracing.handler.TracingObservationHandler$TracingContext='TracingContext{span=6ab38b6e5b3d4cdcaddfebbf2af9b02f/addfebbf2af9b02f}', class io.micrometer.core.instrument.Timer$Sample='io.micrometer.core.instrument.Timer$Sample@779363e6', class io.micrometer.core.instrument.LongTaskTimer$Sample='SampleImpl{duration(seconds)=0.286104838, duration(nanos)=2.86104838E8, startTimeNanos=1013352984071}'], parentObservation=null}> to which we're restoring is not the same as the one set as this scope's parent observation <null>. Most likely a manually created Observation has a scope opened that was never closed. This may lead to thread polluting and memory leaks.
api-gateway-1  | 2026-09-23T08:18:54.342225658Z 2026-09-23T08:18:54.341Z  WARN 1 --- [api-gateway] [r-http-epoll-12] [                                                 ] i.m.o.c.ObservationThreadLocalAccessor   : There is no current scope in thread local. This situation should not happen
api-gateway-1  | 2026-09-23T08:18:54.342635950Z 2026-09-23T08:18:54.342Z  WARN 1 --- [api-gateway] [r-http-epoll-12] [                                                 ] i.m.o.c.ObservationThreadLocalAccessor   : Observation <{name=http.server.requests(null), error=null, context=name='http.server.requests', contextualName='null', error='null', lowCardinalityKeyValues=[exception='none', method='GET', outcome='SUCCESS', status='200', uri='UNKNOWN'], highCardinalityKeyValues=[http.url='/api/gateway/owners/6'], map=[class io.micrometer.tracing.handler.TracingObservationHandler$TracingContext='TracingContext{span=6ab38b6e5b3d4cdcaddfebbf2af9b02f/addfebbf2af9b02f}', class io.micrometer.core.instrument.Timer$Sample='io.micrometer.core.instrument.Timer$Sample@779363e6', class io.micrometer.core.instrument.LongTaskTimer$Sample='SampleImpl{duration(seconds)=0.290122798, duration(nanos)=2.90122798E8, startTimeNanos=1013352984071}'], parentObservation=null}> to which we're restoring is not the same as the one set as this scope's parent observation <null>. Most likely a manually created Observation has a scope opened that was never closed. This may lead to thread polluting and memory leaks.
api-gateway-1  | 2026-09-23T08:18:54.342782186Z 2026-09-23T08:18:54.342Z  WARN 1 --- [api-gateway] [r-http-epoll-12] [                                                 ] i.m.o.c.ObservationThreadLocalAccessor   : There is no current scope in thread local. This situation should not happen
api-gateway-1  | 2026-09-23T08:18:54.343027564Z 2026-09-23T08:18:54.342Z  WARN 1 --- [api-gateway] [r-http-epoll-12] [                                                 ] i.m.o.c.ObservationThreadLocalAccessor   : Observation <{name=http.server.requests(null), error=null, context=name='http.server.requests', contextualName='null', error='null', lowCardinalityKeyValues=[exception='none', method='GET', outcome='SUCCESS', status='200', uri='UNKNOWN'], highCardinalityKeyValues=[http.url='/api/gateway/owners/6'], map=[class io.micrometer.tracing.handler.TracingObservationHandler$TracingContext='TracingContext{span=6ab38b6e5b3d4cdcaddfebbf2af9b02f/addfebbf2af9b02f}', class io.micrometer.core.instrument.Timer$Sample='io.micrometer.core.instrument.Timer$Sample@779363e6', class io.micrometer.core.instrument.LongTaskTimer$Sample='SampleImpl{duration(seconds)=0.290588899, duration(nanos)=2.90588899E8, startTimeNanos=1013352984071}'], parentObservation=null}> to which we're restoring is not the same as the one set as this scope's parent observation <null>. Most likely a manually created Observation has a scope opened that was never closed. This may lead to thread polluting and memory leaks.
api-gateway-1  | 2026-09-23T08:18:54.343046661Z 2026-09-23T08:18:54.342Z  WARN 1 --- [api-gateway] [r-http-epoll-12] [                                                 ] i.m.o.c.ObservationThreadLocalAccessor   : There is no current scope in thread local. This situation should not happen
api-gateway-1  | 2026-09-23T08:18:54.343315478Z 2026-09-23T08:18:54.343Z  WARN 1 --- [api-gateway] [r-http-epoll-12] [                                                 ] i.m.o.c.ObservationThreadLocalAccessor   : Observation <{name=http.server.requests(null), error=null, context=name='http.server.requests', contextualName='null', error='null', lowCardinalityKeyValues=[exception='none', method='GET', outcome='SUCCESS', status='200', uri='UNKNOWN'], highCardinalityKeyValues=[http.url='/api/gateway/owners/6'], map=[class io.micrometer.tracing.handler.TracingObservationHandler$TracingContext='TracingContext{span=6ab38b6e5b3d4cdcaddfebbf2af9b02f/addfebbf2af9b02f}', class io.micrometer.core.instrument.Timer$Sample='io.micrometer.core.instrument.Timer$Sample@779363e6', class io.micrometer.core.instrument.LongTaskTimer$Sample='SampleImpl{duration(seconds)=0.290897291, duration(nanos)=2.90897291E8, startTimeNanos=1013352984071}'], parentObservation=null}> to which we're restoring is not the same as the one set as this scope's parent observation <null>. Most likely a manually created Observation has a scope opened that was never closed. This may lead to thread polluting and memory leaks.
api-gateway-1  | 2026-09-23T08:18:54.343555908Z 2026-09-23T08:18:54.343Z  WARN 1 --- [api-gateway] [r-http-epoll-12] [                                                 ] i.m.o.c.ObservationThreadLocalAccessor   : There is no current scope in thread local. This situation should not happen
api-gateway-1  | 2026-09-23T08:18:54.343751931Z 2026-09-23T08:18:54.343Z  WARN 1 --- [api-gateway] [r-http-epoll-12] [                                                 ] i.m.o.c.ObservationThreadLocalAccessor   : Observation <{name=http.server.requests(null), error=null, context=name='http.server.requests', contextualName='null', error='null', lowCardinalityKeyValues=[exception='none', method='GET', outcome='SUCCESS', status='200', uri='UNKNOWN'], highCardinalityKeyValues=[http.url='/api/gateway/owners/6'], map=[class io.micrometer.tracing.handler.TracingObservationHandler$TracingContext='TracingContext{span=6ab38b6e5b3d4cdcaddfebbf2af9b02f/addfebbf2af9b02f}', class io.micrometer.core.instrument.Timer$Sample='io.micrometer.core.instrument.Timer$Sample@779363e6', class io.micrometer.core.instrument.LongTaskTimer$Sample='SampleImpl{duration(seconds)=0.29137762, duration(nanos)=2.9137762E8, startTimeNanos=1013352984071}'], parentObservation=null}> to which we're restoring is not the same as the one set as this scope's parent observation <null>. Most likely a manually created Observation has a scope opened that was never closed. This may lead to thread polluting and memory leaks.
api-gateway-1  | 2026-09-23T08:18:54.454115953Z 2026-09-23T08:18:54.453Z  WARN 1 --- [api-gateway] [or-http-epoll-1] [6ab38b6ed8661089d117b88c4b089062-d117b88c4b089062] i.m.o.c.ObservationThreadLocalAccessor   : Observation <{name=http.server.requests(null), error=null, context=name='http.server.requests', contextualName='null', error='null', lowCardinalityKeyValues=[exception='none', method='GET', outcome='SUCCESS', status='200', uri='UNKNOWN'], highCardinalityKeyValues=[http.url='/api/gateway/owners/6'], map=[class io.micrometer.tracing.handler.TracingObservationHandler$TracingContext='TracingContext{span=6ab38b6ed8661089d117b88c4b089062/d117b88c4b089062}', class io.micrometer.core.instrument.Timer$Sample='io.micrometer.core.instrument.Timer$Sample@e4bbe30', class io.micrometer.core.instrument.LongTaskTimer$Sample='SampleImpl{duration(seconds)=0.004291435, duration(nanos)=4291435.0, startTimeNanos=1013750178879}'], parentObservation=null}> to which we're restoring is not the same as the one set as this scope's parent observation <null>. Most likely a manually created Observation has a scope opened that was never closed. This may lead to thread polluting and memory leaks.
api-gateway-1  | 2026-09-23T08:18:54.455586956Z 2026-09-23T08:18:54.455Z  WARN 1 --- [api-gateway] [or-http-epoll-1] [                                                 ] i.m.o.c.ObservationThreadLocalAccessor   : There is no current scope in thread local. This situation should not happen
api-gateway-1  | 2026-09-23T08:18:54.455953832Z 2026-09-23T08:18:54.455Z  WARN 1 --- [api-gateway] [or-http-epoll-1] [                                                 ] i.m.o.c.ObservationThreadLocalAccessor   : Observation <{name=http.server.requests(null), error=null, context=name='http.server.requests', contextualName='null', error='null', lowCardinalityKeyValues=[exception='none', method='GET', outcome='SUCCESS', status='200', uri='UNKNOWN'], highCardinalityKeyValues=[http.url='/api/gateway/owners/6'], map=[class io.micrometer.tracing.handler.TracingObservationHandler$TracingContext='TracingContext{span=6ab38b6ed8661089d117b88c4b089062/d117b88c4b089062}', class io.micrometer.core.instrument.Timer$Sample='io.micrometer.core.instrument.Timer$Sample@e4bbe30', class io.micrometer.core.instrument.LongTaskTimer$Sample='SampleImpl{duration(seconds)=0.006239972, duration(nanos)=6239972.0, startTimeNanos=1013750178879}'], parentObservation=null}> to which we're restoring is not the same as the one set as this scope's parent observation <null>. Most likely a manually created Observation has a scope opened that was never closed. This may lead to thread polluting and memory leaks.
api-gateway-1  | 2026-09-23T08:18:54.473523538Z 2026-09-23T08:18:54.473Z  WARN 1 --- [api-gateway] [r-http-epoll-12] [6ab38b6ed8661089d117b88c4b089062-d117b88c4b089062] i.m.o.c.ObservationThreadLocalAccessor   : Observation <{name=http.server.requests(null), error=null, context=name='http.server.requests', contextualName='null', error='null', lowCardinalityKeyValues=[exception='none', method='GET', outcome='SUCCESS', status='200', uri='UNKNOWN'], highCardinalityKeyValues=[http.url='/api/gateway/owners/6'], map=[class io.micrometer.tracing.handler.TracingObservationHandler$TracingContext='TracingContext{span=6ab38b6ed8661089d117b88c4b089062/d117b88c4b089062}', class io.micrometer.core.instrument.Timer$Sample='io.micrometer.core.instrument.Timer$Sample@e4bbe30', class io.micrometer.core.instrument.LongTaskTimer$Sample='SampleImpl{duration(seconds)=0.023603502, duration(nanos)=2.3603502E7, startTimeNanos=1013750178879}'], parentObservation=null}> to which we're restoring is not the same as the one set as this scope's parent observation <null>. Most likely a manually created Observation has a scope opened that was never closed. This may lead to thread polluting and memory leaks.
api-gateway-1  | 2026-09-23T08:18:54.473586010Z 2026-09-23T08:18:54.473Z  WARN 1 --- [api-gateway] [r-http-epoll-12] [                                                 ] i.m.o.c.ObservationThreadLocalAccessor   : There is no current scope in thread local. This situation should not happen
api-gateway-1  | 2026-09-23T08:18:54.473709502Z 2026-09-23T08:18:54.473Z  WARN 1 --- [api-gateway] [r-http-epoll-12] [                                                 ] i.m.o.c.ObservationThreadLocalAccessor   : Observation <{name=http.server.requests(null), error=null, context=name='http.server.requests', contextualName='null', error='null', lowCardinalityKeyValues=[exception='none', method='GET', outcome='SUCCESS', status='200', uri='UNKNOWN'], highCardinalityKeyValues=[http.url='/api/gateway/owners/6'], map=[class io.micrometer.tracing.handler.TracingObservationHandler$TracingContext='TracingContext{span=6ab38b6ed8661089d117b88c4b089062/d117b88c4b089062}', class io.micrometer.core.instrument.Timer$Sample='io.micrometer.core.instrument.Timer$Sample@e4bbe30', class io.micrometer.core.instrument.LongTaskTimer$Sample='SampleImpl{duration(seconds)=0.024127155, duration(nanos)=2.4127155E7, startTimeNanos=1013750178879}'], parentObservation=null}> to which we're restoring is not the same as the one set as this scope's parent observation <null>. Most likely a manually created Observation has a scope opened that was never closed. This may lead to thread polluting and memory leaks.
api-gateway-1  | 2026-09-23T08:18:54.473725593Z 2026-09-23T08:18:54.473Z  WARN 1 --- [api-gateway] [r-http-epoll-12] [                                                 ] i.m.o.c.ObservationThreadLocalAccessor   : There is no current scope in thread local. This situation should not happen
api-gateway-1  | 2026-09-23T08:18:54.473958336Z 2026-09-23T08:18:54.473Z  WARN 1 --- [api-gateway] [r-http-epoll-12] [                                                 ] i.m.o.c.ObservationThreadLocalAccessor   : Observation <{name=http.server.requests(null), error=null, context=name='http.server.requests', contextualName='null', error='null', lowCardinalityKeyValues=[exception='none', method='GET', outcome='SUCCESS', status='200', uri='UNKNOWN'], highCardinalityKeyValues=[http.url='/api/gateway/owners/6'], map=[class io.micrometer.tracing.handler.TracingObservationHandler$TracingContext='TracingContext{span=6ab38b6ed8661089d117b88c4b089062/d117b88c4b089062}', class io.micrometer.core.instrument.Timer$Sample='io.micrometer.core.instrument.Timer$Sample@e4bbe30', class io.micrometer.core.instrument.LongTaskTimer$Sample='SampleImpl{duration(seconds)=0.024391722, duration(nanos)=2.4391722E7, startTimeNanos=1013750178879}'], parentObservation=null}> to which we're restoring is not the same as the one set as this scope's parent observation <null>. Most likely a manually created Observation has a scope opened that was never closed. This may lead to thread polluting and memory leaks.
api-gateway-1  | 2026-09-23T08:18:54.475608300Z 2026-09-23T08:18:54.475Z  WARN 1 --- [api-gateway] [r-http-epoll-12] [                                                 ] i.m.o.c.ObservationThreadLocalAccessor   : There is no current scope in thread local. This situation should not happen
api-gateway-1  | 2026-09-23T08:18:54.476081967Z 2026-09-23T08:18:54.475Z  WARN 1 --- [api-gateway] [r-http-epoll-12] [                                                 ] i.m.o.c.ObservationThreadLocalAccessor   : Observation <{name=http.server.requests(null), error=null, context=name='http.server.requests', contextualName='null', error='null', lowCardinalityKeyValues=[exception='none', method='GET', outcome='SUCCESS', status='200', uri='UNKNOWN'], highCardinalityKeyValues=[http.url='/api/gateway/owners/6'], map=[class io.micrometer.tracing.handler.TracingObservationHandler$TracingContext='TracingContext{span=6ab38b6ed8661089d117b88c4b089062/d117b88c4b089062}', class io.micrometer.core.instrument.Timer$Sample='io.micrometer.core.instrument.Timer$Sample@e4bbe30', class io.micrometer.core.instrument.LongTaskTimer$Sample='SampleImpl{duration(seconds)=0.026440915, duration(nanos)=2.6440915E7, startTimeNanos=1013750178879}'], parentObservation=null}> to which we're restoring is not the same as the one set as this scope's parent observation <null>. Most likely a manually created Observation has a scope opened that was never closed. This may lead to thread polluting and memory leaks.
api-gateway-1  | 2026-09-23T08:18:54.476228433Z 2026-09-23T08:18:54.476Z  WARN 1 --- [api-gateway] [r-http-epoll-12] [                                                 ] i.m.o.c.ObservationThreadLocalAccessor   : There is no current scope in thread local. This situation should not happen
api-gateway-1  | 2026-09-23T08:18:54.476601980Z 2026-09-23T08:18:54.476Z  WARN 1 --- [api-gateway] [r-http-epoll-12] [                                                 ] i.m.o.c.ObservationThreadLocalAccessor   : Observation <{name=http.server.requests(null), error=null, context=name='http.server.requests', contextualName='null', error='null', lowCardinalityKeyValues=[exception='none', method='GET', outcome='SUCCESS', status='200', uri='UNKNOWN'], highCardinalityKeyValues=[http.url='/api/gateway/owners/6'], map=[class io.micrometer.tracing.handler.TracingObservationHandler$TracingContext='TracingContext{span=6ab38b6ed8661089d117b88c4b089062/d117b88c4b089062}', class io.micrometer.core.instrument.Timer$Sample='io.micrometer.core.instrument.Timer$Sample@e4bbe30', class io.micrometer.core.instrument.LongTaskTimer$Sample='SampleImpl{duration(seconds)=0.027014335, duration(nanos)=2.7014335E7, startTimeNanos=1013750178879}'], parentObservation=null}> to which we're restoring is not the same as the one set as this scope's parent observation <null>. Most likely a manually created Observation has a scope opened that was never closed. This may lead to thread polluting and memory leaks.
api-gateway-1  | 2026-09-23T08:18:54.476616078Z 2026-09-23T08:18:54.476Z  WARN 1 --- [api-gateway] [r-http-epoll-12] [                                                 ] i.m.o.c.ObservationThreadLocalAccessor   : There is no current scope in thread local. This situation should not happen
api-gateway-1  | 2026-09-23T08:18:54.476921902Z 2026-09-23T08:18:54.476Z  WARN 1 --- [api-gateway] [r-http-epoll-12] [                                                 ] i.m.o.c.ObservationThreadLocalAccessor   : Observation <{name=http.server.requests(null), error=null, context=name='http.server.requests', contextualName='null', error='null', lowCardinalityKeyValues=[exception='none', method='GET', outcome='SUCCESS', status='200', uri='UNKNOWN'], highCardinalityKeyValues=[http.url='/api/gateway/owners/6'], map=[class io.micrometer.tracing.handler.TracingObservationHandler$TracingContext='TracingContext{span=6ab38b6ed8661089d117b88c4b089062/d117b88c4b089062}', class io.micrometer.core.instrument.Timer$Sample='io.micrometer.core.instrument.Timer$Sample@e4bbe30', class io.micrometer.core.instrument.LongTaskTimer$Sample='SampleImpl{duration(seconds)=0.027280275, duration(nanos)=2.7280275E7, startTimeNanos=1013750178879}'], parentObservation=null}> to which we're restoring is not the same as the one set as this scope's parent observation <null>. Most likely a manually created Observation has a scope opened that was never closed. This may lead to thread polluting and memory leaks.
api-gateway-1  | 2026-09-23T08:18:54.477038450Z 2026-09-23T08:18:54.476Z  WARN 1 --- [api-gateway] [r-http-epoll-12] [                                                 ] i.m.o.c.ObservationThreadLocalAccessor   : There is no current scope in thread local. This situation should not happen
api-gateway-1  | 2026-09-23T08:18:54.477435561Z 2026-09-23T08:18:54.477Z  WARN 1 --- [api-gateway] [r-http-epoll-12] [                                                 ] i.m.o.c.ObservationThreadLocalAccessor   : Observation <{name=http.server.requests(null), error=null, context=name='http.server.requests', contextualName='null', error='null', lowCardinalityKeyValues=[exception='none', method='GET', outcome='SUCCESS', status='200', uri='UNKNOWN'], highCardinalityKeyValues=[http.url='/api/gateway/owners/6'], map=[class io.micrometer.tracing.handler.TracingObservationHandler$TracingContext='TracingContext{span=6ab38b6ed8661089d117b88c4b089062/d117b88c4b089062}', class io.micrometer.core.instrument.Timer$Sample='io.micrometer.core.instrument.Timer$Sample@e4bbe30', class io.micrometer.core.instrument.LongTaskTimer$Sample='SampleImpl{duration(seconds)=0.027757237, duration(nanos)=2.7757237E7, startTimeNanos=1013750178879}'], parentObservation=null}> to which we're restoring is not the same as the one set as this scope's parent observation <null>. Most likely a manually created Observation has a scope opened that was never closed. This may lead to thread polluting and memory leaks.
